image_path,true_label,predicted_label,confidence,normalized_true,correct,void_score,uncertainty_score,density_score,outlier_score,dominant_component,LID,void_norm,bonus,LID_norm,w_final,aug_times,image_idx,filename
Tomato___Bacterial_spot/1.jpg,Tomato___Bacterial_spot,Tomato_Bacterial_spot,0.5017,Tomato_Bacterial_spot,True,2.32450594797381,0.6039983900270942,0.3516557489157281,0.4897244819761154,uncertainty_score,16.423697899773874,0.5427053448318591,0.5,0.159960777520549,2.825351855944542,6,1,1.jpg
Tomato___Bacterial_spot/2.jpg,Tomato___Bacterial_spot,Tomato_Tomato_yellow_Leaf_Curl_Virus,0.2606,Tomato_Bacterial_spot,False,2.634871090522449,0.9068496780534492,0.3004598576081279,0.6159625542880227,uncertainty_score,27.849660322534124,0.8640160865817872,0.5,0.312048501522812,3.696104925447792,12,2,2.jpg
Tomato___Bacterial_spot/3.jpg,Tomato___Bacterial_spot,Tomato_Bacterial_spot,0.7059,Tomato_Bacterial_spot,True,1.9375376602536245,0.346787410201042,0.3650160877366455,0.5313285475220682,outlier_score,35.59653454499451,0.1420899067061461,0.7,0.415164932772301,2.606927212570744,3,3,3.jpg
Tomato___Bacterial_spot/4.jpg,Tomato___Bacterial_spot,Tomato_Early_blight,0.3883,Tomato_Bacterial_spot,False,2.4236254916489823,0.7535515575202132,0.1508290045433221,0.223831324458503,uncertainty_score,30.89921056911995,0.6453205220346048,0.5,0.3526401942899702,3.319601335504165,12,4,4.jpg
Tomato___Bacterial_spot/5.jpg,Tomato___Bacterial_spot,Tomato_Bacterial_spot,0.7095,Tomato_Bacterial_spot,True,2.1118471302391977,0.3511574950009779,0.4773128352681901,0.4072731210298315,density_score,23.35714628032541,0.322546721653798,1.2,0.2522499295997414,3.2234683377072084,12,5,5.jpg
Tomato___Bacterial_spot/6.jpg,Tomato___Bacterial_spot,Tomato_Bacterial_spot,0.2299,Tomato_Bacterial_spot,True,2.542653252561193,0.9406400447730304,0.2309991229199502,0.3991040470542643,uncertainty_score,18.36354378856597,0.7685460164747283,0.5,0.1857815123720702,3.315764301507562,12,6,6.jpg
Tomato___Bacterial_spot/7.jpg,Tomato___Bacterial_spot,Tomato_Leaf_Mold,0.2672,Tomato_Bacterial_spot,False,2.5119105979627694,0.8956719379461408,0.2107409387083294,0.4992749020293691,uncertainty_score,16.95076150360995,0.7367191654589662,0.5,0.1669763706886293,3.223902886950877,12,7,7.jpg
Tomato___Bacterial_spot/8.jpg,Tomato___Bacterial_spot,Tomato_Bacterial_spot,0.6662,Tomato_Bacterial_spot,True,1.8066742679427668,0.4078675122645161,0.2218318067510506,0.3811735582359832,uncertainty_score,21.18533030992814,0.006611375496012,0.5,0.2233415072132365,1.8482350118118789,0,8,8.jpg
Tomato___Bacterial_spot/9.jpg,Tomato___Bacterial_spot,Tomato_Bacterial_spot,0.6554,Tomato_Bacterial_spot,True,1.875858829832221,0.4096625123483843,0.2586381561468407,0.4302950878599241,outlier_score,11.707104643251093,0.0782358585671436,0.7,0.0971795511443747,2.0022410438508493,0,9,9.jpg
Tomato___Bacterial_spot/10.jpg,Tomato___Bacterial_spot,Tomato_Early_blight,0.4203,Tomato_Bacterial_spot,False,2.4494828752539703,0.7108203287823593,0.3146760713632172,0.4733505303608762,uncertainty_score,24.378303800858347,0.6720898139647676,0.5,0.2658422658423572,3.242943026693071,12,10,10.jpg
Tomato___Bacterial_spot/11.jpg,Tomato___Bacterial_spot,Tomato_Bacterial_spot,0.4131,Tomato_Bacterial_spot,True,2.1467643668631524,0.7126723739866271,0.1804675486386074,0.4844464283013686,uncertainty_score,17.18896665644775,0.35869537902998,0.5,0.1701470514768443,2.472611335275227,3,11,11.jpg
Tomato___Bacterial_spot/12.jpg,Tomato___Bacterial_spot,Tomato_Bacterial_spot,0.6259,Tomato_Bacterial_spot,True,2.06580436172656,0.4508847055307978,0.2269858691107268,0.3418323416254316,uncertainty_score,30.09065719090448,0.2748801699865228,0.5,0.3418777710929381,2.562576996612453,3,12,12.jpg
Tomato___Bacterial_spot/13.jpg,Tomato___Bacterial_spot,Tomato_Bacterial_spot,0.7965,Tomato_Bacterial_spot,True,1.816365064094068,0.2389061465156626,0.2551280129944813,0.3393923939725853,outlier_score,25.76871084514802,0.0166439354476631,0.7,0.2843495770848219,2.1598122365225594,0,13,13.jpg
Tomato___Bacterial_spot/14.jpg,Tomato___Bacterial_spot,Tomato_Bacterial_spot,0.6165,Tomato_Bacterial_spot,True,2.1212190717814687,0.4657622502733474,0.2814980468137633,0.5021951147420205,outlier_score,37.999527929809865,0.3322491820005238,0.7,0.4471504917271477,3.035224101591769,6,14,14.jpg
Tomato___Bacterial_spot/15.jpg,Tomato___Bacterial_spot,Tomato_Bacterial_spot,0.8452,Tomato_Bacterial_spot,True,1.814273767869261,0.1827115304370816,0.2891787605119817,0.3641556810180139,outlier_score,22.089224226676677,0.0144788858042218,0.7,0.2353729811015049,2.082017243260701,0,15,15.jpg
Tomato___Bacterial_spot/16.jpg,Tomato___Bacterial_spot,Tomato_Bacterial_spot,0.4401,Tomato_Bacterial_spot,True,2.199651476423995,0.6789162934534001,0.1269265523500825,0.2741819905106699,uncertainty_score,22.278678908133383,0.4134476500564887,0.5,0.2378947582821237,2.683737437536163,3,16,16.jpg
Tomato___Bacterial_spot/17.jpg,Tomato___Bacterial_spot,Tomato_Bacterial_spot,0.4252,Tomato_Bacterial_spot,True,2.1671264378319304,0.6969548176784011,0.2057048920822712,0.2534154644911249,uncertainty_score,21.90327653455315,0.3797755559880525,0.5,0.2328978844547483,2.6088979386582274,3,17,17.jpg
Tomato___Bacterial_spot/18.jpg,Tomato___Bacterial_spot,Tomato_Bacterial_spot,0.7295,Tomato_Bacterial_spot,True,1.904614191754528,0.324126310014958,0.2835225362386047,0.2516194768536809,uncertainty_score,27.06461518454229,0.1080053313651275,0.5,0.3015989898004221,2.1684091474308884,0,18,18.jpg
Tomato___Bacterial_spot/19.jpg,Tomato___Bacterial_spot,Tomato_Early_blight,0.3211,Tomato_Bacterial_spot,False,2.456312517412682,0.8255037058268857,0.2791472973531052,0.2942529389065448,uncertainty_score,42.86952430090216,0.6791603160510589,0.5,0.5119736231688649,3.626281066855415,12,19,19.jpg
Tomato___Bacterial_spot/20.jpg,Tomato___Bacterial_spot,Tomato_Early_blight,0.5256,Tomato_Bacterial_spot,False,2.250108509739912,0.5743528094389281,0.2409724170029926,0.3813142138915175,uncertainty_score,36.14571626540204,0.4656841437171689,0.5,0.4224749338759323,3.065080688248236,6,20,20.jpg
Tomato___Bacterial_spot/21.jpg,Tomato___Bacterial_spot,Tomato_Bacterial_spot,0.7519,Tomato_Bacterial_spot,True,1.8899675898232595,0.2942658496209345,0.3561888090437907,0.4085989164731857,outlier_score,28.55604998015077,0.0928421900020013,0.7,0.3214510525999667,2.367860958903953,3,21,21.jpg
Tomato___Bacterial_spot/22.jpg,Tomato___Bacterial_spot,Tomato_Bacterial_spot,0.7064,Tomato_Bacterial_spot,True,2.1309611580941663,0.3435490651213646,0.4971890274011705,0.4375403262732569,density_score,22.02357681760635,0.3423348409557143,1.2,0.2344991671799517,3.236418432681356,12,22,22.jpg
Tomato___Bacterial_spot/23.jpg,Tomato___Bacterial_spot,Tomato_Bacterial_spot,0.5988,Tomato_Bacterial_spot,True,1.9928501881424536,0.4808690099944972,0.2861929761510757,0.2685409630965541,uncertainty_score,28.555858564787908,0.1993531329115118,0.5,0.3214485047247157,2.380879022910097,3,23,23.jpg
Tomato___Bacterial_spot/24.jpg,Tomato___Bacterial_spot,Tomato_Bacterial_spot,0.6864,Tomato_Bacterial_spot,True,1.9821821422976085,0.3699279997475827,0.2717343098471233,0.4051585074438995,outlier_score,20.64966293858513,0.1883088587533974,0.7,0.2162113917520173,2.400934805134821,3,24,24.jpg
Tomato___Bacterial_spot/25.jpg,Tomato___Bacterial_spot,Tomato_Bacterial_spot,0.4015,Tomato_Bacterial_spot,True,2.338151258534354,0.7342227199630655,0.4181172357244621,0.6303443857409285,uncertainty_score,24.77211092852143,0.5568318824372519,0.5,0.2710841200972636,3.0202899450204,6,25,25.jpg
Tomato___Bacterial_spot/26.jpg,Tomato___Bacterial_spot,Tomato_Bacterial_spot,0.3742,Tomato_Bacterial_spot,True,2.269843947298077,0.7582447009553654,0.1555379778777843,0.4020424808883983,uncertainty_score,35.645236958843576,0.4861155878816168,0.5,0.4158131966998075,3.095950970812945,12,26,26.jpg
Tomato___Bacterial_spot/27.jpg,Tomato___Bacterial_spot,Tomato_Bacterial_spot,0.5595,Tomato_Bacterial_spot,True,2.127404055418948,0.531986167001659,0.2650912740527553,0.291896382099385,uncertainty_score,32.466884627812455,0.3386522904937986,0.5,0.373507056156153,2.7375651652218265,6,27,27.jpg
Tomato___Bacterial_spot/28.jpg,Tomato___Bacterial_spot,Tomato_Bacterial_spot,0.5926,Tomato_Bacterial_spot,True,2.18688273106057,0.4848185717630939,0.3338851309100148,0.3726333826802057,uncertainty_score,22.678053288608915,0.4002285913366613,0.5,0.2432107166499147,2.6652732576481943,3,28,28.jpg
Tomato___Bacterial_spot/29.jpg,Tomato___Bacterial_spot,Tomato_Bacterial_spot,0.6644,Tomato_Bacterial_spot,True,1.837068933966311,0.4084265101088461,0.1956340836780284,0.2856615677365835,uncertainty_score,13.153007497543037,0.0380779654779584,0.5,0.1164255512712081,1.7507942578627291,0,29,29.jpg
Tomato___Bacterial_spot/30.jpg,Tomato___Bacterial_spot,Tomato_Bacterial_spot,0.4371,Tomato_Bacterial_spot,True,2.1669243551361896,0.6836885759092102,0.0367172333434294,0.1464005608684425,uncertainty_score,16.04798162745251,0.3795663464733175,0.5,0.1549597254766402,2.491572281161595,3,30,30.jpg
Tomato___Bacterial_spot/31.jpg,Tomato___Bacterial_spot,Tomato_Bacterial_spot,0.3563,Tomato_Bacterial_spot,True,2.299400403852588,0.7871518723619865,0.1500064104752799,0.3275903097163463,uncertainty_score,19.262455971665037,0.5167144073915788,0.5,0.1977466758258823,2.8300488285219814,6,31,31.jpg
Tomato___Bacterial_spot/32.jpg,Tomato___Bacterial_spot,Tomato_Bacterial_spot,0.529,Tomato_Bacterial_spot,True,2.203434836518622,0.5633478303309645,0.1505822269949971,0.2692672963380926,uncertainty_score,19.39338459733011,0.4173644373230263,0.5,0.1994894293854845,2.6339630187242795,3,32,32.jpg
Tomato___Bacterial_spot/33.jpg,Tomato___Bacterial_spot,Tomato_Bacterial_spot,0.6981,Tomato_Bacterial_spot,True,2.0296444669407654,0.3586134104654298,0.4570525992119456,0.681376413313324,outlier_score,24.8707921953889,0.2374450298164178,0.7,0.2723976382696705,2.5834865170373416,3,33,33.jpg
Tomato___Bacterial_spot/34.jpg,Tomato___Bacterial_spot,Tomato_Bacterial_spot,0.769,Tomato_Bacterial_spot,True,1.932275309581721,0.2676723307594308,0.4189347616179918,0.514917590579062,outlier_score,35.834821125363575,0.1366419695317175,0.7,0.4183366974191392,2.6007889851921435,3,34,34.jpg
Tomato___Bacterial_spot/35.jpg,Tomato___Bacterial_spot,Tomato_Early_blight,0.2548,Tomato_Bacterial_spot,False,2.443219232608916,0.9057078889337418,0.1642289860306528,0.231738704312877,uncertainty_score,32.435760235986244,0.6656052724089341,0.5,0.3730927682617369,3.3908496972104736,12,35,35.jpg
Tomato___Bacterial_spot/36.jpg,Tomato___Bacterial_spot,Tomato_Bacterial_spot,0.4332,Tomato_Bacterial_spot,True,2.146731816647912,0.6894591479720128,0.1519716045446063,0.2085295344090887,uncertainty_score,14.542110779115855,0.3586616808713622,0.5,0.1349155085003383,2.4196966244932314,3,36,36.jpg
Tomato___Bacterial_spot/37.jpg,Tomato___Bacterial_spot,Tomato_Bacterial_spot,0.6461,Tomato_Bacterial_spot,True,1.9105553271160312,0.4309310317844032,0.1459976644278222,0.2364000737475681,uncertainty_score,12.72085480840717,0.1141559918232108,0.5,0.1106732901941711,1.8943219189376783,0,37,37.jpg
Tomato___Bacterial_spot/38.jpg,Tomato___Bacterial_spot,Tomato_Bacterial_spot,0.7338,Tomato_Bacterial_spot,True,1.9226596839230288,0.310760460962997,0.3003948851102217,0.3610592735176381,outlier_score,27.48486270413568,0.1266872310987447,0.7,0.3071927845642871,2.4141636390439203,3,38,38.jpg
Tomato___Bacterial_spot/39.jpg,Tomato___Bacterial_spot,Tomato_Bacterial_spot,0.597,Tomato_Bacterial_spot,True,2.002601972780928,0.4840475759259838,0.3359082177745828,0.5008002640081908,outlier_score,23.867142870611385,0.2094488322218257,0.7,0.259038348622633,2.507455187377601,3,39,39.jpg
Tomato___Bacterial_spot/40.jpg,Tomato___Bacterial_spot,Tomato_Bacterial_spot,0.4182,Tomato_Bacterial_spot,True,2.37686870134466,0.7064265983366619,0.2306865847485943,0.1364259213503688,uncertainty_score,25.56212058451705,0.5969147672801925,0.5,0.2815997131015647,3.1162291042127324,12,40,40.jpg
Tomato___Bacterial_spot/41.jpg,Tomato___Bacterial_spot,Tomato_Bacterial_spot,0.3677,Tomato_Bacterial_spot,True,2.338343662155457,0.7739510994744977,0.1648795953102527,0.1938150155181615,uncertainty_score,19.61298331031701,0.5570310715269301,0.5,0.2024124451644857,2.9176808108005887,6,41,41.jpg
Tomato___Bacterial_spot/42.jpg,Tomato___Bacterial_spot,Tomato_Bacterial_spot,0.7577,Tomato_Bacterial_spot,True,1.8491605599462209,0.2898320693627284,0.350370419651883,0.5420221121691913,outlier_score,25.04814582217022,0.050596024950306,0.7,0.2747583417660331,2.213329562549662,0,42,42.jpg
Tomato___Bacterial_spot/43.jpg,Tomato___Bacterial_spot,Tomato_Bacterial_spot,0.6462,Tomato_Bacterial_spot,True,1.9687647823703749,0.418412140206561,0.5222950201360257,0.7706220570424449,outlier_score,14.993184812375873,0.1744183108808393,0.7,0.1409196261874735,2.2602160610428883,0,43,43.jpg
Tomato___Bacterial_spot/44.jpg,Tomato___Bacterial_spot,Tomato_Bacterial_spot,0.3949,Tomato_Bacterial_spot,True,2.2454477991861523,0.723666490876069,0.1059070359503345,0.1157768690276881,uncertainty_score,18.88689936619168,0.4608590646093385,0.5,0.1927477490618068,2.710839752811387,6,44,44.jpg
Tomato___Bacterial_spot/45.jpg,Tomato___Bacterial_spot,Tomato_Bacterial_spot,0.7076,Tomato_Bacterial_spot,True,1.8600803449843952,0.3614567993682475,0.1449594246932141,0.2956476343404565,uncertainty_score,15.20992292575004,0.0619009163487197,0.5,0.1438045653416544,1.8395086807099208,0,45,45.jpg
Tomato___Bacterial_spot/46.jpg,Tomato___Bacterial_spot,Tomato_Bacterial_spot,0.7099,Tomato_Bacterial_spot,True,1.8771752073698504,0.3426462448091342,0.3839589179011212,0.6213963509629556,outlier_score,14.001018820967918,0.0795986605866145,0.7,0.1277131879127332,2.050767103042329,0,46,46.jpg
Tomato___Bacterial_spot/47.jpg,Tomato___Bacterial_spot,Tomato_Bacterial_spot,0.5018,Tomato_Bacterial_spot,True,1.9948372342941445,0.6002863192131144,0.3856929387879019,0.6524694641519053,outlier_score,15.868200997682733,0.2014102559107258,0.7,0.1525667168363427,2.331670587075965,3,47,47.jpg
Tomato___Bacterial_spot/48.jpg,Tomato___Bacterial_spot,Tomato_Tomato_yellow_Leaf_Curl_Virus,0.3374,Tomato_Bacterial_spot,False,2.2977535848928605,0.8135643542481288,0.1054117552768594,0.2143876052342475,uncertainty_score,14.918638573827542,0.5150095103237807,0.5,0.1399273624871167,2.739910064378236,6,48,48.jpg
Tomato___Bacterial_spot/49.jpg,Tomato___Bacterial_spot,Tomato_Tomato_yellow_Leaf_Curl_Virus,0.5059,Tomato_Bacterial_spot,False,2.1698459210589967,0.5967525513467046,0.1376609460204718,0.6361767864034944,outlier_score,31.90911935137512,0.38259094680704,0.7,0.3660828017885849,3.014306096296957,6,49,49.jpg
Tomato___Bacterial_spot/50.jpg,Tomato___Bacterial_spot,Tomato_Bacterial_spot,0.585,Tomato_Bacterial_spot,True,2.1199136731802,0.4911762947672112,0.2847373094634565,0.3102500511808421,uncertainty_score,20.89248502291912,0.3308977461098543,0.5,0.2194435271973673,2.49096078301576,3,50,50.jpg
Tomato___Bacterial_spot/51.jpg,Tomato___Bacterial_spot,Tomato_Leaf_Mold,0.3007,Tomato_Bacterial_spot,False,2.477229394974186,0.844699684411911,0.2530846553215028,0.2798623125167876,uncertainty_score,12.36293090968757,0.7008148658796565,0.5,0.1059090673560279,3.060493332793355,6,51,51.jpg
Tomato___Bacterial_spot/52.jpg,Tomato___Bacterial_spot,Tomato_Leaf_Mold,0.4461,Tomato_Bacterial_spot,False,2.4273883881841227,0.6729046835891165,0.2796988690208954,0.4372737071869944,uncertainty_score,27.065442015758684,0.6492161240564868,0.5,0.3016099955147053,3.250847241385032,12,52,52.jpg
Tomato___Bacterial_spot/53.jpg,Tomato___Bacterial_spot,Tomato_Tomato_yellow_Leaf_Curl_Virus,0.5099,Tomato_Bacterial_spot,False,2.0182961223533145,0.590581185588245,0.1726287665532865,0.3520670048557139,uncertainty_score,26.75832282775361,0.2256964649257706,0.5,0.2975220196774951,2.397675959367784,3,53,53.jpg
Tomato___Bacterial_spot/54.jpg,Tomato___Bacterial_spot,Tomato_Bacterial_spot,0.363,Tomato_Bacterial_spot,True,2.233239798280123,0.7789896171230536,0.2548270942473505,0.3085805221513192,uncertainty_score,14.267153565209412,0.4482205260344554,0.5,0.1312556315189704,2.5933244993473665,3,54,54.jpg
Tomato___Bacterial_spot/55.jpg,Tomato___Bacterial_spot,Tomato_Bacterial_spot,0.6442,Tomato_Bacterial_spot,True,1.999523853413951,0.4225943160153362,0.449586441420029,0.5417767607468289,outlier_score,25.0536050162464,0.2062621572979714,0.7,0.274831007539927,2.524770825905833,3,55,55.jpg
Tomato___Bacterial_spot/56.jpg,Tomato___Bacterial_spot,Tomato_Leaf_Mold,0.5428,Tomato_Bacterial_spot,False,2.180837447411252,0.5468933426940534,0.2794936753830958,0.5259128256467613,uncertainty_score,27.4624984025832,0.3939701096092982,0.5,0.3068950997307328,2.748282868814696,6,56,56.jpg
Tomato___Bacterial_spot/57.jpg,Tomato___Bacterial_spot,Tomato_Bacterial_spot,0.481,Tomato_Bacterial_spot,True,2.25040918186174,0.6249594421755709,0.4066594626908609,0.5152588036101666,uncertainty_score,13.485233251870724,0.4659954195959445,0.5,0.1208477134454844,2.613262409360116,3,57,57.jpg
Tomato___Bacterial_spot/58.jpg,Tomato___Bacterial_spot,Tomato_Bacterial_spot,0.6092,Tomato_Bacterial_spot,True,2.107386078412058,0.4687429317068676,0.4465938308890514,0.539560283219221,outlier_score,16.0249627795979,0.3179283426058402,0.7,0.1546533281641137,2.5678366774578505,3,58,58.jpg
Tomato___Bacterial_spot/59.jpg,Tomato___Bacterial_spot,Tomato_Bacterial_spot,0.7151,Tomato_Bacterial_spot,True,1.9844417171304447,0.338306160422258,0.5167392432710763,0.5588709447862388,outlier_score,21.455829240819657,0.1906481216603596,0.7,0.2269420412621134,2.421709305213889,3,59,59.jpg
Tomato___Bacterial_spot/60.jpg,Tomato___Bacterial_spot,Tomato_Bacterial_spot,0.9228,Tomato_Bacterial_spot,True,1.8473774619267416,0.0844401527597387,0.5148786713387516,0.6952216080346134,outlier_score,26.763981193041943,0.0487500426903557,0.7,0.297597336562536,2.2438960902245157,0,60,60.jpg
Tomato___Bacterial_spot/61.jpg,Tomato___Bacterial_spot,Tomato_Bacterial_spot,0.7637,Tomato_Bacterial_spot,True,1.8510998793069209,0.282127283476637,0.2669238307824391,0.3816184531095707,outlier_score,17.347302513028104,0.0526037379852157,0.7,0.1722546148631273,2.0635893982651226,0,61,61.jpg
Tomato___Bacterial_spot/62.jpg,Tomato___Bacterial_spot,Tomato_Bacterial_spot,0.7915,Tomato_Bacterial_spot,True,1.8141189366125063,0.2408685873285792,0.24445579916949,0.3253514608461007,outlier_score,21.86422557789826,0.0143185941376209,0.7,0.2323780883187202,2.077204320753322,0,62,62.jpg
Tomato___Bacterial_spot/63.jpg,Tomato___Bacterial_spot,Tomato_Tomato_yellow_Leaf_Curl_Virus,0.3691,Tomato_Bacterial_spot,False,2.30411530471954,0.7746158376909673,0.2997923347807918,0.4548716241768812,uncertainty_score,24.94203575618012,0.521595587933947,0.5,0.2733459409692286,2.953210087321737,6,63,63.jpg
Tomato___Bacterial_spot/64.jpg,Tomato___Bacterial_spot,Tomato_Bacterial_spot,0.5931,Tomato_Bacterial_spot,True,1.9791731932277448,0.4796777866966197,0.179268584261225,0.2203943067776468,uncertainty_score,14.22993887732958,0.1851937935447644,0.5,0.1307602774324014,2.066528003238131,0,64,64.jpg
Tomato___Bacterial_spot/65.jpg,Tomato___Bacterial_spot,Tomato_Bacterial_spot,0.6907,Tomato_Bacterial_spot,True,2.0471446029316747,0.3690607956892805,0.3632573899680974,0.5014820748216635,outlier_score,13.717816500578708,0.255562340380965,0.7,0.1239435626727309,2.397040024771026,3,65,65.jpg
Tomato___Bacterial_spot/66.jpg,Tomato___Bacterial_spot,Tomato_Bacterial_spot,0.6188,Tomato_Bacterial_spot,True,2.024458714419755,0.4635573676987325,0.304671145519655,0.409426528624539,uncertainty_score,16.181834462186526,0.2320763921679541,0.5,0.1567414023483754,2.1992648878584715,0,66,66.jpg
Tomato___Bacterial_spot/67.jpg,Tomato___Bacterial_spot,Tomato_Early_blight,0.2821,Tomato_Bacterial_spot,False,2.481836418835452,0.8780022857950187,0.3526032224278888,0.4141534029872554,uncertainty_score,19.76239066926395,0.7055843649347605,0.5,0.204401163867618,3.217770475670948,12,67,67.jpg
Tomato___Bacterial_spot/68.jpg,Tomato___Bacterial_spot,Tomato_Bacterial_spot,0.8057,Tomato_Bacterial_spot,True,1.8192027299734417,0.227980897569501,0.2788269516847561,0.387796427522811,outlier_score,26.039372126418357,0.0195816768481721,0.7,0.2879522721332445,2.171091761896211,0,68,68.jpg
Tomato___Bacterial_spot/69.jpg,Tomato___Bacterial_spot,Tomato_Tomato_yellow_Leaf_Curl_Virus,0.6831,Tomato_Bacterial_spot,False,1.8473460419160308,0.3779874703200963,0.1428234699093082,0.3051976560635041,uncertainty_score,16.428458925049775,0.048717514595015,0.5,0.160024150168851,1.8374712544433067,0,69,69.jpg
Tomato___Bacterial_spot/70.jpg,Tomato___Bacterial_spot,Tomato_Bacterial_spot,0.6791,Tomato_Bacterial_spot,True,2.022835643313321,0.3882075617740648,0.3130974966103844,0.4351801945487312,outlier_score,40.150540109235294,0.2303960804652974,0.7,0.4757820007909532,2.8744651621170245,6,70,70.jpg
Tomato___Bacterial_spot/71.jpg,Tomato___Bacterial_spot,Tomato_Bacterial_spot,0.5133,Tomato_Bacterial_spot,True,2.1783983771191897,0.5771969372681758,0.2873365706386372,0.3706054721127917,uncertainty_score,29.94657922622992,0.391445021004672,0.5,0.3399599904355658,2.792830027662693,6,71,71.jpg
Tomato___Bacterial_spot/72.jpg,Tomato___Bacterial_spot,Tomato_Bacterial_spot,0.3843,Tomato_Bacterial_spot,True,2.2353868751381416,0.7498796104113847,0.1009662526739045,0.1937044264070727,uncertainty_score,28.13096192964975,0.4504433235180224,0.5,0.3157928269110325,2.8745758874025937,6,72,72.jpg
Tomato___Bacterial_spot/73.jpg,Tomato___Bacterial_spot,Tomato_Tomato_yellow_Leaf_Curl_Virus,0.4516,Tomato_Bacterial_spot,False,2.132552887289189,0.6597130733893602,0.2168771947227006,0.354431031649938,uncertainty_score,15.351584537300212,0.3439827054166454,0.5,0.1456901826123923,2.406500684751879,3,73,73.jpg
Tomato___Bacterial_spot/74.jpg,Tomato___Bacterial_spot,Tomato_Bacterial_spot,0.4797,Tomato_Bacterial_spot,True,1.8262898407713848,0.6294488635939594,0.1138335210942262,0.4207455114199328,uncertainty_score,6.030797971164833,0.0269187276801422,0.5,0.0216238534661824,1.586273235559558,0,74,74.jpg
Tomato___Bacterial_spot/75.jpg,Tomato___Bacterial_spot,Tomato_Tomato_yellow_Leaf_Curl_Virus,0.5973,Tomato_Bacterial_spot,False,1.80828391776188,0.4913911745730687,0.2125099948599966,0.5690976548298283,outlier_score,7.709915798539874,0.0082777925848957,0.7,0.043974111523079,1.78251675245441,0,75,75.jpg
Tomato___Bacterial_spot/76.jpg,Tomato___Bacterial_spot,Tomato_Bacterial_spot,0.429,Tomato_Bacterial_spot,True,1.9666212770301887,0.6895572774019229,0.1692361978481465,0.3848055855469474,uncertainty_score,7.24701032668579,0.1721992108712684,0.5,0.0378125089343779,1.901117185144104,0,76,76.jpg
Tomato___Bacterial_spot/77.jpg,Tomato___Bacterial_spot,Tomato_Early_blight,0.43,Tomato_Bacterial_spot,False,2.293271602802716,0.6887342611441375,0.3604257403962447,0.525658374742618,uncertainty_score,16.739984802783173,0.5103694628684885,0.5,0.1641707821950426,2.766995099029541,6,77,77.jpg
Tomato___Bacterial_spot/78.jpg,Tomato___Bacterial_spot,Tomato_Bacterial_spot,0.6129,Tomato_Bacterial_spot,True,2.0816537952065017,0.4662486116496037,0.3466823312961776,0.3515177168486228,uncertainty_score,11.182995033435375,0.2912885629714348,0.5,0.090203277747413,2.217882042563989,0,78,78.jpg
Tomato___Bacterial_spot/79.jpg,Tomato___Bacterial_spot,Tomato_Bacterial_spot,0.2923,Tomato_Bacterial_spot,True,2.3526028105802754,0.8643983546472968,0.0643632936726311,0.1174433166077681,uncertainty_score,18.060188478292105,0.571793095121067,0.5,0.1817436364368536,2.916201644897414,6,79,79.jpg
Tomato___Bacterial_spot/80.jpg,Tomato___Bacterial_spot,Tomato_Tomato_yellow_Leaf_Curl_Virus,0.3894,Tomato_Bacterial_spot,False,2.2719835542278988,0.7431567838581817,0.325986108809615,0.4662066439906778,uncertainty_score,48.18837267295764,0.4883306519961912,0.5,0.5827712954601448,3.3508182471826,12,80,80.jpg
Tomato___Bacterial_spot/81.jpg,Tomato___Bacterial_spot,Tomato_Bacterial_spot,0.5814,Tomato_Bacterial_spot,True,1.999635366173891,0.5119262356346237,0.6163339884242801,0.7056859488848732,outlier_score,31.60534025997979,0.2063776027610691,0.7,0.3620392850238386,2.655814133057896,3,81,81.jpg
Tomato___Bacterial_spot/82.jpg,Tomato___Bacterial_spot,Tomato_Target_Spot,0.5331,Tomato_Bacterial_spot,False,2.3148875175573016,0.5642506506431949,0.4510925612700978,0.804759150715151,outlier_score,20.182095087526083,0.5327477027261125,0.7,0.2099877295647036,3.0804769997992807,6,82,82.jpg
Tomato___Bacterial_spot/83.jpg,Tomato___Bacterial_spot,Tomato_Bacterial_spot,0.6074,Tomato_Bacterial_spot,True,1.836951534908906,0.4637897600609821,0.4413117398103555,0.4907339644236289,outlier_score,17.526042115094327,0.0379564261262586,0.7,0.1746337666808483,2.03786350227379,0,83,83.jpg
Tomato___Bacterial_spot/84.jpg,Tomato___Bacterial_spot,Tomato_Leaf_Mold,0.2461,Tomato_Bacterial_spot,False,2.332738638318755,0.9186501114633574,0.1973391008358569,0.4508670696679286,uncertainty_score,17.177986984898414,0.551228376186507,0.5,0.1700009042032541,2.857458108677895,6,84,84.jpg
Tomato___Bacterial_spot/85.jpg,Tomato___Bacterial_spot,Tomato_Bacterial_spot,0.5841,Tomato_Bacterial_spot,True,1.8810557447851708,0.5007348992810025,0.1209467182201364,0.3389036562159559,uncertainty_score,7.627300747277204,0.0836160523112974,0.5,0.0428744461601122,1.7315437738627633,0,85,85.jpg
Tomato___Bacterial_spot/86.jpg,Tomato___Bacterial_spot,Tomato_Tomato_yellow_Leaf_Curl_Virus,0.4065,Tomato_Bacterial_spot,False,2.4268648589869626,0.7226827581197486,0.2262870459511006,0.4478370760505115,uncertainty_score,22.90041815108353,0.6486741316365716,0.5,0.2461705518550851,3.166604091055771,12,86,86.jpg
Tomato___Bacterial_spot/87.jpg,Tomato___Bacterial_spot,Tomato_Bacterial_spot,0.5754,Tomato_Bacterial_spot,True,1.9706221941455333,0.5063801494212692,0.2436696137033226,0.6096641416623649,outlier_score,11.719939952338978,0.1763412277081298,0.7,0.0973503982795056,2.1987080528355176,0,87,87.jpg
Tomato___Bacterial_spot/88.jpg,Tomato___Bacterial_spot,Tomato_Bacterial_spot,0.7529,Tomato_Bacterial_spot,True,1.8728781045445548,0.2891472323473616,0.3100055269158212,0.3552642736838952,outlier_score,28.119735489321148,0.0751500125044444,0.7,0.3156433949686674,2.32376511746189,3,88,88.jpg
Tomato___Bacterial_spot/89.jpg,Tomato___Bacterial_spot,Tomato_Bacterial_spot,0.8267,Tomato_Bacterial_spot,True,1.9243277534569765,0.1980060513641062,0.3532112802548792,0.5020612094887271,outlier_score,42.41228781288406,0.1284141281814582,0.7,0.505887478805661,2.715659474571408,6,89,89.jpg
Tomato___Bacterial_spot/90.jpg,Tomato___Bacterial_spot,Tomato_Bacterial_spot,0.5765,Tomato_Bacterial_spot,True,1.927496652180281,0.5118390423158782,0.174257162355328,0.3119726436360826,uncertainty_score,17.723904941275,0.1316947839630778,0.5,0.177267462275587,2.029290761339536,0,90,90.jpg
Tomato___Bacterial_spot/91.jpg,Tomato___Bacterial_spot,Tomato_Bacterial_spot,0.5788,Tomato_Bacterial_spot,True,1.984637131364595,0.5164196472557344,0.0905748670755188,0.1585959795163422,uncertainty_score,20.855021541767943,0.1908504275379066,0.5,0.2189448614945873,2.210118147317694,0,91,91.jpg
Tomato___Bacterial_spot/92.jpg,Tomato___Bacterial_spot,Tomato_Bacterial_spot,0.2272,Tomato_Bacterial_spot,True,2.4345425135548955,0.941308034265792,0.2273998561474829,0.2814189274431102,uncertainty_score,19.217218573666763,0.6566225528538017,0.5,0.1971445337351963,3.1089619063103977,12,92,92.jpg
Tomato___Bacterial_spot/93.jpg,Tomato___Bacterial_spot,Tomato_Bacterial_spot,0.7162,Tomato_Bacterial_spot,True,1.977393280227001,0.3336427957222366,0.4516159705279871,0.4302954543602462,density_score,14.054182052790493,0.1833511086291099,1.2,0.1284208285148407,2.7593334600304806,6,93,93.jpg
Tomato___Bacterial_spot/94.jpg,Tomato___Bacterial_spot,Tomato_Bacterial_spot,0.2468,Tomato_Bacterial_spot,True,2.653387410595447,0.9204476977897308,0.4088890839704351,0.5848796541910883,uncertainty_score,21.12431169931579,0.8831854188343665,0.5,0.2225293059065591,3.6001647965285715,12,94,94.jpg
Tomato___Bacterial_spot/95.jpg,Tomato___Bacterial_spot,Tomato_Bacterial_spot,0.4372,Tomato_Bacterial_spot,True,2.462186544745533,0.6780343108664969,0.4650005622121838,0.6296606924206412,uncertainty_score,31.466463466619743,0.6852415017920831,0.5,0.3601907356730383,3.4107691070937234,12,95,95.jpg
Tomato___Bacterial_spot/96.jpg,Tomato___Bacterial_spot,Tomato_Bacterial_spot,0.7664,Tomato_Bacterial_spot,True,1.829744990156835,0.2742699831753841,0.3111273012349752,0.3712577221599988,outlier_score,17.300573682707952,0.0304957292814797,0.7,0.1716326207425687,2.0184403896768126,0,96,96.jpg
Tomato___Bacterial_spot/97.jpg,Tomato___Bacterial_spot,Tomato_Bacterial_spot,0.7745,Tomato_Bacterial_spot,True,1.826071328420284,0.2682767725792087,0.2833028407052552,0.3344213628135055,outlier_score,19.541751151375525,0.0266925090879474,0.7,0.2014642942316945,2.0555814595234367,0,97,97.jpg
Tomato___Bacterial_spot/98.jpg,Tomato___Bacterial_spot,Tomato_healthy,0.4987,Tomato_Bacterial_spot,False,2.2028046414893976,0.6062582487281044,0.3994674760267827,0.5649978857208855,uncertainty_score,18.86458185585647,0.4167120173037405,0.5,0.1924506870527879,2.6221000651866637,3,98,98.jpg
Tomato___Bacterial_spot/99.jpg,Tomato___Bacterial_spot,Tomato_Leaf_Mold,0.4791,Tomato_Bacterial_spot,False,2.199207984337965,0.6245542149213336,0.35166715013618,0.4455653927839597,uncertainty_score,21.48890462519524,0.4129885174040508,0.5,0.227382298261398,2.6670504822001986,3,99,99.jpg
Tomato___Bacterial_spot/100.jpg,Tomato___Bacterial_spot,Tomato_healthy,0.4712,Tomato_Bacterial_spot,False,2.1111564152915783,0.6411366846159287,0.2252045439520382,0.3729031288241952,uncertainty_score,16.523162477678962,0.3218316473695698,0.5,0.1612847221225632,2.385590377922985,3,100,100.jpg
Tomato___Bacterial_spot/101.jpg,Tomato___Bacterial_spot,Tomato_Bacterial_spot,0.3242,Tomato_Bacterial_spot,True,2.3481190750327645,0.8222077244856648,0.115988142192938,0.245996444688228,uncertainty_score,20.589124280772293,0.5671512323695002,0.5,0.2154055789600404,2.9574108331790607,6,101,101.jpg
Tomato___Bacterial_spot/102.jpg,Tomato___Bacterial_spot,Tomato_Bacterial_spot,0.7285,Tomato_Bacterial_spot,True,2.012006107210317,0.3249501390918166,0.1738336988007293,0.2048872838240001,uncertainty_score,30.21649152177461,0.2191846207972114,0.5,0.3435527159488099,2.453698315517638,3,102,102.jpg
Tomato___Bacterial_spot/103.jpg,Tomato___Bacterial_spot,Tomato_Bacterial_spot,0.478,Tomato_Bacterial_spot,True,2.2630816258871533,0.6309892296300336,0.1750429445216084,0.2720826649881039,uncertainty_score,24.3727421531706,0.4791147807334531,0.5,0.2657682363376875,2.856881915973437,6,103,103.jpg
Tomato___Bacterial_spot/104.jpg,Tomato___Bacterial_spot,Tomato_Leaf_Mold,0.3741,Tomato_Bacterial_spot,False,2.4156832469533702,0.7635725821939273,0.2643348972350026,0.3413104782567821,uncertainty_score,18.271239208808343,0.6370981794308227,0.5,0.1845528724614086,3.051025667553758,6,104,104.jpg
Tomato___Bacterial_spot/105.jpg,Tomato___Bacterial_spot,Tomato_Bacterial_spot,0.7713,Tomato_Bacterial_spot,True,2.0423925259841367,0.268490691780707,0.5219750595660106,0.5695814987154548,outlier_score,20.46364489309857,0.2506426726749601,0.7,0.2137353586517293,2.5218883833275143,3,105,105.jpg
Tomato___Bacterial_spot/106.jpg,Tomato___Bacterial_spot,Tomato_Bacterial_spot,0.7795,Tomato_Bacterial_spot,True,2.00573075895389,0.2589445012309406,0.351038665449624,0.4239023224124595,outlier_score,18.593004655197102,0.2126879608100299,0.7,0.1888358004628484,2.4086296223143324,3,106,106.jpg
Tomato___Bacterial_spot/107.jpg,Tomato___Bacterial_spot,Tomato_Bacterial_spot,0.3235,Tomato_Bacterial_spot,True,2.369565435579203,0.8304825182198937,0.2169103283515284,0.2445574079701485,uncertainty_score,23.07609095136608,0.5893539383770946,0.5,0.2485088823497536,3.05147120027882,6,107,107.jpg
Tomato___Bacterial_spot/108.jpg,Tomato___Bacterial_spot,Tomato_Late_blight,0.5019,Tomato_Bacterial_spot,False,2.237945543689131,0.5935258074119789,0.3726870568913166,0.9923681269850936,outlier_score,13.534782893891595,0.4530922282347683,0.7,0.1215072545853249,2.788445338347524,6,108,108.jpg
Tomato___Bacterial_spot/109.jpg,Tomato___Bacterial_spot,Tomato_Leaf_Mold,0.3843,Tomato_Bacterial_spot,False,2.336887705910585,0.7558014407144178,0.2493455598531893,0.6822042078581079,uncertainty_score,13.138202294900555,0.5555237682996613,0.5,0.116228483445324,2.7853902617673083,6,109,109.jpg
Tomato___Bacterial_spot/110.jpg,Tomato___Bacterial_spot,Tomato_Leaf_Mold,0.2693,Tomato_Bacterial_spot,False,2.4774186257766946,0.8926282999807805,0.1986650670009847,0.5799582094803248,uncertainty_score,11.68966582970116,0.7010107702554399,0.5,0.0969474280755271,3.0474426826241707,6,110,110.jpg
Tomato___Bacterial_spot/111.jpg,Tomato___Bacterial_spot,Tomato_Late_blight,0.5637,Tomato_Bacterial_spot,False,2.21779110216886,0.5299196853473919,0.1348938739445181,0.8271556502250228,outlier_score,23.543368787483143,0.4322270031606642,0.7,0.2547286842309661,2.9465470326677776,6,111,111.jpg
Tomato___Bacterial_spot/112.jpg,Tomato___Bacterial_spot,Tomato_Bacterial_spot,0.4471,Tomato_Bacterial_spot,True,2.1856016262386992,0.6689313283894722,0.2976026531344395,0.4512712342110752,uncertainty_score,36.90646413742551,0.3989023059903286,0.5,0.4326010316272379,2.9467061594215145,6,112,112.jpg
Tomato___Bacterial_spot/113.jpg,Tomato___Bacterial_spot,Tomato_Bacterial_spot,0.714,Tomato_Bacterial_spot,True,2.1587637999419416,0.3484004865978327,0.6243464219411433,0.7907928473374617,outlier_score,19.975118800138954,0.3711179942485049,0.7,0.2072327272894955,2.753085079431253,6,113,113.jpg
Tomato___Bacterial_spot/114.jpg,Tomato___Bacterial_spot,Tomato_Bacterial_spot,0.7263,Tomato_Bacterial_spot,True,1.9934633365913363,0.3265345451431215,0.2788143243342866,0.5024167667474093,outlier_score,17.706036452606313,0.1999879051713587,0.7,0.1770296199238944,2.36552024022856,3,114,114.jpg
Tomato___Bacterial_spot/115.jpg,Tomato___Bacterial_spot,Tomato_Bacterial_spot,0.68,Tomato_Bacterial_spot,True,1.9049065043976976,0.3829570461327287,0.2137298346742638,0.383991189203854,outlier_score,23.0779357634045,0.108307952952811,0.7,0.2485334381161525,2.289416063079851,0,115,115.jpg
Tomato___Bacterial_spot/116.jpg,Tomato___Bacterial_spot,Tomato_Bacterial_spot,0.7084,Tomato_Bacterial_spot,True,1.9010445075406168,0.3461499383698411,0.2879251936929923,0.4364414996749027,outlier_score,15.40866837477366,0.1043097556533509,0.7,0.1464500092770904,2.128294525222337,0,116,116.jpg
Tomato___Bacterial_spot/117.jpg,Tomato___Bacterial_spot,Tomato_Bacterial_spot,0.4434,Tomato_Bacterial_spot,True,2.168221304180285,0.6799010607067226,0.1261551833411375,0.1238134526943269,uncertainty_score,34.2989111154916,0.3809090348175951,0.5,0.3978926377390189,2.8586570262437188,6,117,117.jpg
Tomato___Bacterial_spot/118.jpg,Tomato___Bacterial_spot,Tomato_Bacterial_spot,0.6978,Tomato_Bacterial_spot,True,2.091141073196451,0.352023073421134,0.4915581417776976,0.5553154239583538,outlier_score,28.724280444885203,0.3011104273183972,0.7,0.3236903202907423,2.787756335072908,6,118,118.jpg
Tomato___Bacterial_spot/119.jpg,Tomato___Bacterial_spot,Tomato_Leaf_Mold,0.3826,Tomato_Bacterial_spot,False,2.529395340571657,0.7559740539284765,0.4221290405688577,0.4626230661143105,uncertainty_score,27.01692053567105,0.7548205397654828,0.5,0.3009641399448454,3.461087289448234,12,119,119.jpg
Tomato___Bacterial_spot/120.jpg,Tomato___Bacterial_spot,Tomato_Early_blight,0.3528,Tomato_Bacterial_spot,False,2.380936160828626,0.7859655998711904,0.2939904520785509,0.641993323114993,uncertainty_score,39.61342134722181,0.6011256732250381,0.5,0.4686325662828525,3.4052001958743547,12,120,120.jpg
Tomato___Bacterial_spot/121.jpg,Tomato___Bacterial_spot,Tomato_Bacterial_spot,0.7107,Tomato_Bacterial_spot,True,1.907671417491681,0.3426481660178523,0.2779593356879054,0.2988436266531079,uncertainty_score,24.278882696905946,0.1111703758067649,0.5,0.2645188999097165,2.119119101478105,0,121,121.jpg
Tomato___Bacterial_spot/122.jpg,Tomato___Bacterial_spot,Tomato_Bacterial_spot,0.8016,Tomato_Bacterial_spot,True,1.810440062936224,0.2304150690153591,0.2688014291510017,0.3374360503913652,outlier_score,17.53672659542104,0.0105099781956895,0.7,0.1747759847483434,1.983183933513894,0,122,122.jpg
Tomato___Bacterial_spot/123.jpg,Tomato___Bacterial_spot,Tomato_Bacterial_spot,0.4679,Tomato_Bacterial_spot,True,2.279894009154333,0.640150587295032,0.1358931351009042,0.1879024151822788,uncertainty_score,26.246503434040683,0.4965200837059509,0.5,0.2907093378385492,2.929104174169725,6,123,123.jpg
Tomato___Bacterial_spot/124.jpg,Tomato___Bacterial_spot,Tomato_Bacterial_spot,0.8832,Tomato_Bacterial_spot,True,1.824676921518754,0.1305190876889167,0.420200359869844,0.4338595550018538,outlier_score,20.391093411633285,0.0252489258551375,0.7,0.2127696465934551,2.069652321600458,0,124,124.jpg
Tomato___Bacterial_spot/125.jpg,Tomato___Bacterial_spot,Tomato_Bacterial_spot,0.6125,Tomato_Bacterial_spot,True,2.0817967592517475,0.4628994276054194,0.2911843541768134,0.347446007778198,uncertainty_score,37.25272421371613,0.2914365689074245,0.5,0.4372100006547387,2.7386881387969573,6,125,125.jpg
Tomato___Bacterial_spot/126.jpg,Tomato___Bacterial_spot,Tomato_Bacterial_spot,0.5238,Tomato_Bacterial_spot,True,2.105072213849416,0.5712092686202256,0.0821390054211287,0.271659831605572,uncertainty_score,25.033800786931675,0.3155328753416161,0.5,0.2745673990970972,2.5429168493288783,3,126,126.jpg
Tomato___Bacterial_spot/127.jpg,Tomato___Bacterial_spot,Tomato_healthy,0.2242,Tomato_Bacterial_spot,False,2.5109207635839272,0.9437792998184384,0.3272472049814623,0.342735487746055,uncertainty_score,19.255754670438392,0.7356944227450659,0.5,0.1976574767182971,3.2678750605675777,12,127,127.jpg
Tomato___Bacterial_spot/128.jpg,Tomato___Bacterial_spot,Tomato_Bacterial_spot,0.7716,Tomato_Bacterial_spot,True,1.9126240653835955,0.2706700075008422,0.4859617586230843,0.3986496250330537,density_score,37.794451976984895,0.1162976879614406,1.2,0.4444207842628017,3.099226552317084,12,128,128.jpg
Tomato___Bacterial_spot/129.jpg,Tomato___Bacterial_spot,Tomato_Bacterial_spot,0.7123,Tomato_Bacterial_spot,True,1.9480818917234328,0.3268980969467042,0.4165908424857942,0.6892215475205483,outlier_score,23.786071516888985,0.1530059999469201,0.7,0.2579592309769403,2.3929508463592506,3,129,129.jpg
Tomato___Bacterial_spot/130.jpg,Tomato___Bacterial_spot,Tomato_Bacterial_spot,0.7686,Tomato_Bacterial_spot,True,1.8011166134441496,0.2662055617957892,0.316264007041519,0.5407980222602544,outlier_score,22.64099378209472,0.0008577200607511,0.7,0.2427174281382035,2.0657915823288078,0,130,130.jpg
Tomato___Bacterial_spot/131.jpg,Tomato___Bacterial_spot,Tomato_Leaf_Mold,0.4177,Tomato_Bacterial_spot,False,2.335437681693829,0.7136302443178959,0.2995728661686679,0.4339536854542271,uncertainty_score,21.66757704454828,0.5540226063044215,0.5,0.2297605558292027,2.9526860463526474,6,131,131.jpg
Tomato___Bacterial_spot/132.jpg,Tomato___Bacterial_spot,Tomato_Bacterial_spot,0.4757,Tomato_Bacterial_spot,True,2.163288539567048,0.6335855215346439,0.2886188008843706,0.3991048408680732,uncertainty_score,27.663428512180943,0.3758023071620932,0.5,0.3095696230594087,2.7159590489133,6,132,132.jpg
Tomato___Bacterial_spot/133.jpg,Tomato___Bacterial_spot,Tomato_Bacterial_spot,0.4601,Tomato_Bacterial_spot,True,2.232043403226469,0.6549837225591357,0.1770474423685665,0.1427640527608627,uncertainty_score,33.55750558327131,0.4469819379025577,0.5,0.3880240003511121,2.9759998763317834,6,133,133.jpg
Tomato___Bacterial_spot/134.jpg,Tomato___Bacterial_spot,Tomato_Bacterial_spot,0.616,Tomato_Bacterial_spot,True,2.1492682234768195,0.4580163800777453,0.3252684964350285,0.1933577202332398,uncertainty_score,25.65204774784505,0.3612875387653367,0.5,0.2827967079008203,2.646770139381904,3,134,134.jpg
Tomato___Bacterial_spot/135.jpg,Tomato___Bacterial_spot,Tomato_Bacterial_spot,0.7347,Tomato_Bacterial_spot,True,1.8113276589851053,0.313881612310869,0.3106400917815854,0.3606711685204132,outlier_score,31.675155577083075,0.0114288769563506,0.7,0.3629685767793921,2.267310619081789,0,135,135.jpg
Tomato___Bacterial_spot/136.jpg,Tomato___Bacterial_spot,Tomato_Bacterial_spot,0.5156,Tomato_Bacterial_spot,True,2.136245642075801,0.5769628453751371,0.1779674348706944,0.2298803681483322,uncertainty_score,24.171387616528893,0.3478056920118654,0.5,0.263088063581792,2.590243479396419,3,136,136.jpg
Tomato___Bacterial_spot/137.jpg,Tomato___Bacterial_spot,Tomato_Bacterial_spot,0.5562,Tomato_Bacterial_spot,True,2.132439173471059,0.5512216042580488,0.0315015118187553,0.1966043882037204,uncertainty_score,37.55976051134032,0.3438649812709812,0.5,0.441296873161752,2.849675272284591,6,137,137.jpg
Tomato___Bacterial_spot/138.jpg,Tomato___Bacterial_spot,Tomato_Early_blight,0.5067,Tomato_Bacterial_spot,False,2.19300947709507,0.5987616184173571,0.2360839220216396,0.3247589010583847,uncertainty_score,28.00400553136434,0.4065714083704722,0.5,0.3141029465361163,2.784297236545118,6,138,138.jpg
Tomato___Bacterial_spot/139.jpg,Tomato___Bacterial_spot,Tomato_Bacterial_spot,0.6598,Tomato_Bacterial_spot,True,2.125235559618223,0.4062074401467744,0.2754035431820189,0.3127321819216817,uncertainty_score,21.832564275557747,0.3364073186890045,0.5,0.2319566537617218,2.5207496180205915,3,139,139.jpg
Tomato___Bacterial_spot/140.jpg,Tomato___Bacterial_spot,Tomato_Bacterial_spot,0.3354,Tomato_Bacterial_spot,True,2.283904565032854,0.8103638422016698,0.0723514904055845,0.2508584291535415,uncertainty_score,24.22752831261733,0.5006720792347504,0.5,0.2638353363607559,2.897097163010635,6,140,140.jpg
Tomato___Bacterial_spot/141.jpg,Tomato___Bacterial_spot,Tomato_Bacterial_spot,0.5191,Tomato_Bacterial_spot,True,2.3091934673667502,0.5878135366445071,0.5453928900563384,0.7397111710531006,outlier_score,28.868599348177064,0.5268528413532678,0.7,0.325611308013268,3.2421226447264377,12,141,141.jpg
Tomato___Bacterial_spot/142.jpg,Tomato___Bacterial_spot,Tomato_Bacterial_spot,0.7493,Tomato_Bacterial_spot,True,1.846904157383753,0.2938324692697124,0.1724443919762945,0.2137967048767857,uncertainty_score,17.927420310708342,0.0482600461896777,0.5,0.1799763972599119,1.8664846882692236,0,142,142.jpg
Tomato___Bacterial_spot/143.jpg,Tomato___Bacterial_spot,Tomato_Bacterial_spot,0.6754,Tomato_Bacterial_spot,True,1.946635316597559,0.3854997658711606,0.1853819308507502,0.3084310677598975,uncertainty_score,24.3840591930154,0.1515084086811139,0.5,0.2659188742243489,2.201895128698752,0,143,143.jpg
Tomato___Bacterial_spot/144.jpg,Tomato___Bacterial_spot,Tomato_Bacterial_spot,0.7919,Tomato_Bacterial_spot,True,1.8458551025137968,0.2348569035716526,0.175891846050511,0.1707479108865742,uncertainty_score,17.613073462857503,0.0471739944648157,0.5,0.1757922161057986,1.8580363130883293,0,144,144.jpg
Tomato___Bacterial_spot/145.jpg,Tomato___Bacterial_spot,Tomato_Bacterial_spot,0.5568,Tomato_Bacterial_spot,True,2.0462602037989583,0.534610981466469,0.1256009757228147,0.2431030814020196,uncertainty_score,22.70482548727393,0.2546467512816139,0.5,0.2435670737435969,2.374644113178624,3,145,145.jpg
Tomato___Bacterial_spot/146.jpg,Tomato___Bacterial_spot,Tomato_Bacterial_spot,0.6408,Tomato_Bacterial_spot,True,2.000053732553292,0.4304191774463102,0.2095754856142803,0.3517908818458309,uncertainty_score,22.424433463494644,0.2068107236024906,0.5,0.2398348555595048,2.2733737305442387,0,146,146.jpg
Tomato___Bacterial_spot/147.jpg,Tomato___Bacterial_spot,Tomato_Bacterial_spot,0.6757,Tomato_Bacterial_spot,True,1.9397423090033463,0.3944586576943264,0.1787225417142133,0.3166105447142927,uncertainty_score,17.98285314891961,0.1443723064603652,0.5,0.1807142479447473,2.059815984837852,0,147,147.jpg
Tomato___Bacterial_spot/148.jpg,Tomato___Bacterial_spot,Tomato_Bacterial_spot,0.7651,Tomato_Bacterial_spot,True,2.110913974668276,0.2707511416228613,0.5652232916405526,0.5493943289987198,density_score,44.51912727721209,0.3215806566305199,1.2,0.5339310174689353,3.6440578394644425,12,148,148.jpg
Tomato___Bacterial_spot/149.jpg,Tomato___Bacterial_spot,Tomato_Tomato_yellow_Leaf_Curl_Virus,0.6155,Tomato_Bacterial_spot,False,1.9469547744776805,0.4685836930611926,0.1869517888097008,0.3046629496591813,uncertainty_score,25.832743650837298,0.1518391328325983,0.5,0.285201899481696,2.2314811148877407,0,149,149.jpg
Tomato___Bacterial_spot/150.jpg,Tomato___Bacterial_spot,Tomato_Early_blight,0.2945,Tomato_Bacterial_spot,False,2.624669044109476,0.8591057201994481,0.5350765054553656,0.8344279196193569,uncertainty_score,43.425037500780284,0.8534542461850169,0.5,0.519367900788261,3.9859603435524256,12,150,150.jpg
Tomato___Bacterial_spot/151.jpg,Tomato___Bacterial_spot,Tomato_Bacterial_spot,0.471,Tomato_Bacterial_spot,True,2.3218510332588256,0.6460829842460146,0.5232918500933794,0.6751937363993641,outlier_score,18.76926766791359,0.5399567996526248,0.7,0.1911819871067351,3.0666865799653524,6,151,151.jpg
Tomato___Bacterial_spot/152.jpg,Tomato___Bacterial_spot,Tomato_Bacterial_spot,0.5594,Tomato_Bacterial_spot,True,2.2102914669899505,0.5374366361349655,0.4792114083033688,0.6052503969462633,outlier_score,20.894910998674668,0.4244628795145571,0.7,0.2194758186680982,2.878139487031261,6,152,152.jpg
Tomato___Bacterial_spot/153.jpg,Tomato___Bacterial_spot,Tomato_Bacterial_spot,0.7828,Tomato_Bacterial_spot,True,1.890352583645675,0.2533265174759426,0.3916633440162297,0.4476585681157152,outlier_score,19.121466166083064,0.0932407613416615,0.7,0.1958700007726046,2.18028652384223,0,153,153.jpg
Tomato___Bacterial_spot/154.jpg,Tomato___Bacterial_spot,Tomato_Bacterial_spot,0.6387,Tomato_Bacterial_spot,True,1.926923812634576,0.4346058607063088,0.6511587380835228,0.8339191654162237,outlier_score,16.163441663052083,0.1311017421742264,0.7,0.1564965810497497,2.1969483559230776,0,154,154.jpg
Tomato___Bacterial_spot/155.jpg,Tomato___Bacterial_spot,Tomato_Early_blight,0.4924,Tomato_Bacterial_spot,False,2.175804303193586,0.616606913380901,0.4036332374566923,0.4838160047457009,uncertainty_score,31.44239403395948,0.3887594622774731,0.5,0.3598703543260778,2.8173244560440627,6,155,155.jpg
Tomato___Bacterial_spot/156.jpg,Tomato___Bacterial_spot,Tomato_Bacterial_spot,0.5333,Tomato_Bacterial_spot,True,2.04414165585506,0.5619755700577257,0.1340210350958568,0.1823074496194416,uncertainty_score,30.75414986603622,0.2524534888369432,0.5,0.350709332682179,2.530970976697155,3,156,156.jpg
Tomato___Bacterial_spot/157.jpg,Tomato___Bacterial_spot,Tomato_Bacterial_spot,0.3656,Tomato_Bacterial_spot,True,2.34886222446867,0.7686293513253052,0.3112721098539169,0.4319484610090869,uncertainty_score,25.87963665440104,0.5679205903409559,0.5,0.285826078865433,3.064580298980061,6,157,157.jpg
Tomato___Bacterial_spot/158.jpg,Tomato___Bacterial_spot,Tomato_Bacterial_spot,0.5523,Tomato_Bacterial_spot,True,2.1455394013374214,0.5401113281338037,0.1245268717829978,0.0,uncertainty_score,30.009785676959957,0.3574272128356109,0.5,0.3408013134574798,2.7260563958574413,6,158,158.jpg
Tomato___Bacterial_spot/159.jpg,Tomato___Bacterial_spot,Tomato_Bacterial_spot,0.7825,Tomato_Bacterial_spot,True,1.914273852959464,0.2454769020095621,0.3312113997886303,0.2962162114954742,density_score,22.11134214665536,0.1180056583391033,1.2,0.2356673864202657,2.7895123963086057,6,159,159.jpg
Tomato___Bacterial_spot/160.jpg,Tomato___Bacterial_spot,Tomato_Septoria_leaf_spot,0.3803,Tomato_Bacterial_spot,False,2.252707736802721,0.7538935326720385,0.1783547783988415,0.4739124589477926,uncertainty_score,24.267388033649663,0.4683750373164614,0.5,0.2643658977285315,2.83329892122572,6,160,160.jpg
Tomato___Bacterial_spot/161.jpg,Tomato___Bacterial_spot,Tomato_Bacterial_spot,0.6097,Tomato_Bacterial_spot,True,2.043105139514692,0.4665278519475182,0.1303715728616308,0.1816297876328433,uncertainty_score,12.518886675569473,0.251380417836042,0.5,0.1079849500344761,2.164738260723798,0,161,161.jpg
Tomato___Bacterial_spot/162.jpg,Tomato___Bacterial_spot,Tomato_Bacterial_spot,0.7737,Tomato_Bacterial_spot,True,1.8834747395937463,0.264233071583424,0.1762937541314849,0.1933318778269703,uncertainty_score,20.38536735101886,0.0861203574334837,0.5,0.2126934286352539,1.991280857819848,0,162,162.jpg
Tomato___Bacterial_spot/163.jpg,Tomato___Bacterial_spot,Tomato_Leaf_Mold,0.3746,Tomato_Bacterial_spot,False,2.55054922000477,0.7676207167482922,0.2713616873369108,0.3821524413235447,uncertainty_score,21.12856336261657,0.7767204497738269,0.5,0.2225858985830195,3.387319747422183,12,163,163.jpg
Tomato___Bacterial_spot/164.jpg,Tomato___Bacterial_spot,Tomato_Bacterial_spot,0.4753,Tomato_Bacterial_spot,True,2.256327643495108,0.6354248572043147,0.2266501427858791,0.3708882992776756,uncertainty_score,13.164442768667564,0.4721226066950495,0.5,0.1165777629006822,2.6191118577411223,3,164,164.jpg
Tomato___Bacterial_spot/165.jpg,Tomato___Bacterial_spot,Tomato_Bacterial_spot,0.8883,Tomato_Bacterial_spot,True,1.9209059192600009,0.1262526742671161,0.714615365264332,0.9011326364400504,outlier_score,18.5656108937822,0.1248716166901647,0.7,0.1884711699248418,2.232449988267592,0,165,165.jpg
Tomato___Bacterial_spot/166.jpg,Tomato___Bacterial_spot,Tomato_Bacterial_spot,0.547,Tomato_Bacterial_spot,True,1.827177585306089,0.5552228908767488,0.1885878773270642,0.4934663392052188,uncertainty_score,7.292226589494977,0.0278377801632526,0.5,0.0384143697005956,1.613297114877399,0,166,166.jpg
Tomato___Bacterial_spot/167.jpg,Tomato___Bacterial_spot,Tomato_Bacterial_spot,0.5514,Tomato_Bacterial_spot,True,2.062686718219897,0.5481535817204971,0.2323496798279888,0.29552181696739,uncertainty_score,22.66260365400356,0.2716525770312971,0.5,0.2430050709741408,2.4078127605238056,3,167,167.jpg
Tomato___Bacterial_spot/168.jpg,Tomato___Bacterial_spot,Tomato_Tomato_yellow_Leaf_Curl_Virus,0.4709,Tomato_Bacterial_spot,False,1.9426512871236503,0.6453188604247039,0.202829339930197,0.4683126364326149,uncertainty_score,6.832815642938165,0.1473838750595119,0.5,0.0322992817405328,1.8432166727298236,0,168,168.jpg
Tomato___Bacterial_spot/169.jpg,Tomato___Bacterial_spot,Tomato_healthy,0.3032,Tomato_Bacterial_spot,False,2.254299917942179,0.8493858080459779,0.1615804747120296,0.3119438131623507,uncertainty_score,16.02028710453753,0.4700233696604822,0.5,0.1545910915881655,2.6719333767032127,3,169,169.jpg
Tomato___Bacterial_spot/170.jpg,Tomato___Bacterial_spot,Tomato_Bacterial_spot,0.2533,Tomato_Bacterial_spot,True,2.4619805532419656,0.9050055393619828,0.2444950554903606,0.3434924851573824,uncertainty_score,26.090765999986733,0.6850282456182036,0.5,0.2886363613127349,3.3030110332055096,12,170,170.jpg
Tomato___Bacterial_spot/171.jpg,Tomato___Bacterial_spot,Tomato_Bacterial_spot,0.3737,Tomato_Bacterial_spot,True,2.3555243529945367,0.7674792862295814,0.1667612854555995,0.2076591467204896,uncertainty_score,34.642147327045265,0.5748176711171714,0.5,0.4024613569662388,3.2533273776837013,12,171,171.jpg
Tomato___Bacterial_spot/172.jpg,Tomato___Bacterial_spot,Tomato_Bacterial_spot,0.3614,Tomato_Bacterial_spot,True,2.2122770417576234,0.77662859939377,0.0634626896336258,0.2943304103944424,uncertainty_score,17.003167245479705,0.4265184792386818,0.5,0.167673928558218,2.604547851314691,3,172,172.jpg
Tomato___Bacterial_spot/173.jpg,Tomato___Bacterial_spot,Tomato_Bacterial_spot,0.3474,Tomato_Bacterial_spot,True,2.2359978775357767,0.7950842475885321,0.0638736494146116,0.2152525944125062,uncertainty_score,13.815956557016085,0.4510758740421663,0.5,0.1252498769476039,2.5900265635057385,3,173,173.jpg
Tomato___Bacterial_spot/174.jpg,Tomato___Bacterial_spot,Tomato_Bacterial_spot,0.2874,Tomato_Bacterial_spot,True,2.393805624642084,0.8698190450454725,0.2410097540478465,0.3395622455104682,uncertainty_score,24.499768323184565,0.6144490024168074,0.5,0.2674590454241645,3.1300865729698617,12,174,174.jpg
Tomato___Bacterial_spot/175.jpg,Tomato___Bacterial_spot,Tomato_Leaf_Mold,0.4722,Tomato_Bacterial_spot,False,2.5129120324290195,0.6398527999437235,0.7180333786150012,0.930903505815922,outlier_score,19.826095887499356,0.7377559173587526,0.7,0.2052491258414111,3.4833855234796216,12,175,175.jpg
Tomato___Bacterial_spot/176.jpg,Tomato___Bacterial_spot,Tomato_Leaf_Mold,0.2897,Tomato_Bacterial_spot,False,2.4588750770292487,0.8683963899897046,0.3327065737609324,0.5688207349598622,uncertainty_score,18.407477169058964,0.6818132490589864,0.5,0.1863662970580057,3.143175943704981,12,176,176.jpg
Tomato___Bacterial_spot/177.jpg,Tomato___Bacterial_spot,Tomato_Bacterial_spot,0.5617,Tomato_Bacterial_spot,True,1.980308897210688,0.5230622263986344,0.368478514402721,0.6555240930405499,outlier_score,9.945925658758068,0.1863695502234018,0.7,0.0737370004513493,2.183344601123828,0,177,177.jpg
Tomato___Bacterial_spot/178.jpg,Tomato___Bacterial_spot,Tomato_Bacterial_spot,0.447,Tomato_Bacterial_spot,True,2.15309503759101,0.6683388571778612,0.4442539562797778,0.5716775572177517,uncertainty_score,11.8453288624568,0.365249312537586,0.5,0.0990194142668991,2.3790277464755207,3,178,178.jpg
Tomato___Bacterial_spot/179.jpg,Tomato___Bacterial_spot,Tomato_Bacterial_spot,0.5633,Tomato_Bacterial_spot,True,1.989971593388846,0.5399656857344416,0.3798549274407532,0.605788945670565,outlier_score,9.54624722682072,0.1963730192045282,0.7,0.0684169949413486,2.1953715308210797,0,179,179.jpg
Tomato___Bacterial_spot/180.jpg,Tomato___Bacterial_spot,Tomato_Early_blight,0.2784,Tomato_Bacterial_spot,False,2.437796167976742,0.8768128359205735,0.2462327018403656,0.4087345593872606,uncertainty_score,16.37245811252978,0.6599909533999989,0.5,0.1592787393401336,3.0589000158101984,6,180,180.jpg
Tomato___Bacterial_spot/181.jpg,Tomato___Bacterial_spot,Tomato_Bacterial_spot,0.2859,Tomato_Bacterial_spot,True,2.3496020069007084,0.8700980636654579,0.3056094636034878,0.4350754011863268,uncertainty_score,29.891221055134277,0.5686864625649433,0.5,0.339223133623391,3.146207625564973,12,181,181.jpg
Tomato___Bacterial_spot/182.jpg,Tomato___Bacterial_spot,Tomato_Bacterial_spot,0.7734,Tomato_Bacterial_spot,True,1.8642423611071333,0.2701440396679353,0.365455413062698,0.6048497442748069,outlier_score,25.868880468490232,0.0662097136466075,0.7,0.285682906345378,2.260943786811282,0,182,182.jpg
Tomato___Bacterial_spot/183.jpg,Tomato___Bacterial_spot,Tomato_Bacterial_spot,0.8301,Tomato_Bacterial_spot,True,1.8572634864482136,0.1973212143487394,0.4833763067887777,0.621111882348018,outlier_score,20.907534876715648,0.0589847161007383,0.7,0.2196438515049217,2.147435209458859,0,183,183.jpg
Tomato___Bacterial_spot/184.jpg,Tomato___Bacterial_spot,Tomato_Early_blight,0.3889,Tomato_Bacterial_spot,False,2.412257429670849,0.7493083463883161,0.1773664302814963,0.3116176934369812,uncertainty_score,24.71700299981817,0.6335515443831252,0.5,0.2703505941901363,3.172628980051455,12,184,184.jpg
Tomato___Bacterial_spot/185.jpg,Tomato___Bacterial_spot,Tomato_Tomato_yellow_Leaf_Curl_Virus,0.4026,Tomato_Bacterial_spot,False,2.1169859646700244,0.7306289512705361,0.1219406577802285,0.4241394064951049,uncertainty_score,20.290840783056392,0.3278667865590901,0.5,0.2114352124739159,2.472886391829054,3,185,185.jpg
Tomato___Bacterial_spot/186.jpg,Tomato___Bacterial_spot,Tomato_Early_blight,0.3915,Tomato_Bacterial_spot,False,2.2883267631293904,0.7287647137801725,0.1477883867759941,0.2544630900709301,uncertainty_score,12.579097836369131,0.505250234303632,0.5,0.1087864036072022,2.6736800740180677,3,186,186.jpg
Tomato___Bacterial_spot/187.jpg,Tomato___Bacterial_spot,Tomato_Bacterial_spot,0.5934,Tomato_Bacterial_spot,True,2.156644909574041,0.4887271231148232,0.4169994689127962,0.6037948508441817,outlier_score,40.677712962793976,0.368924377303618,0.7,0.4827990481509032,3.1620473268335907,12,187,187.jpg
Tomato___Bacterial_spot/188.jpg,Tomato___Bacterial_spot,Tomato_Bacterial_spot,0.6779,Tomato_Bacterial_spot,True,2.0804513107717173,0.4000082907545451,0.5830908792474638,0.6978656899548517,outlier_score,22.10161739304345,0.2900436707051496,0.7,0.2355379430010951,2.633394255911942,3,188,188.jpg
Tomato___Bacterial_spot/189.jpg,Tomato___Bacterial_spot,Tomato_Tomato_yellow_Leaf_Curl_Virus,0.3352,Tomato_Bacterial_spot,False,2.2240082642551826,0.8127347615451159,0.0413040899370164,0.2328256669482075,uncertainty_score,15.51560406218363,0.4386634249351318,0.5,0.1478733996849218,2.5991369493976464,3,189,189.jpg
Tomato___Bacterial_spot/190.jpg,Tomato___Bacterial_spot,Tomato_Tomato_yellow_Leaf_Curl_Virus,0.6779,Tomato_Bacterial_spot,False,1.8857134784642808,0.3848837967990741,0.2263764897856873,0.4612765101525122,outlier_score,25.332992413551715,0.088438049559503,0.7,0.2785498534278182,2.2947008792607333,0,190,190.jpg
Tomato___Bacterial_spot/191.jpg,Tomato___Bacterial_spot,Tomato_Bacterial_spot,0.522,Tomato_Bacterial_spot,True,2.1817487096166204,0.5791679496276809,0.3232087998286481,0.4142135936120361,uncertainty_score,28.403235090314208,0.3949135091571057,0.5,0.3194169772259218,2.768952484153094,6,191,191.jpg
Tomato___Bacterial_spot/192.jpg,Tomato___Bacterial_spot,Tomato_Bacterial_spot,0.5525,Tomato_Bacterial_spot,True,2.0913168273907767,0.5390248846037068,0.4773660493774215,0.6477262841594618,outlier_score,14.52775069194095,0.3012923798085535,0.7,0.1347243654793744,2.504671307836169,3,192,192.jpg
Tomato___Bacterial_spot/193.jpg,Tomato___Bacterial_spot,Tomato_Bacterial_spot,0.5306,Tomato_Bacterial_spot,True,2.117457930770416,0.5640258692231748,0.3005869171365731,0.4458719094691954,uncertainty_score,15.923091117830044,0.3283553974145246,0.5,0.1532973435559604,2.38665681016299,3,193,193.jpg
Tomato___Bacterial_spot/194.jpg,Tomato___Bacterial_spot,Tomato_Bacterial_spot,0.6952,Tomato_Bacterial_spot,True,1.8667582056103007,0.364410436094428,0.1377902448081941,0.2494163999311924,uncertainty_score,9.816356461707407,0.0688142840464987,0.5,0.0720123418579531,1.7456470808799271,0,194,194.jpg
Tomato___Bacterial_spot/195.jpg,Tomato___Bacterial_spot,Tomato_Bacterial_spot,0.4844,Tomato_Bacterial_spot,True,2.267459351587596,0.621184267044465,0.1208337742328852,0.5203121287538255,uncertainty_score,23.285088591282165,0.4836468950051662,0.5,0.2512907902714325,2.8442299754174813,6,195,195.jpg
Tomato___Bacterial_spot/196.jpg,Tomato___Bacterial_spot,Tomato_Bacterial_spot,0.5653,Tomato_Bacterial_spot,True,2.171353075520633,0.517164558989864,0.2687572746729223,0.244977636945646,uncertainty_score,32.56820001576295,0.3841512538506193,0.5,0.3748556363623248,2.830585962244726,6,196,196.jpg
Tomato___Bacterial_spot/197.jpg,Tomato___Bacterial_spot,Tomato_Bacterial_spot,0.8071,Tomato_Bacterial_spot,True,1.9766935385500584,0.2291611847562137,0.2290269617873107,0.404366336355633,outlier_score,34.87288139494228,0.1826266892712997,0.7,0.4055325922756022,2.6735522669560026,3,197,197.jpg
Tomato___Bacterial_spot/198.jpg,Tomato___Bacterial_spot,Tomato_Bacterial_spot,0.7026,Tomato_Bacterial_spot,True,1.8475945793065047,0.3544341903623746,0.1775471482673567,0.2421809211695795,uncertainty_score,43.929844699237165,0.0489748171149758,0.5,0.5260872452979481,2.387080502176874,3,198,198.jpg
Tomato___Bacterial_spot/199.jpg,Tomato___Bacterial_spot,Tomato_Bacterial_spot,0.3761,Tomato_Bacterial_spot,True,2.34064472313154,0.7632702134987525,0.2374158405856415,0.3099875347720232,uncertainty_score,18.23592082281239,0.5594132836624993,0.5,0.1840827595078723,2.8949507065868074,6,199,199.jpg
Tomato___Bacterial_spot/200.jpg,Tomato___Bacterial_spot,Tomato_Tomato_yellow_Leaf_Curl_Virus,0.4792,Tomato_Bacterial_spot,False,2.0698263972128554,0.6262404450346989,0.113611883906552,0.2156377406966143,uncertainty_score,22.04348414641804,0.2790440499726385,0.5,0.2347641479507535,2.4102343218714077,3,200,200.jpg
Tomato___Bacterial_spot/201.jpg,Tomato___Bacterial_spot,Tomato_Early_blight,0.3893,Tomato_Bacterial_spot,False,2.46616466213875,0.741111731070386,0.4558809213990935,0.6529748396409552,uncertainty_score,16.962585570626878,0.6893599148325633,0.5,0.1671337574692363,3.1294204658689813,12,201,201.jpg
Tomato___Bacterial_spot/202.jpg,Tomato___Bacterial_spot,Tomato_Bacterial_spot,0.6896,Tomato_Bacterial_spot,True,1.9648312469755145,0.3611966972648712,0.1633096103249424,0.2915515805145983,uncertainty_score,23.468768953994225,0.1703460521051163,0.5,0.2537357071436551,2.2212956649257154,0,202,202.jpg
Tomato___Bacterial_spot/203.jpg,Tomato___Bacterial_spot,Tomato_healthy,0.3277,Tomato_Bacterial_spot,False,2.2582850210870875,0.8182814388996145,0.2608814294813875,0.384169612092104,uncertainty_score,13.901405027930418,0.474149014818072,0.5,0.1263872571506884,2.637878915362177,3,203,203.jpg
Tomato___Bacterial_spot/204.jpg,Tomato___Bacterial_spot,Tomato_Early_blight,0.4971,Tomato_Bacterial_spot,False,2.246546834066424,0.6115403904206465,0.1780524997513192,0.2590689645387762,uncertainty_score,25.18606792470269,0.4619968589817647,0.5,0.2765941834997663,2.8388849932131786,6,204,204.jpg
Tomato___Bacterial_spot/205.jpg,Tomato___Bacterial_spot,Tomato_Bacterial_spot,0.5857,Tomato_Bacterial_spot,True,1.9873987593222584,0.505737948460916,0.2046841282942569,0.3143433661961894,uncertainty_score,21.85521528264307,0.193709449399149,0.5,0.232258154850777,2.235806131074464,0,205,205.jpg
Tomato___Bacterial_spot/206.jpg,Tomato___Bacterial_spot,Tomato_Bacterial_spot,0.6081,Tomato_Bacterial_spot,True,1.9240128673811625,0.464012324701712,0.246230859176777,0.3778272684604056,uncertainty_score,20.6144098818234,0.1280881370673927,0.5,0.215742148377268,2.079789496700688,0,206,206.jpg
Tomato___Bacterial_spot/207.jpg,Tomato___Bacterial_spot,Tomato_Early_blight,0.6884,Tomato_Bacterial_spot,False,2.003420745188037,0.3726263373921823,0.2965429379770259,0.5323306191458947,outlier_score,19.585059962087087,0.2102964801480462,0.7,0.2020407654475674,2.423654108467444,3,207,207.jpg
Tomato___Bacterial_spot/208.jpg,Tomato___Bacterial_spot,Tomato_Early_blight,0.6144,Tomato_Bacterial_spot,False,2.152331487945527,0.4632015007300224,0.4284643521461344,0.5873888334493829,outlier_score,22.432748232412735,0.364458834905535,0.7,0.2399455310749291,2.788835966423464,6,208,208.jpg
Tomato___Bacterial_spot/209.jpg,Tomato___Bacterial_spot,Tomato_Bacterial_spot,0.5806,Tomato_Bacterial_spot,True,2.1315587622083294,0.5135669478798982,0.2790331059807547,0.383995377169573,uncertainty_score,19.983295338790597,0.3429535206812072,0.5,0.2073415628613041,2.4969193856543708,3,209,209.jpg
Tomato___Bacterial_spot/210.jpg,Tomato___Bacterial_spot,Tomato_Bacterial_spot,0.3902,Tomato_Bacterial_spot,True,2.2435157213515287,0.7339614355774012,0.1199858613585387,0.3239373356988749,uncertainty_score,22.438142789261804,0.4588588484862787,0.5,0.2400173364811451,2.777743701694275,6,210,210.jpg
Tomato___Early_blight/1.jpg,Tomato___Early_blight,Tomato_Early_blight,0.6191,Tomato_Early_blight,True,2.0675091102184338,0.4609471100845945,0.4092805940735551,0.3525751281814771,uncertainty_score,22.74113589517468,0.2766450395782659,0.5,0.2440503912175122,2.4193656659828005,3,1,1.jpg
Tomato___Early_blight/2.jpg,Tomato___Early_blight,Tomato_Tomato_yellow_Leaf_Curl_Virus,0.3387,Tomato_Early_blight,False,2.330635325553664,0.8094480906769136,0.1782391468296863,0.5820764033497445,uncertainty_score,40.09695487640108,0.5490508862173246,0.5,0.4750687430538497,3.310704887015424,12,2,2.jpg
Tomato___Early_blight/3.jpg,Tomato___Early_blight,Tomato_Early_blight,0.555,Tomato_Early_blight,True,2.1908410824163287,0.5344869896115072,0.4697234939967872,0.4381811662159418,uncertainty_score,20.35149393289209,0.404326541253915,0.5,0.2122425492365247,2.627016906362617,3,3,3.jpg
Tomato___Early_blight/4.jpg,Tomato___Early_blight,Tomato_Early_blight,0.8839,Tomato_Early_blight,True,1.9376179529143351,0.1283036384663523,0.5394222658253234,0.4607858392868184,density_score,33.81408863259701,0.1421730310356316,1.2,0.391439304073079,3.071505018180882,6,4,4.jpg
Tomato___Early_blight/5.jpg,Tomato___Early_blight,Tomato_Late_blight,0.6948,Tomato_Early_blight,False,1.8263728678990927,0.3683928800891618,0.3159263946721867,0.3498586591872948,uncertainty_score,9.991297528444228,0.0270046829126471,0.5,0.0743409324562848,1.6655207645097214,0,5,5.jpg
Tomato___Early_blight/6.jpg,Tomato___Early_blight,Tomato_Early_blight,0.6082,Tomato_Early_blight,True,2.149934999971231,0.4762654983353096,0.2352146065347545,0.3655618789608845,uncertainty_score,21.940729669367705,0.3619778303626518,0.5,0.2333964124403952,2.574050279385897,3,6,6.jpg
Tomato___Early_blight/7.jpg,Tomato___Early_blight,Tomato_Septoria_leaf_spot,0.3578,Tomato_Early_blight,False,2.445244043418506,0.7799129056973962,0.3425884928799064,0.5033573041539272,uncertainty_score,28.99059229262477,0.6677014919063623,0.5,0.327235121271084,3.326255665719351,12,7,7.jpg
Tomato___Early_blight/8.jpg,Tomato___Early_blight,Tomato_Late_blight,0.5418,Tomato_Early_blight,False,1.9311897530779207,0.5530744622813896,0.2845590551728588,0.5586344539457333,outlier_score,7.668571566339957,0.135518128875569,0.7,0.0434237902509399,2.036171943127548,0,8,8.jpg
Tomato___Early_blight/9.jpg,Tomato___Early_blight,Tomato_Early_blight,0.8094,Tomato_Early_blight,True,1.8708675404117328,0.2195388847841525,0.3200867242765047,0.2574181862318317,density_score,37.170091389824414,0.0730685421191172,1.2,0.4361100987253803,3.000302232326305,6,9,9.jpg
Tomato___Early_blight/10.jpg,Tomato___Early_blight,Tomato_Early_blight,0.7033,Tomato_Early_blight,True,1.9994857737337304,0.347955800672231,0.2700521040914978,0.4913858158620269,outlier_score,17.266979614437684,0.2062227346675922,0.7,0.1711854596900324,2.369223658870233,3,10,10.jpg
Tomato___Early_blight/11.jpg,Tomato___Early_blight,Tomato_Spider_mites Two-spotted_spider_mite,0.436,Tomato_Early_blight,False,2.331716834633678,0.6821615105488769,0.4904107230012891,0.761592623245203,outlier_score,28.4761865403407,0.5501705367098216,0.7,0.3203880131515339,3.280923093146944,12,11,11.jpg
Tomato___Early_blight/12.jpg,Tomato___Early_blight,Tomato_Leaf_Mold,0.4945,Tomato_Early_blight,False,2.301091242151074,0.608700105008835,0.308838789326519,0.3890740788681203,uncertainty_score,20.554915498979412,0.5184648762213073,0.5,0.214950235631289,2.859355105889548,6,12,12.jpg
Tomato___Early_blight/13.jpg,Tomato___Early_blight,Tomato_Late_blight,0.6358,Tomato_Early_blight,False,1.8513717254056288,0.4475386988702627,0.3022756793351151,0.5045557541879624,outlier_score,7.44520941680276,0.0528851712379979,0.7,0.0404506804423783,1.8664463631395631,0,13,13.jpg
Tomato___Early_blight/14.jpg,Tomato___Early_blight,Tomato_Tomato_yellow_Leaf_Curl_Virus,0.2767,Tomato_Early_blight,False,2.467785976660343,0.8832097959181261,0.2201370070416377,0.2671696748481317,uncertainty_score,20.27563722009233,0.6910384080011746,0.5,0.2112328421875125,3.1989260792836176,12,14,14.jpg
Tomato___Early_blight/15.jpg,Tomato___Early_blight,Tomato_Early_blight,0.3573,Tomato_Early_blight,True,2.3704029523584604,0.7808179427889168,0.3109622054425323,0.3570697149908603,uncertainty_score,21.81774453251159,0.5902209917303204,0.5,0.2317593923926753,3.028081072049654,6,15,15.jpg
Tomato___Early_blight/16.jpg,Tomato___Early_blight,Tomato_Septoria_leaf_spot,0.2904,Tomato_Early_blight,False,2.403331930273179,0.8640577095630455,0.2508587002236387,0.5023184791364301,uncertainty_score,15.927418260212947,0.6243112707866648,0.5,0.1533549409129356,2.978654952942733,6,16,16.jpg
Tomato___Early_blight/17.jpg,Tomato___Early_blight,Tomato_Septoria_leaf_spot,0.3413,Tomato_Early_blight,False,2.4564996493566458,0.7985626698653314,0.4203078838462436,0.5025235475047147,uncertainty_score,25.64176254187089,0.6793540475481797,0.5,0.2826598044602499,3.282697801786734,12,17,17.jpg
Tomato___Early_blight/18.jpg,Tomato___Early_blight,Tomato_Late_blight,0.2832,Tomato_Early_blight,False,2.463299430293543,0.87081992089497,0.166338743512451,0.2610398967827091,uncertainty_score,38.279356385486885,0.6863936353015923,0.5,0.4508752084171143,3.549100083228856,12,18,18.jpg
Tomato___Early_blight/19.jpg,Tomato___Early_blight,Tomato_Early_blight,0.778,Tomato_Early_blight,True,1.9333439844817,0.2629791134316357,0.4487975581075735,0.3753151661796626,density_score,20.18057223596446,0.1377483332231491,1.2,0.2099674593223003,2.7904478554297487,6,19,19.jpg
Tomato___Early_blight/20.jpg,Tomato___Early_blight,Tomato_Early_blight,0.3961,Tomato_Early_blight,True,2.3702179308340883,0.7361537564027052,0.4463473630666192,0.4045391050179502,uncertainty_score,26.90888701768897,0.5900294450806305,0.5,0.2995261366276699,3.129348095102766,12,20,20.jpg
Tomato___Early_blight/21.jpg,Tomato___Early_blight,Tomato_Leaf_Mold,0.267,Tomato_Early_blight,False,2.4364374788071825,0.8952244441001048,0.2369051198779069,0.449928331808997,uncertainty_score,27.46143374835697,0.6585843475508568,0.5,0.3068809284222578,3.2774900877351003,12,21,21.jpg
Tomato___Early_blight/22.jpg,Tomato___Early_blight,Tomato_Late_blight,0.6563,Tomato_Early_blight,False,2.198540468682101,0.4107839809912653,0.1444856135534031,0.4142408547435471,outlier_score,31.944765307096283,0.4122974605773917,0.7,0.3665572749292209,3.0744308335486146,6,22,22.jpg
Tomato___Early_blight/23.jpg,Tomato___Early_blight,Tomato_Late_blight,0.4218,Tomato_Early_blight,False,2.2660012341024007,0.6992652928398695,0.2782536522549533,0.3681196049412196,uncertainty_score,12.760701250333703,0.482137354317448,0.5,0.1112036748075603,2.6310802208462367,3,23,23.jpg
Tomato___Early_blight/24.jpg,Tomato___Early_blight,Tomato_Early_blight,0.6964,Tomato_Early_blight,True,1.9522102699092443,0.3564669769714317,0.2555258623002862,0.2080010534132514,uncertainty_score,25.1778635404067,0.1572799730039925,0.5,0.2764849772825349,2.229287411931787,0,24,24.jpg
Tomato___Early_blight/25.jpg,Tomato___Early_blight,Tomato_Target_Spot,0.6939,Tomato_Early_blight,False,1.838269803147792,0.3601972992682337,0.2676068709079112,0.5270975109022262,outlier_score,7.00691260517078,0.0393211855260531,0.7,0.0346166367047784,1.8305673261092736,0,25,25.jpg
Tomato___Early_blight/26.jpg,Tomato___Early_blight,Tomato_Early_blight,0.5171,Tomato_Early_blight,True,2.0644969002612426,0.5842066889541657,0.343842704200972,0.5522838674544552,uncertainty_score,6.985637659822133,0.2735265984810994,0.5,0.0343334519806712,2.0985533749332053,0,26,26.jpg
Tomato___Early_blight/27.jpg,Tomato___Early_blight,Tomato_Early_blight,0.8613,Tomato_Early_blight,True,1.9259740736535849,0.1519690874561548,0.4219734952630098,0.3325235781390255,density_score,25.05760868997542,0.1301185088963358,1.2,0.2748842992979921,2.87256346673966,6,27,27.jpg
Tomato___Early_blight/28.jpg,Tomato___Early_blight,Tomato_Septoria_leaf_spot,0.381,Tomato_Early_blight,False,2.391761792918412,0.7511953428127249,0.2032741559410421,0.4689374290794111,uncertainty_score,55.08747975965498,0.6123330911976792,0.5,0.6746033403803663,3.736571192965908,12,28,28.jpg
Tomato___Early_blight/29.jpg,Tomato___Early_blight,Tomato_Target_Spot,0.4643,Tomato_Early_blight,False,2.176307141131054,0.6523309766752701,0.2629260963888067,0.3837376156674403,uncertainty_score,7.65150777721999,0.3892800337222592,0.5,0.0431966590252201,2.343355055982349,3,29,29.jpg
Tomato___Early_blight/30.jpg,Tomato___Early_blight,Tomato_healthy,0.427,Tomato_Early_blight,False,2.3032168101584407,0.6932443725025672,0.3116581543482386,0.8636490942900548,outlier_score,21.454929613144063,0.5206654063049327,0.7,0.2269300665749433,3.08172591247228,6,30,30.jpg
Tomato___Early_blight/31.jpg,Tomato___Early_blight,Tomato_Early_blight,0.9703,Tomato_Early_blight,True,1.8822559415814384,0.0234787961735729,0.6799152032522505,0.704131158289067,outlier_score,32.1346552331307,0.0848585762612741,0.7,0.3690848455261629,2.4233444208117927,3,31,31.jpg
Tomato___Early_blight/32.jpg,Tomato___Early_blight,Tomato_Early_blight,0.7721,Tomato_Early_blight,True,1.9065173735305685,0.2627315730775702,0.391066298390669,0.337242659149135,density_score,12.881096771310794,0.1099756323568011,1.2,0.1128062252175807,2.5891606025399736,3,32,32.jpg
Tomato___Early_blight/33.jpg,Tomato___Early_blight,Tomato_Early_blight,0.5145,Tomato_Early_blight,True,2.094111715210981,0.5850065029220477,0.2997337746023344,0.243376745580369,uncertainty_score,10.434407609859564,0.304185834502735,0.5,0.080239044253911,2.2287302353863367,0,33,33.jpg
Tomato___Early_blight/34.jpg,Tomato___Early_blight,Tomato_Early_blight,0.5537,Tomato_Early_blight,True,2.250332479511429,0.5346512529569065,0.3968929220912436,0.4660388880375545,uncertainty_score,18.29517569768456,0.4659160121957768,0.5,0.1848714842316116,2.7091392507389718,6,34,34.jpg
Tomato___Early_blight/35.jpg,Tomato___Early_blight,Tomato_Target_Spot,0.594,Tomato_Early_blight,False,1.993036682598198,0.5027820210628023,0.2053499409432183,0.4369349835413347,uncertainty_score,7.849594507756355,0.1995462044382155,0.5,0.0458333349469187,1.9678424112968087,0,35,35.jpg
Tomato___Early_blight/36.jpg,Tomato___Early_blight,Tomato_Late_blight,0.5431,Tomato_Early_blight,False,2.452893198200396,0.560363158694722,0.5899443118158455,0.791250994154608,outlier_score,30.865753307710317,0.6756204082400288,0.7,0.3521948542345011,3.5795330978318094,12,36,36.jpg
Tomato___Early_blight/37.jpg,Tomato___Early_blight,Tomato_Target_Spot,0.4975,Tomato_Early_blight,False,2.1235605514114715,0.6065499768826866,0.2369325487842759,0.4626669654828004,uncertainty_score,6.664008551953755,0.334673238228393,0.5,0.0300523387423552,2.2144249845703188,0,37,37.jpg
Tomato___Early_blight/38.jpg,Tomato___Early_blight,Tomato_Late_blight,0.7052,Tomato_Early_blight,False,1.995435188306804,0.3474565080834487,0.2939788488743798,0.4150301204638632,outlier_score,13.608891638729254,0.2020292978745309,0.7,0.1224936949317917,2.2877991381467493,0,38,38.jpg
Tomato___Early_blight/39.jpg,Tomato___Early_blight,Tomato_Leaf_Mold,0.5143,Tomato_Early_blight,False,2.1906887785204114,0.5914969371130012,0.4846238476048817,0.615201024845436,outlier_score,24.783176836893944,0.4041688660801931,0.7,0.2712314152445889,2.91518485502727,6,39,39.jpg
Tomato___Early_blight/40.jpg,Tomato___Early_blight,Tomato_Tomato_yellow_Leaf_Curl_Virus,0.3512,Tomato_Early_blight,False,2.327277471808445,0.7797866970631443,0.2198018069667997,0.3312142853816033,uncertainty_score,26.341279184991773,0.5455746115664266,0.5,0.2919708708035136,3.029105529338124,6,40,40.jpg
Tomato___Early_blight/41.jpg,Tomato___Early_blight,Tomato_Early_blight,0.9353,Tomato_Early_blight,True,1.8016206489959543,0.0655243011843439,0.6335000908642164,0.5280537866559161,density_score,20.0754666773073,0.0013795313559526,1.2,0.2085684292358446,2.5156117065656725,3,41,41.jpg
Tomato___Early_blight/42.jpg,Tomato___Early_blight,Tomato_Early_blight,0.4385,Tomato_Early_blight,True,2.4068981541220325,0.6754612212517902,0.323048559223668,0.2600708111708122,uncertainty_score,30.227294106001363,0.6280032640972274,0.5,0.3436965060636029,3.271551287289859,12,42,42.jpg
Tomato___Early_blight/43.jpg,Tomato___Early_blight,Tomato_Early_blight,0.7691,Tomato_Early_blight,True,2.167608430730398,0.263753434437681,0.4839466463625119,0.5159719394703688,outlier_score,26.725513899505035,0.3802745472550907,0.7,0.2970853093996511,2.906177058609658,6,43,43.jpg
Tomato___Early_blight/44.jpg,Tomato___Early_blight,Tomato_Early_blight,0.694,Tomato_Early_blight,True,1.9735884374402768,0.3620228909063058,0.2822993871694611,0.1146780116237625,uncertainty_score,13.741189329187844,0.1794120810437147,0.5,0.1242546717220288,2.0452061696704726,0,44,44.jpg
Tomato___Early_blight/45.jpg,Tomato___Early_blight,Tomato_Late_blight,0.3996,Tomato_Early_blight,False,2.497405029308529,0.7299237198856999,0.3168797981776843,0.3417568887786484,uncertainty_score,21.259442496340903,0.7217020311715098,0.5,0.224327993369527,3.2798960523973104,12,45,45.jpg
Tomato___Early_blight/46.jpg,Tomato___Early_blight,Tomato_Early_blight,0.7882,Tomato_Early_blight,True,1.8417591575925287,0.2508479365516387,0.5259695218384207,0.5504866105327324,outlier_score,51.79564139645213,0.042933598491182,0.7,0.630786619659705,2.732047126471921,6,46,46.jpg
Tomato___Early_blight/47.jpg,Tomato___Early_blight,Tomato_Early_blight,0.7744,Tomato_Early_blight,True,2.0087567737036887,0.2700117718369571,0.3972457161260676,0.3448684905817403,density_score,22.90576665690607,0.2158206935512771,1.2,0.2462417442892334,3.001004003536405,6,47,47.jpg
Tomato___Early_blight/48.jpg,Tomato___Early_blight,Tomato_Early_blight,0.7762,Tomato_Early_blight,True,1.803757380844079,0.2731767415221308,0.3190422849616978,0.3788251262046467,outlier_score,7.796020241821252,0.0035916189937711,0.7,0.0451202231870786,1.7748635727681603,0,48,48.jpg
Tomato___Early_blight/49.jpg,Tomato___Early_blight,Tomato_Early_blight,0.7611,Tomato_Early_blight,True,1.8818037987729803,0.2803168398303809,0.2418735432669837,0.2632975601481435,uncertainty_score,31.3656481181921,0.0843904878027263,0.5,0.3588488113502073,2.207054192630764,0,49,49.jpg
Tomato___Early_blight/50.jpg,Tomato___Early_blight,Tomato_Septoria_leaf_spot,0.4527,Tomato_Early_blight,False,2.2520787479964337,0.6621342397300495,0.4444103457967032,0.584402571701232,uncertainty_score,14.541368186262224,0.4677238660597894,0.5,0.134905624058854,2.63780616820786,3,50,50.jpg
Tomato___Early_blight/51.jpg,Tomato___Early_blight,Tomato_Septoria_leaf_spot,0.4197,Tomato_Early_blight,False,2.230094024932682,0.708140833761726,0.3556632271324267,0.5367412132868732,uncertainty_score,9.398580960365504,0.4449638111877324,0.5,0.0664514514233384,2.489604799510473,3,51,51.jpg
Tomato___Early_blight/52.jpg,Tomato___Early_blight,Tomato_Early_blight,0.6526,Tomato_Early_blight,True,1.8869488157537808,0.4126596718412946,0.4437734736222618,0.4953892846959783,outlier_score,6.952433193954713,0.0897169532970204,0.7,0.0338914768144981,1.930271121815788,0,52,52.jpg
Tomato___Early_blight/53.jpg,Tomato___Early_blight,Tomato_Early_blight,0.4392,Tomato_Early_blight,True,2.173738795566212,0.6771944470861064,0.1853107091978653,0.4632445621187195,uncertainty_score,7.853941616713012,0.3866211107139187,0.5,0.0458911980732573,2.3420790185377234,3,53,53.jpg
Tomato___Early_blight/54.jpg,Tomato___Early_blight,Tomato_Early_blight,0.9039,Tomato_Early_blight,True,1.903210115553748,0.1035982244189027,0.5825291964850721,0.5468533491705625,density_score,29.10579178342772,0.1065517378273952,1.2,0.3287685088067842,2.906256238864967,6,54,54.jpg
Tomato___Early_blight/55.jpg,Tomato___Early_blight,Tomato_Leaf_Mold,0.3786,Tomato_Early_blight,False,2.452870681155562,0.7637632252128792,0.3152770083942057,0.5020704118098938,uncertainty_score,28.58369625344283,0.6755970970900774,0.5,0.3218190442514848,3.3339227605573822,12,55,55.jpg
Tomato___Early_blight/56.jpg,Tomato___Early_blight,Tomato_Late_blight,0.4486,Tomato_Early_blight,False,2.1982288673782846,0.6781829089715793,0.2362363866624234,0.3920714172150017,uncertainty_score,23.60165570715521,0.4119748700788668,0.5,0.2555045247793622,2.707206527326777,6,56,56.jpg
Tomato___Early_blight/57.jpg,Tomato___Early_blight,Tomato_Late_blight,0.7233,Tomato_Early_blight,False,1.983315908278044,0.3367835286205048,0.4427958125892266,0.540165286941918,outlier_score,30.0536664481036,0.1894826090822942,0.7,0.3413853978753847,2.591043314977666,3,57,57.jpg
Tomato___Early_blight/58.jpg,Tomato___Early_blight,Tomato_Tomato_yellow_Leaf_Curl_Virus,0.3406,Tomato_Early_blight,False,2.2933933796495056,0.7974238364513443,0.2167744361962664,0.3075636063079548,uncertainty_score,28.873370397480464,0.51049553440039,0.5,0.3256748140885384,3.0095032899335874,6,58,58.jpg
Tomato___Early_blight/59.jpg,Tomato___Early_blight,Tomato_Early_blight,0.4222,Tomato_Early_blight,True,2.487299900535663,0.6980567047708859,0.2441633063189306,0.1401526005445774,uncertainty_score,25.02246393054931,0.7112405263941836,0.5,0.2744164974381612,3.334105798945609,12,59,59.jpg
Tomato___Early_blight/60.jpg,Tomato___Early_blight,Tomato_Early_blight,0.6703,Tomato_Early_blight,True,2.1207984921997305,0.3984197467152318,0.2620528194169682,0.1600134001962053,uncertainty_score,23.466848478082238,0.3318137699041025,0.5,0.2537101442370352,2.544192756163758,3,60,60.jpg
Tomato___Early_blight/61.jpg,Tomato___Early_blight,Tomato_Septoria_leaf_spot,0.3808,Tomato_Early_blight,False,2.1663330083564447,0.7589469766344813,0.2923780736647695,0.6682082909584837,uncertainty_score,6.076548025912644,0.3789541447586823,0.5,0.0222328193845118,2.2912575185941324,0,61,61.jpg
Tomato___Early_blight/62.jpg,Tomato___Early_blight,Tomato_Early_blight,0.4305,Tomato_Early_blight,True,2.451534474524652,0.6899202380643615,0.4300320581209036,0.380063205594733,uncertainty_score,28.511732530673918,0.6742137666677779,0.5,0.3208611556814285,3.3297192668576985,12,62,62.jpg
Tomato___Early_blight/63.jpg,Tomato___Early_blight,Tomato_Early_blight,0.868,Tomato_Early_blight,True,1.8368197275753304,0.1488111375720665,0.4513150117220577,0.3902449751006443,density_score,15.335047909392976,0.037819970363954,1.2,0.1454700682790846,2.493845043146535,3,63,63.jpg
Tomato___Early_blight/64.jpg,Tomato___Early_blight,Tomato_Early_blight,0.525,Tomato_Early_blight,True,2.342885827510785,0.575184545028588,0.3267733244882657,0.2334558544772949,uncertainty_score,29.845177732397595,0.5617334247212568,0.5,0.3386102640985819,3.131382245590386,12,64,64.jpg
Tomato___Early_blight/65.jpg,Tomato___Early_blight,Tomato_Early_blight,0.6559,Tomato_Early_blight,True,2.123227858003593,0.4061704199326291,0.4712984776583659,0.4488371303416174,density_score,33.79080614768329,0.3343288117738533,1.2,0.39112939756292,3.4553517198920867,12,65,65.jpg
Tomato___Early_blight/66.jpg,Tomato___Early_blight,Tomato_Late_blight,0.5663,Tomato_Early_blight,False,2.084121614045279,0.519229710576557,0.2808424049348267,0.4397948469357901,uncertainty_score,18.529222518706973,0.293843413993301,0.5,0.1879868146521247,2.3696670499647894,3,66,66.jpg
Tomato___Early_blight/67.jpg,Tomato___Early_blight,Tomato_Early_blight,0.7259,Tomato_Early_blight,True,2.009975485502041,0.3224830115271784,0.4956962470537464,0.4210824318639815,density_score,48.87765069303026,0.217082385469037,1.2,0.5919460784148665,3.5220838885603736,12,67,67.jpg
Tomato___Early_blight/68.jpg,Tomato___Early_blight,Tomato_Early_blight,0.5423,Tomato_Early_blight,True,2.3341566282722344,0.5423638714631563,0.6919289921584039,0.7586947055937487,outlier_score,30.726345919871736,0.5526963741710904,0.7,0.3503392422920676,3.330901611780282,12,68,68.jpg
Tomato___Early_blight/69.jpg,Tomato___Early_blight,Tomato_healthy,0.3108,Tomato_Early_blight,False,2.42098267801384,0.840200730842575,0.2752448733013651,0.4850667785973655,uncertainty_score,25.04665887381194,0.6425845047021129,0.5,0.27473854942092,3.197276833535605,12,69,69.jpg
Tomato___Early_blight/70.jpg,Tomato___Early_blight,Tomato_Leaf_Mold,0.4128,Tomato_Early_blight,False,2.3062047691212246,0.7151405360482673,0.2239088575731476,0.4053077340677829,uncertainty_score,36.1656009895925,0.5237587411516447,0.5,0.4227396137630739,3.1816269029479,12,70,70.jpg
Tomato___Early_blight/71.jpg,Tomato___Early_blight,Tomato_Late_blight,0.6994,Tomato_Early_blight,False,1.8687591638742864,0.3556978284503966,0.3466875826659913,0.3404228758628854,uncertainty_score,12.378035894951363,0.0708858097943077,0.5,0.1061101255028044,1.800936807842822,0,71,71.jpg
Tomato___Early_blight/72.jpg,Tomato___Early_blight,Tomato_Late_blight,0.6305,Tomato_Early_blight,False,1.8749642277281724,0.4525435953662514,0.2686170236700296,0.5465258850123018,outlier_score,7.907579952984141,0.0773097066698575,0.7,0.0466051626550499,1.9245271573222895,0,72,72.jpg
Tomato___Early_blight/73.jpg,Tomato___Early_blight,Tomato_Late_blight,0.4534,Tomato_Early_blight,False,2.0352959272984306,0.6667803135516078,0.291202247751936,0.4539836799285673,uncertainty_score,7.811649131250328,0.2432957993473651,0.5,0.0453282548726385,2.054583981003688,0,73,73.jpg
Tomato___Early_blight/74.jpg,Tomato___Early_blight,Tomato_Early_blight,0.8352,Tomato_Early_blight,True,1.9420565011699424,0.1895990636915419,0.3851062430548083,0.3785813901797256,density_score,17.939870208614224,0.1467681128821006,1.2,0.1801421142968238,2.763749397209437,6,74,74.jpg
Tomato___Early_blight/75.jpg,Tomato___Early_blight,Tomato_Early_blight,0.7312,Tomato_Early_blight,True,2.06678049852641,0.3161597963873443,0.5153197286982372,0.5786042042125841,outlier_score,23.11239627368461,0.2758907320510437,0.7,0.2489921321309357,2.6252696622984915,3,75,75.jpg
Tomato___Early_blight/76.jpg,Tomato___Early_blight,Tomato_Early_blight,0.501,Tomato_Early_blight,True,2.418108606388452,0.6078668915663149,0.4971029510582789,0.5889326687271035,uncertainty_score,20.40546582909169,0.6396090736398081,0.5,0.2129609537393026,3.0986595778885704,12,76,76.jpg
Tomato___Early_blight/77.jpg,Tomato___Early_blight,Tomato_Early_blight,0.5751,Tomato_Early_blight,True,1.903786784733158,0.512971151499352,0.1577200743500272,0.3731737318479356,uncertainty_score,11.053555133759458,0.1071487443090478,0.5,0.088480340194461,1.847017998909787,0,77,77.jpg
Tomato___Early_blight/78.jpg,Tomato___Early_blight,Tomato_Early_blight,0.8528,Tomato_Early_blight,True,2.045767186004481,0.1668031833246177,0.2665829870157502,0.0851591776081708,density_score,30.738049652127124,0.2541363463052734,1.2,0.3504950273310161,3.234015233607071,12,78,78.jpg
Tomato___Early_blight/79.jpg,Tomato___Early_blight,Tomato_Early_blight,0.5526,Tomato_Early_blight,True,1.954815095621245,0.5447158742899934,0.173316710754909,0.3342102641725498,uncertainty_score,11.778274766603056,0.1599766626991667,0.5,0.0981268763391433,1.9671436399070483,0,79,79.jpg
Tomato___Early_blight/80.jpg,Tomato___Early_blight,Tomato_Early_blight,0.5346,Tomato_Early_blight,True,2.0907013399019174,0.5633040119936628,0.3225560893206676,0.5402862857817403,uncertainty_score,11.98971323060035,0.300655186018171,0.5,0.1009412733733771,2.252722282096408,0,80,80.jpg
Tomato___Early_blight/81.jpg,Tomato___Early_blight,Tomato_Late_blight,0.784,Tomato_Early_blight,False,1.9429831725075704,0.2546690729066935,0.5677443272365674,0.4283611254137009,density_score,25.257434659852624,0.147727464993638,1.2,0.2775441257380502,2.911771118594352,6,81,81.jpg
Tomato___Early_blight/82.jpg,Tomato___Early_blight,Tomato_Early_blight,0.7814,Tomato_Early_blight,True,1.9699912483868467,0.2622168369264001,0.6662334408809613,0.6533278486685303,density_score,26.569603551386518,0.1756880304835227,1.2,0.2950100312640857,2.9938911078631736,6,82,82.jpg
Tomato___Early_blight/83.jpg,Tomato___Early_blight,Tomato_Early_blight,0.5735,Tomato_Early_blight,True,2.1682813689261407,0.5128843276438215,0.4179901231128877,0.4209437145068329,uncertainty_score,13.1985921325916,0.3809712178574991,0.5,0.1170323153351438,2.437490908717714,3,83,83.jpg
Tomato___Early_blight/84.jpg,Tomato___Early_blight,Tomato_Late_blight,0.4685,Tomato_Early_blight,False,2.318414764137036,0.6412926719853114,0.3579517186197593,0.4795687015608361,uncertainty_score,38.53754553206992,0.5363993441622694,0.5,0.4543118904411756,3.2542665239863022,12,84,84.jpg
Tomato___Early_blight/85.jpg,Tomato___Early_blight,Tomato_Early_blight,0.3561,Tomato_Early_blight,True,2.4423397350480665,0.786647037824979,0.2342397477795884,0.2916495773565674,uncertainty_score,20.495825426384435,0.6646947577444221,0.5,0.2141637045436147,3.1506350723042664,12,85,85.jpg
Tomato___Early_blight/86.jpg,Tomato___Early_blight,Tomato_Early_blight,0.3778,Tomato_Early_blight,True,2.497107723037965,0.7536817563571874,0.2257382871163569,0.3508473559497726,uncertainty_score,38.72143904493518,0.7213942398469511,0.5,0.4567596444942388,3.627927946435261,12,86,86.jpg
Tomato___Early_blight/87.jpg,Tomato___Early_blight,Tomato_Early_blight,0.5345,Tomato_Early_blight,True,2.2650838729094804,0.5666501664394837,0.3754069746135164,0.4825576905693002,uncertainty_score,22.925482626251384,0.4811876406900434,0.5,0.2465041779288062,2.8321315482732965,6,87,87.jpg
Tomato___Early_blight/88.jpg,Tomato___Early_blight,Tomato_Early_blight,0.368,Tomato_Early_blight,True,2.515765980489288,0.7601049482430067,0.2419295993958139,0.3322826607305031,uncertainty_score,23.801992916819938,0.7407105151612972,0.5,0.2581711561862868,3.3686777646020243,12,88,88.jpg
Tomato___Early_blight/89.jpg,Tomato___Early_blight,Tomato_Early_blight,0.7453,Tomato_Early_blight,True,1.843216378383794,0.2985449725773318,0.3644796503545127,0.352135946370225,density_score,26.808178002043785,0.0444422108614049,1.2,0.2981856276701509,2.7361628632280364,6,89,89.jpg
Tomato___Early_blight/90.jpg,Tomato___Early_blight,Tomato_Leaf_Mold,0.2895,Tomato_Early_blight,False,2.561069338577366,0.8687481189704066,0.2939319713517154,0.3429886050913484,uncertainty_score,23.79050767253496,0.7876115797315935,0.5,0.2580182793783399,3.4622505785306967,12,90,90.jpg
Tomato___Early_blight/91.jpg,Tomato___Early_blight,Tomato_Early_blight,0.6929,Tomato_Early_blight,True,1.93101187981507,0.3666764278848076,0.1772056763202232,0.2517345621404361,uncertainty_score,23.29022718824201,0.1353339825840275,0.5,0.2513591886686329,2.1477067481710046,0,91,91.jpg
Tomato___Early_blight/92.jpg,Tomato___Early_blight,Tomato_Late_blight,0.2919,Tomato_Early_blight,False,2.5213772338202443,0.8637432224744178,0.24122539536775,0.3060935484925006,uncertainty_score,31.894841818525958,0.7465196596905793,0.5,0.3658927576246839,3.541878455818184,12,92,92.jpg
Tomato___Early_blight/93.jpg,Tomato___Early_blight,Tomato_Early_blight,0.5051,Tomato_Early_blight,True,2.209133131884702,0.5951967417482423,0.1763063068394732,0.2199872477340065,uncertainty_score,22.64008646846823,0.4232636935853444,0.5,0.2427053511455351,2.7105854138889915,6,93,93.jpg
Tomato___Early_blight/94.jpg,Tomato___Early_blight,Tomato_Late_blight,0.6494,Tomato_Early_blight,False,1.934958221992696,0.4178650390777548,0.3849458705606469,0.4127332414134744,uncertainty_score,12.106812359377148,0.1394194997973316,0.5,0.1024999464478514,1.9325889192664405,0,94,94.jpg
Tomato___Early_blight/95.jpg,Tomato___Early_blight,Tomato_Late_blight,0.5987,Tomato_Early_blight,False,2.087308652251144,0.4933591573342106,0.3020620959577667,0.3469745548195782,uncertainty_score,14.012982686544865,0.2971428489797904,0.5,0.1278724355120639,2.286094351227677,0,95,95.jpg
Tomato___Early_blight/96.jpg,Tomato___Early_blight,Tomato_Early_blight,0.4577,Tomato_Early_blight,True,2.2174074354766624,0.65663574037879,0.2325755472535381,0.219533114066135,uncertainty_score,17.332490971306047,0.4318298057549167,0.5,0.1720574626595646,2.62174580549918,3,96,96.jpg
Tomato___Early_blight/97.jpg,Tomato___Early_blight,Tomato_Target_Spot,0.6697,Tomato_Early_blight,False,1.9488049665337208,0.3924056983937291,0.3875762138967347,0.6927344284550867,outlier_score,7.208426670481439,0.1537545753240597,0.7,0.0372989329012451,2.0634575499999874,0,97,97.jpg
Tomato___Early_blight/98.jpg,Tomato___Early_blight,Tomato_Early_blight,0.4495,Tomato_Early_blight,True,2.238023410296285,0.6744868728611313,0.3234795428174355,0.426540807315415,uncertainty_score,15.424050845211603,0.4531728409514439,0.5,0.1466547609498054,2.626327823327596,3,98,98.jpg
Tomato___Early_blight/99.jpg,Tomato___Early_blight,Tomato_Early_blight,0.9163,Tomato_Early_blight,True,1.817358989798098,0.0910103171124942,0.3011962424604807,0.2295448029475743,density_score,40.10777047870021,0.0176729137748801,1.2,0.4752127064484879,2.948164887222492,6,99,99.jpg
Tomato___Early_blight/100.jpg,Tomato___Early_blight,Tomato_Early_blight,0.7987,Tomato_Early_blight,True,1.899199544907017,0.243346207648524,0.3929746990048265,0.3895439333404941,density_score,22.728982186832923,0.1023997270095577,1.2,0.2438886166753342,2.770632379032117,6,100,100.jpg
Tomato___Early_blight/101.jpg,Tomato___Early_blight,Tomato_Early_blight,0.4586,Tomato_Early_blight,True,2.199274528135006,0.6599504904513341,0.1895101780597754,0.1838252168186505,uncertainty_score,21.561661790405577,0.4130574079908304,0.5,0.2283507481172854,2.668640938157589,3,101,101.jpg
Tomato___Early_blight/102.jpg,Tomato___Early_blight,Tomato_Leaf_Mold,0.6417,Tomato_Early_blight,False,2.0026084460261355,0.4281649345861683,0.3401725953214169,0.4938129176305276,outlier_score,14.998888169431178,0.2094555337579649,0.7,0.1409955419450805,2.33040438043355,3,102,102.jpg
Tomato___Early_blight/103.jpg,Tomato___Early_blight,Tomato_Early_blight,0.6888,Tomato_Early_blight,True,1.8776797081607264,0.3708501799322803,0.2279131302258067,0.2957340687115239,uncertainty_score,12.726780068166832,0.0801209535284012,0.5,0.1107521596353286,1.8263701465097952,0,103,103.jpg
Tomato___Early_blight/104.jpg,Tomato___Early_blight,Tomato_Early_blight,0.5585,Tomato_Early_blight,True,1.9475429198702576,0.5284951829755489,0.3575979890476094,0.5647326942665141,outlier_score,15.21630038654831,0.1524480202572424,0.7,0.1438894539017454,2.220730221367103,0,104,104.jpg
Tomato___Early_blight/105.jpg,Tomato___Early_blight,Tomato_Early_blight,0.2353,Tomato_Early_blight,True,2.48349946073019,0.9335868442129536,0.1932815719241082,0.2464216798797837,uncertainty_score,20.90795285571908,0.7073060570692945,0.5,0.2196494151041145,3.244086236794761,12,105,105.jpg
Tomato___Early_blight/106.jpg,Tomato___Early_blight,Tomato_Early_blight,0.331,Tomato_Early_blight,True,2.230905963388868,0.8243025070222026,0.4794310672080831,0.6764114142175981,uncertainty_score,14.94601727047802,0.4458043841511462,0.5,0.1402917925023446,2.6020464570558097,3,106,106.jpg
Tomato___Early_blight/107.jpg,Tomato___Early_blight,Tomato_Early_blight,0.7076,Tomato_Early_blight,True,1.828866500610389,0.3416348023116869,0.4393752795254176,0.5501642560173496,outlier_score,28.56339463119699,0.0295862581808586,0.7,0.3215488151533412,2.241495739091729,0,107,107.jpg
Tomato___Early_blight/108.jpg,Tomato___Early_blight,Tomato_Early_blight,0.7478,Tomato_Early_blight,True,1.8014967070217465,0.2980976265165819,0.5035195044449621,0.5751593519243072,outlier_score,19.120247066066067,0.001251218339421,0.7,0.1958537736802988,1.9962830971992904,0,108,108.jpg
Tomato___Early_blight/109.jpg,Tomato___Early_blight,Tomato_Early_blight,0.8745,Tomato_Early_blight,True,1.8657021069375963,0.1349032120910236,0.5577365019943774,0.4990931062681643,density_score,35.621308247286414,0.0677209401061927,1.2,0.4154946884512782,2.9586839128893025,6,109,109.jpg
Tomato___Early_blight/110.jpg,Tomato___Early_blight,Tomato_Leaf_Mold,0.4229,Tomato_Early_blight,False,2.421889848597229,0.7039859982308624,0.4978727571713661,0.5696517538287387,uncertainty_score,42.0757857111028,0.6435236683293452,0.5,0.5014083953912131,3.53915992974551,12,110,110.jpg
Tomato___Early_blight/111.jpg,Tomato___Early_blight,Tomato_Early_blight,0.6471,Tomato_Early_blight,True,1.8379374781630933,0.4250199898072488,0.2213958679556968,0.2989614178386054,uncertainty_score,21.41461179166201,0.0389771404878161,0.5,0.2263934075628569,1.9175443923199176,0,111,111.jpg
Tomato___Early_blight/112.jpg,Tomato___Early_blight,Tomato_Early_blight,0.7236,Tomato_Early_blight,True,1.888986307467588,0.3314854261170739,0.3712643308557161,0.3410850166948316,density_score,79.53370005584615,0.0918263009141426,1.2,1.0,3.883652601828285,12,112,112.jpg
Tomato___Early_blight/113.jpg,Tomato___Early_blight,Tomato_Early_blight,0.3987,Tomato_Early_blight,True,2.463900334768347,0.7222315696415623,0.3607722768788661,0.3987426746780422,uncertainty_score,25.781222921754004,0.6870157317810313,0.5,0.2845161217646604,3.3008056462090534,12,113,113.jpg
Tomato___Early_blight/114.jpg,Tomato___Early_blight,Tomato_Early_blight,0.3411,Tomato_Early_blight,True,2.3843212261139257,0.7973980479189356,0.262313565154132,0.2622859368280455,uncertainty_score,29.370694578382228,0.6046301190811673,0.5,0.332294554287751,3.207702069593961,12,114,114.jpg
Tomato___Early_blight/115.jpg,Tomato___Early_blight,Tomato_Early_blight,0.3801,Tomato_Early_blight,True,2.084264945633194,0.7561397212340929,0.2231939053688925,0.4918459796286463,uncertainty_score,6.854912279967628,0.29399180043403,0.5,0.0325934037680323,2.1368737065201087,0,115,115.jpg
Tomato___Early_blight/116.jpg,Tomato___Early_blight,Tomato_Early_blight,0.6685,Tomato_Early_blight,True,1.903377731198448,0.3906992216961805,0.1469450722553574,0.1607003940315911,uncertainty_score,21.02750776435124,0.1067252647469624,0.5,0.2212407763631839,2.0453116940387006,0,116,116.jpg
Tomato___Early_blight/117.jpg,Tomato___Early_blight,Tomato_Early_blight,0.6148,Tomato_Early_blight,True,1.9739547253854617,0.4629086641857951,0.3769812540998062,0.450946657406354,uncertainty_score,7.99471519113168,0.179791286808882,0.5,0.0477649949352486,1.931230066020637,0,117,117.jpg
Tomato___Early_blight/118.jpg,Tomato___Early_blight,Tomato_Leaf_Mold,0.5374,Tomato_Early_blight,False,2.1693541118584907,0.5671400007699614,0.2612563420641588,0.4632439589473767,uncertainty_score,50.15945441867227,0.3820817930479665,0.5,0.6090078018861589,3.177675288925172,12,118,118.jpg
Tomato___Early_blight/119.jpg,Tomato___Early_blight,Tomato_Early_blight,0.5438,Tomato_Early_blight,True,1.927099918393776,0.5513822468639409,0.3989531804203152,0.6063792585501275,outlier_score,15.061536752025514,0.1312840586278408,0.7,0.1418294393434967,2.1753122762709265,0,119,119.jpg
Tomato___Early_blight/120.jpg,Tomato___Early_blight,Tomato_Early_blight,0.2734,Tomato_Early_blight,True,2.493466668471675,0.8851966951958773,0.2284264532486661,0.2879065795160633,uncertainty_score,21.477878301766918,0.7176247767756812,0.5,0.2272355300179644,3.276102848578309,12,120,120.jpg
Tomato___Early_blight/121.jpg,Tomato___Early_blight,Tomato_Tomato_yellow_Leaf_Curl_Virus,0.4515,Tomato_Early_blight,False,2.288207014797959,0.6693508908164524,0.3274017810064218,0.5740220185012403,uncertainty_score,29.71736482144876,0.5051262628264245,0.5,0.3369089829281143,3.0156160000450205,6,121,121.jpg
Tomato___Early_blight/122.jpg,Tomato___Early_blight,Tomato_Early_blight,0.5974,Tomato_Early_blight,True,2.062749515360477,0.4803758504950844,0.4459547927372322,0.4905244317245154,outlier_score,26.08227210002363,0.2717175888288651,0.7,0.2885233014351077,2.676220129810392,3,122,122.jpg
Tomato___Early_blight/123.jpg,Tomato___Early_blight,Tomato_Early_blight,0.4899,Tomato_Early_blight,True,1.942042906331088,0.6204898978781507,0.2179588526602923,0.5498604260350606,uncertainty_score,5.064032092411862,0.1467540385961792,0.5,0.0087555088399389,1.8066413404522668,0,123,123.jpg
Tomato___Early_blight/124.jpg,Tomato___Early_blight,Tomato_Early_blight,0.5207,Tomato_Early_blight,True,1.933166614350456,0.57987325490516,0.1793906597664217,0.4958627065500184,uncertainty_score,5.190909059309682,0.1375647078070786,0.5,0.0104443319263305,1.790795913503653,0,124,124.jpg
Tomato___Early_blight/125.jpg,Tomato___Early_blight,Tomato_Early_blight,0.5369,Tomato_Early_blight,True,1.9466980587375795,0.5570534333219022,0.238800406884869,0.597673058620767,outlier_score,6.729743805399534,0.1515733635384263,0.7,0.0309273219353128,2.049537709979822,0,125,125.jpg
Tomato___Early_blight/126.jpg,Tomato___Early_blight,Tomato_Early_blight,0.6308,Tomato_Early_blight,True,1.927348084807292,0.4402022678095494,0.371735109883554,0.5471631207194141,outlier_score,9.276160690617036,0.1315409770876569,0.7,0.0648219501604338,2.060314879415965,0,126,126.jpg
Tomato___Early_blight/127.jpg,Tomato___Early_blight,Tomato_Septoria_leaf_spot,0.466,Tomato_Early_blight,False,2.062250567822722,0.6457902954870733,0.2760244497072437,0.5149428066478392,uncertainty_score,6.59512776586587,0.271201044985913,0.5,0.0291354862623641,2.086105319365372,0,127,127.jpg
Tomato___Early_blight/128.jpg,Tomato___Early_blight,Tomato_Early_blight,0.4438,Tomato_Early_blight,True,2.3404183142414405,0.6753175739537892,0.4041962588267913,0.3909904209264246,uncertainty_score,24.119636387542148,0.5591788900452931,0.5,0.262399217746343,3.011956606710101,6,128,128.jpg
Tomato___Early_blight/129.jpg,Tomato___Early_blight,Tomato_Early_blight,0.508,Tomato_Early_blight,True,2.239887007324401,0.5977173675864158,0.3949560405425831,0.4524535164957158,uncertainty_score,29.391994912308093,0.4551021611660458,0.5,0.3325780769519618,2.9090714377600344,6,129,129.jpg
Tomato___Early_blight/130.jpg,Tomato___Early_blight,Tomato_Early_blight,0.7548,Tomato_Early_blight,True,2.1457124193481523,0.2884060152453823,0.5141685804692216,0.5596029746471003,outlier_score,32.02477156482378,0.3576063326456112,0.7,0.3676222153861819,2.9666459883704954,6,130,130.jpg
Tomato___Early_blight/131.jpg,Tomato___Early_blight,Tomato_Tomato_yellow_Leaf_Curl_Virus,0.4783,Tomato_Early_blight,False,2.278097138884563,0.6341419331364686,0.2420744013418909,0.3197929687815641,uncertainty_score,28.8507507647254,0.4946598434919018,0.5,0.3253737306142367,2.977380282905159,6,131,131.jpg
Tomato___Early_blight/132.jpg,Tomato___Early_blight,Tomato_Early_blight,0.3195,Tomato_Early_blight,True,2.509724325401652,0.8311849416842957,0.3437322701320469,0.3826695848579765,uncertainty_score,14.294226117833736,0.7344557899635367,0.5,0.131615986538462,3.166335559734766,12,132,132.jpg
Tomato___Early_blight/133.jpg,Tomato___Early_blight,Tomato_Target_Spot,0.5143,Tomato_Early_blight,False,2.0722596455394005,0.5855585548579352,0.258003038750052,0.52627286513902,uncertainty_score,7.114895762729502,0.2815631112893951,0.5,0.0360539696887351,2.117207177111893,0,133,133.jpg
Tomato___Early_blight/134.jpg,Tomato___Early_blight,Tomato_Septoria_leaf_spot,0.5439,Tomato_Early_blight,False,2.390198766927649,0.5545119697584014,0.4226369394574553,0.8742714362858144,outlier_score,25.95316449144458,0.6107149422124473,0.7,0.2868047869140859,3.351637064796024,12,134,134.jpg
Tomato___Early_blight/135.jpg,Tomato___Early_blight,Tomato_Early_blight,0.6139,Tomato_Early_blight,True,2.0682644839949083,0.4655605972505877,0.2434430945912759,0.3277661848700297,uncertainty_score,12.334342293940251,0.277427053004208,0.5,0.1055285324531016,2.2131469046880685,0,135,135.jpg
Tomato___Early_blight/136.jpg,Tomato___Early_blight,Tomato_Leaf_Mold,0.6027,Tomato_Early_blight,False,2.083311287583878,0.4788744997745165,0.4820330157403988,0.6052962248042915,outlier_score,21.43279533341125,0.2930045098746416,0.7,0.2266354434961654,2.625962184993531,3,136,136.jpg
Tomato___Early_blight/137.jpg,Tomato___Early_blight,Tomato_Leaf_Mold,0.6511,Tomato_Early_blight,False,2.025522224844077,0.419773538261278,0.3936756720311805,0.3682508148324961,uncertainty_score,23.36990507182788,0.2331774092489692,0.5,0.2524197582311366,2.3449844558446435,3,137,137.jpg
Tomato___Early_blight/138.jpg,Tomato___Early_blight,Tomato_Early_blight,0.3971,Tomato_Early_blight,True,2.048022805695541,0.7318051004692405,0.340277307780236,0.5925661515101084,uncertainty_score,12.56333706268492,0.2564715145850897,0.5,0.1085766164479715,2.175807953842137,0,138,138.jpg
Tomato___Early_blight/139.jpg,Tomato___Early_blight,Tomato_Leaf_Mold,0.389,Tomato_Early_blight,False,2.4411580574674705,0.7500554749017357,0.3341225497618119,0.303206888052342,uncertainty_score,21.810837493809757,0.6634714061244152,0.5,0.2316674547722902,3.174443994407266,12,139,139.jpg
Tomato___Early_blight/140.jpg,Tomato___Early_blight,Tomato_Early_blight,0.4357,Tomato_Early_blight,True,2.022942192583545,0.69018211359117,0.4177298244203139,0.5879282212195795,uncertainty_score,10.900494138306666,0.2305063873920596,0.5,0.0864429889788151,2.090677258252342,0,140,140.jpg
Tomato___Early_blight/141.jpg,Tomato___Early_blight,Tomato_Early_blight,0.5829,Tomato_Early_blight,True,1.9478596152931944,0.4936426095127764,0.327414267050101,0.3862782107186485,uncertainty_score,12.663406558735176,0.1527758845283942,0.5,0.1099086129427281,1.9704146884708809,0,141,141.jpg
Tomato___Early_blight/142.jpg,Tomato___Early_blight,Tomato_Early_blight,0.5511,Tomato_Early_blight,True,2.145282010788016,0.5328547011275353,0.3840003523572343,0.3191600564681849,uncertainty_score,21.309452117610963,0.35716074493374,0.5,0.2249936571618416,2.551811975610242,3,142,142.jpg
Tomato___Early_blight/143.jpg,Tomato___Early_blight,Tomato_Early_blight,0.7441,Tomato_Early_blight,True,1.82322149317327,0.3082951068217909,0.3230061976135164,0.3266246188508173,outlier_score,23.008870959459625,0.0237421691446025,0.7,0.2476141362269991,2.118905542629704,0,143,143.jpg
Tomato___Early_blight/144.jpg,Tomato___Early_blight,Tomato_Early_blight,0.5631,Tomato_Early_blight,True,2.1623791515366886,0.5255479010166667,0.2490615672508076,0.2456230632722159,uncertainty_score,25.501904926091267,0.3748608478855331,0.5,0.2807981996622213,2.6709189952643984,3,144,144.jpg
Tomato___Early_blight/145.jpg,Tomato___Early_blight,Tomato_Early_blight,0.6675,Tomato_Early_blight,True,2.1480853324712186,0.3967557582874109,0.6189530937376699,0.6960395078076365,outlier_score,20.03943077921829,0.360062930926654,0.7,0.2080887656836682,2.7322590103788107,6,145,145.jpg
Tomato___Early_blight/146.jpg,Tomato___Early_blight,Tomato_Early_blight,0.7902,Tomato_Early_blight,True,1.847235120127848,0.2329919271548591,0.3561663828512648,0.2626418942832211,density_score,26.66484095057863,0.0486026809453836,1.2,0.2962777090969981,2.7416219255362644,6,146,146.jpg
Tomato___Early_blight/147.jpg,Tomato___Early_blight,Tomato_Early_blight,0.3806,Tomato_Early_blight,True,2.460148085793424,0.7531932520942838,0.3274922888360269,0.2449921194058608,uncertainty_score,20.485472889143715,0.6831311528252165,0.5,0.2140259048757764,3.187301162964097,12,147,147.jpg
Tomato___Early_blight/148.jpg,Tomato___Early_blight,Tomato_Early_blight,0.8203,Tomato_Early_blight,True,1.907872826364086,0.2101366371029591,0.3447682034739503,0.4427374179857026,outlier_score,26.852815296744208,0.1113788877345416,0.7,0.2987797819571529,2.3709274484048124,3,148,148.jpg
Tomato___Early_blight/149.jpg,Tomato___Early_blight,Tomato_Early_blight,0.3796,Tomato_Early_blight,True,2.523619565405909,0.7516318266549532,0.5585807591178528,0.3858208747370102,uncertainty_score,34.23097268691691,0.7488410712354543,0.5,0.396988328710868,3.5931646355372107,12,149,149.jpg
Tomato___Early_blight/150.jpg,Tomato___Early_blight,Tomato_Early_blight,0.3922,Tomato_Early_blight,True,2.3305839675311635,0.7385880017412063,0.3821993598868438,0.369225444825869,uncertainty_score,20.80397181832325,0.5489977169594338,0.5,0.2182653531991476,2.925393463717589,6,150,150.jpg
Tomato___Early_blight/151.jpg,Tomato___Early_blight,Tomato_Early_blight,0.5634,Tomato_Early_blight,True,1.9221669675191184,0.5278431542936761,0.2861028426541077,0.4004707448003238,uncertainty_score,12.130385105915002,0.1261771381420655,0.5,0.1028137165476272,1.906574851105572,0,151,151.jpg
Tomato___Early_blight/152.jpg,Tomato___Early_blight,Tomato_Late_blight,0.3273,Tomato_Early_blight,False,2.509793908397987,0.8222127491853891,0.232189524472915,0.212336025979905,uncertainty_score,43.60623811499846,0.734527826932579,0.5,0.5217798104361834,3.751725369519433,12,152,152.jpg
Tomato___Early_blight/153.jpg,Tomato___Early_blight,Tomato_Leaf_Mold,0.5699,Tomato_Early_blight,False,2.152746831629652,0.5141838036637008,0.2447684734768843,0.3779387915139154,uncertainty_score,32.37958306982147,0.3648888264507564,0.5,0.3723450100399981,2.78829516796151,6,153,153.jpg
Tomato___Early_blight/154.jpg,Tomato___Early_blight,Tomato_Early_blight,0.746,Tomato_Early_blight,True,1.817235381937167,0.3010376669964495,0.4026651154329925,0.3698517506061814,density_score,29.484498869502843,0.0175449466547463,1.2,0.333809370718772,2.7358039493876505,6,154,154.jpg
Tomato___Early_blight/155.jpg,Tomato___Early_blight,Tomato_Late_blight,0.4768,Tomato_Early_blight,False,2.100264242057748,0.6284168789417569,0.2271598582970544,0.424104740890825,uncertainty_score,11.957019162384698,0.3105553415567088,0.5,0.1005060919646418,2.2718698210603803,0,155,155.jpg
Tomato___Early_blight/156.jpg,Tomato___Early_blight,Tomato_Early_blight,0.5209,Tomato_Early_blight,True,2.001528586703487,0.5739802427328987,0.3053004211861169,0.4515376536889552,uncertainty_score,9.758077333153633,0.2083375912045695,0.5,0.0712366050149084,2.023530089931502,0,156,156.jpg
Tomato___Early_blight/157.jpg,Tomato___Early_blight,Tomato_Leaf_Mold,0.4042,Tomato_Early_blight,False,2.4637304574512697,0.7135159323991678,0.3000265632291827,0.3805141029087837,uncertainty_score,26.403954193353147,0.686839863427039,0.5,0.292805119947771,3.3128874067757343,12,157,157.jpg
Tomato___Early_blight/158.jpg,Tomato___Early_blight,Tomato_Late_blight,0.5329,Tomato_Early_blight,False,2.2642331253899384,0.5608090269026118,0.4055634292491977,0.5425911775604004,uncertainty_score,19.268814731992947,0.4803068899900735,0.5,0.197831315469351,2.757360753184173,6,158,158.jpg
Tomato___Early_blight/159.jpg,Tomato___Early_blight,Tomato_Late_blight,0.4483,Tomato_Early_blight,False,2.3650229588483604,0.6638808401327496,0.2994361739471994,0.4519135889915135,uncertainty_score,18.30056332993806,0.5846512628260214,0.5,0.1849431974665129,2.9467173218518123,6,159,159.jpg
Tomato___Early_blight/160.jpg,Tomato___Early_blight,Tomato_Early_blight,0.3597,Tomato_Early_blight,True,2.3038571759446347,0.7812655844202387,0.1762850625167764,0.1685252553213158,uncertainty_score,28.12805259308873,0.5213283557716919,0.5,0.3157541015626067,3.016287863887294,6,160,160.jpg
Tomato___Early_blight/161.jpg,Tomato___Early_blight,Tomato_Early_blight,0.5804,Tomato_Early_blight,True,2.089218377450253,0.5041250198494113,0.2832870409729713,0.2527208294169569,uncertainty_score,24.204486881118264,0.2991199241604162,0.5,0.2635286384437851,2.4935328059865105,3,161,161.jpg
Tomato___Early_blight/162.jpg,Tomato___Early_blight,Tomato_Early_blight,0.815,Tomato_Early_blight,True,1.902442621698823,0.2156147420847494,0.3160999835881307,0.1963599627737066,density_score,42.05107217535453,0.1057571768860814,1.2,0.5010794405719223,3.1631335146300463,12,162,162.jpg
Tomato___Early_blight/163.jpg,Tomato___Early_blight,Tomato_Early_blight,0.5246,Tomato_Early_blight,True,2.075098881960017,0.5750992729185607,0.4894660949620457,0.5395127369648693,uncertainty_score,16.030232704159907,0.2845024786191809,0.5,0.1547234746255359,2.301090169176666,0,163,163.jpg
Tomato___Early_blight/164.jpg,Tomato___Early_blight,Tomato_Early_blight,0.3348,Tomato_Early_blight,True,2.3488485960434824,0.8103529799831481,0.4805156227224391,0.4884489296389924,uncertainty_score,11.511965469048173,0.5679064812842174,0.5,0.0945821093035819,2.7776861265238075,6,164,164.jpg
Tomato___Early_blight/165.jpg,Tomato___Early_blight,Tomato_Late_blight,0.5463,Tomato_Early_blight,False,2.072286823051984,0.5348093093202934,0.4518853808666544,0.5503722900775077,outlier_score,15.469054411191651,0.2815912472670872,0.7,0.1472537905692497,2.484063180388049,3,165,165.jpg
Tomato___Early_blight/166.jpg,Tomato___Early_blight,Tomato_Early_blight,0.6815,Tomato_Early_blight,True,1.8299179894049489,0.3864064286008273,0.3426570112734368,0.5482015375649301,outlier_score,13.048275329265683,0.0306748296671647,0.7,0.115031491277505,1.933896896250587,0,166,166.jpg
Tomato___Early_blight/167.jpg,Tomato___Early_blight,Tomato_Early_blight,0.7455,Tomato_Early_blight,True,1.8102446204567235,0.2928216918060522,0.4041192244257369,0.5924680481476443,outlier_score,8.484397086907766,0.0103076430766678,0.7,0.0542830108588216,1.802039802441568,0,167,167.jpg
Tomato___Early_blight/168.jpg,Tomato___Early_blight,Tomato_healthy,0.3144,Tomato_Early_blight,False,2.5767739652117854,0.8369772381841416,0.3706692739500856,0.5720721140081784,uncertainty_score,21.607448354988755,0.8038700589904882,0.5,0.2289602000076107,3.451180417992393,12,168,168.jpg
Tomato___Early_blight/169.jpg,Tomato___Early_blight,Tomato_Early_blight,0.5116,Tomato_Early_blight,True,2.35768874825332,0.5994398050948534,0.2829443012658873,0.205313598780869,uncertainty_score,29.90819981818521,0.5770583977668492,0.5,0.3394491330913786,3.1632904951707665,12,169,169.jpg
Tomato___Early_blight/170.jpg,Tomato___Early_blight,Tomato_Early_blight,0.4577,Tomato_Early_blight,True,2.274510575386258,0.655595775321143,0.2299519845477944,0.2328215713165114,uncertainty_score,16.854624349916712,0.4909467932166342,0.5,0.1656967164804083,2.730438661153881,6,170,170.jpg
Tomato___Early_blight/171.jpg,Tomato___Early_blight,Tomato_Early_blight,0.6507,Tomato_Early_blight,True,1.9416104729842265,0.4177248647339751,0.4590952428195161,0.5360113939727913,outlier_score,13.153227863686883,0.146306354689744,0.7,0.1164284845020402,2.1672554361325487,0,171,171.jpg
Tomato___Early_blight/172.jpg,Tomato___Early_blight,Tomato_Late_blight,0.4241,Tomato_Early_blight,False,2.257012078567709,0.6864029482573418,0.4308274533565641,0.4182800610822914,uncertainty_score,12.267674475636456,0.4728311796328837,0.5,0.1046411361555413,2.60262406349908,3,172,172.jpg
Tomato___Early_blight/173.jpg,Tomato___Early_blight,Tomato_Early_blight,0.5408,Tomato_Early_blight,True,2.212753755018883,0.5497221747461991,0.2094725194250464,0.0629962599959725,uncertainty_score,16.90876506729459,0.427012004672368,0.5,0.1664173681136964,2.603650061515281,3,173,173.jpg
Tomato___Early_blight/174.jpg,Tomato___Early_blight,Tomato_Early_blight,0.6041,Tomato_Early_blight,True,2.021682111352476,0.4840762462714696,0.3535922857756872,0.5067132291307084,outlier_score,15.709782228909512,0.2292018670722347,0.7,0.1504580498295297,2.384090808888764,3,174,174.jpg
Tomato___Early_blight/175.jpg,Tomato___Early_blight,Tomato_Early_blight,0.2567,Tomato_Early_blight,True,2.5716493404700165,0.9083135652040136,0.2540327418214133,0.1538308019760363,uncertainty_score,18.764813452971257,0.7985647049051474,0.5,0.1911226983231972,3.38381345729509,12,175,175.jpg
Tomato___Early_blight/176.jpg,Tomato___Early_blight,Tomato_Early_blight,0.5868,Tomato_Early_blight,True,1.9151984992958289,0.5033940738248096,0.4392948672629421,0.5599092385100441,outlier_score,12.971609943675922,0.118962914033973,0.7,0.1140110202158397,2.108942358391705,0,176,176.jpg
Tomato___Early_blight/177.jpg,Tomato___Early_blight,Tomato_Early_blight,0.6957,Tomato_Early_blight,True,1.9838339590297545,0.3571241042456717,0.2463335238533061,0.2221039804719283,uncertainty_score,25.81121242195372,0.1900189298492763,0.5,0.2849153034406175,2.3074108148594785,0,177,177.jpg
Tomato___Early_blight/178.jpg,Tomato___Early_blight,Tomato_Late_blight,0.4906,Tomato_Early_blight,False,2.167487619973272,0.6179887058050874,0.1557549868112162,0.3489284944801814,uncertainty_score,20.09870441966411,0.3801494758837869,0.5,0.2088777401906013,2.573615562053476,3,178,178.jpg
Tomato___Early_blight/179.jpg,Tomato___Early_blight,Tomato_Late_blight,0.1785,Tomato_Early_blight,False,2.509595127269913,1.0,0.2115456936453453,0.2940575370453288,uncertainty_score,26.32593049241069,0.7343220354213835,0.5,0.2917665687382087,3.40629392395008,12,179,179.jpg
Tomato___Early_blight/180.jpg,Tomato___Early_blight,Tomato_Late_blight,0.5599,Tomato_Early_blight,False,2.1550828660324823,0.5292572378028555,0.3605544854718416,0.4012656926950207,uncertainty_score,23.41251120241322,0.3673072454154736,0.5,0.2529868762724458,2.614094805239616,3,180,180.jpg
Tomato___Early_blight/181.jpg,Tomato___Early_blight,Tomato_Early_blight,0.9315,Tomato_Early_blight,True,1.8007164317443936,0.0722050828236773,0.8189178555920359,0.7454921931944289,density_score,41.99502945457265,0.0004434252152427,1.2,0.5003334719142947,2.951387058301928,6,181,181.jpg
Tomato___Early_blight/182.jpg,Tomato___Early_blight,Tomato_Bacterial_spot,0.3146,Tomato_Early_blight,False,2.578804657622495,0.833734976794385,0.3142921568574076,0.4111865934149715,uncertainty_score,35.08925481517241,0.805972367514548,0.5,0.4084126771034531,3.724563750684276,12,182,182.jpg
Tomato___Early_blight/183.jpg,Tomato___Early_blight,Tomato_Early_blight,0.7952,Tomato_Early_blight,True,1.8745329199224807,0.2386435320624242,0.386306803392855,0.3419246144133334,density_score,23.36533563907332,0.0768631879988775,1.2,0.2523589358161918,2.7322647797220423,6,183,183.jpg
Tomato___Early_blight/184.jpg,Tomato___Early_blight,Tomato_Early_blight,0.491,Tomato_Early_blight,True,2.358096730147264,0.6207958134201897,0.4831480639451473,0.6117904105532623,uncertainty_score,24.770610965231448,0.5774807678947804,0.5,0.2710641545141101,3.061557767560726,6,184,184.jpg
Tomato___Early_blight/185.jpg,Tomato___Early_blight,Tomato_Early_blight,0.81,Tomato_Early_blight,True,1.820589206807119,0.2174070081408264,0.2339709990995706,0.2142793976228693,density_score,20.797292919779736,0.0210170503446598,1.2,0.218176452287282,2.5692987791202424,3,185,185.jpg
Tomato___Early_blight/186.jpg,Tomato___Early_blight,Tomato_Early_blight,0.7112,Tomato_Early_blight,True,2.012950742130771,0.3457914112659827,0.3135859785543184,0.4442822450393454,outlier_score,12.599402772539314,0.220162570010456,0.7,0.1090566768160465,2.303910155244982,0,186,186.jpg
Tomato___Early_blight/187.jpg,Tomato___Early_blight,Tomato_Early_blight,0.7378,Tomato_Early_blight,True,1.9624579929935613,0.3018212245828705,0.3287307785910989,0.3955498889918882,outlier_score,11.708043663378696,0.1678891009441694,0.7,0.0971920501732281,2.181566277148181,0,187,187.jpg
Tomato___Early_blight/188.jpg,Tomato___Early_blight,Tomato_Early_blight,0.4351,Tomato_Early_blight,True,2.320275186561207,0.6729314327258842,0.2412862441773642,0.3850338002978448,uncertainty_score,10.609259476973245,0.5383253778146628,0.5,0.0825664475415232,2.7005004269416104,3,188,188.jpg
Tomato___Early_blight/189.jpg,Tomato___Early_blight,Tomato_Early_blight,0.647,Tomato_Early_blight,True,1.9563843869494708,0.3998380421050624,0.1467654179083939,0.28847262769203,uncertainty_score,9.4027166067109,0.1616012979805433,0.5,0.0665064998312254,1.9229623457079248,0,189,189.jpg
Tomato___Early_blight/190.jpg,Tomato___Early_blight,Tomato_Early_blight,0.6401,Tomato_Early_blight,True,1.9061492655732395,0.4378991819123815,0.2009151455211963,0.4003977519221751,uncertainty_score,8.63442603990416,0.1095945423934045,0.5,0.0562800034228976,1.803609089921156,0,190,190.jpg
Tomato___Early_blight/191.jpg,Tomato___Early_blight,Tomato_Early_blight,0.4977,Tomato_Early_blight,True,1.9720355760888528,0.6036113403630361,0.2946768639219227,0.4676509607834019,uncertainty_score,8.640218555354748,0.1778044551725761,0.5,0.0563571059424519,1.9401445692588304,0,191,191.jpg
Tomato___Early_blight/192.jpg,Tomato___Early_blight,Tomato_Early_blight,0.4757,Tomato_Early_blight,True,1.96111621688523,0.6328136389858177,0.1820391347845277,0.4471930930923244,uncertainty_score,7.108490222928562,0.1665000046265548,0.5,0.0359687073770553,1.8869530703186923,0,192,192.jpg
Tomato___Early_blight/193.jpg,Tomato___Early_blight,Tomato_Early_blight,0.5735,Tomato_Early_blight,True,1.8029914199792152,0.5149313755329784,0.2480583875118347,0.5085352595399621,uncertainty_score,7.712947077551977,0.0027986451062405,0.5,0.0440144600126599,1.5716189802314708,0,193,193.jpg
Tomato___Early_blight/194.jpg,Tomato___Early_blight,Tomato_Early_blight,0.8308,Tomato_Early_blight,True,1.8313540357985416,0.1972592923139015,0.4159224353279319,0.4223406554125875,outlier_score,22.14893444780704,0.0321615208855263,0.7,0.2361677668092978,2.1185746919849997,0,194,194.jpg
Tomato___Early_blight/195.jpg,Tomato___Early_blight,Tomato_Late_blight,0.4938,Tomato_Early_blight,False,2.2393315143243093,0.6122925436337905,0.3277894968763978,0.2854663975369807,uncertainty_score,23.088693039275658,0.4545270776807334,0.5,0.2486766251443585,2.7820690930780048,6,195,195.jpg
Tomato___Early_blight/196.jpg,Tomato___Early_blight,Tomato_Late_blight,0.2912,Tomato_Early_blight,False,2.661191635402941,0.8635111995753834,0.2319381880439891,0.2064235426038362,uncertainty_score,35.35462025985841,0.8912648740241069,0.5,0.4119448807829215,3.900447069222596,12,196,196.jpg
Tomato___Early_blight/197.jpg,Tomato___Early_blight,Tomato_Early_blight,0.4575,Tomato_Early_blight,True,2.413244467773248,0.6719898926687193,0.3423596296094727,0.4366381962218961,uncertainty_score,39.15038265785504,0.634573392204736,0.5,0.4624691904738701,3.4628505701202767,12,197,197.jpg
Tomato___Early_blight/198.jpg,Tomato___Early_blight,Tomato_Septoria_leaf_spot,0.4375,Tomato_Early_blight,False,2.4932038493950106,0.6833362557873642,0.2472648085696139,0.6760842370270312,uncertainty_score,24.390452233126236,0.7173526888995245,0.5,0.266003970156222,3.3337113330333823,12,198,198.jpg
Tomato___Early_blight/199.jpg,Tomato___Early_blight,Tomato_Early_blight,0.7019,Tomato_Early_blight,True,1.8613981413368408,0.3571258776691038,0.5664223113738631,0.5138455939176299,density_score,41.77586235245382,0.0632651872201282,1.2,0.4974162011843449,3.072654676216774,6,199,199.jpg
Tomato___Early_blight/200.jpg,Tomato___Early_blight,Tomato_Early_blight,0.6714,Tomato_Early_blight,True,2.03583491665659,0.4009440671855556,0.265323391485008,0.4052691068586468,outlier_score,9.38511502169818,0.2438537971593727,0.7,0.0662722101579035,2.2871159095556006,0,200,200.jpg
Tomato___Early_blight/201.jpg,Tomato___Early_blight,Tomato_Early_blight,0.8116,Tomato_Early_blight,True,1.8184502929988204,0.221274918538903,0.2950167769115586,0.2917409648307653,density_score,12.937357382194326,0.0188027037958173,1.2,0.1135550941481496,2.407938048813859,3,201,201.jpg
Tomato___Early_blight/202.jpg,Tomato___Early_blight,Tomato_Early_blight,0.609,Tomato_Early_blight,True,2.0387528820871847,0.4771663974388219,0.4498512902088522,0.6991508355930016,outlier_score,9.516422524303072,0.246874670022884,0.7,0.0680200068402922,2.2957793503062063,0,202,202.jpg
Tomato___Early_blight/203.jpg,Tomato___Early_blight,Tomato_Early_blight,0.6875,Tomato_Early_blight,True,1.906814312139181,0.3772970913565041,0.3877201356162679,0.4760702421706985,outlier_score,9.88094334653211,0.1102830430531312,0.7,0.0728720394440241,2.0298741452722986,0,203,203.jpg
Tomato___Early_blight/204.jpg,Tomato___Early_blight,Tomato_Early_blight,0.347,Tomato_Early_blight,True,2.527511983610656,0.7905329041353057,0.218211717965864,0.185992134371326,uncertainty_score,38.34114974680682,0.7528707627475166,0.5,0.4516977222092897,3.683288108808968,12,204,204.jpg
Tomato___Early_blight/205.jpg,Tomato___Early_blight,Tomato_Early_blight,0.3505,Tomato_Early_blight,True,2.5986815393435414,0.7912063616836499,0.313828235418113,0.3629159521885592,uncertainty_score,36.1874205013482,0.8265502441311663,0.5,0.4230300470551662,3.7876455588450817,12,205,205.jpg
Tomato___Early_blight/206.jpg,Tomato___Early_blight,Tomato_Early_blight,0.8636,Tomato_Early_blight,True,1.8078952092377023,0.1573256390402025,0.3282446515934585,0.3286190368016616,outlier_score,21.897607657179737,0.0078753755376641,0.7,0.2328224276463439,2.064984392544844,0,206,206.jpg
Tomato___Early_blight/207.jpg,Tomato___Early_blight,Tomato_Early_blight,0.6461,Tomato_Early_blight,True,1.9564823108755245,0.4365329808358691,0.2605541822521782,0.3665928849420738,uncertainty_score,16.52952879536332,0.1617026753744639,0.5,0.161369462359846,2.065459544288697,0,207,207.jpg
Tomato___Early_blight/208.jpg,Tomato___Early_blight,Tomato_Early_blight,0.3343,Tomato_Early_blight,True,2.52045567013925,0.8111425228736524,0.394002530984763,0.46050310501022,uncertainty_score,22.120460730301783,0.7455655953666075,0.5,0.2357887612840712,3.3448143326593223,12,208,208.jpg
Tomato___Early_blight/209.jpg,Tomato___Early_blight,Tomato_Leaf_Mold,0.4611,Tomato_Early_blight,False,2.314307380629192,0.6543103389034347,0.3721382891596785,0.6529247563174554,uncertainty_score,23.025610095493143,0.5321471061992065,0.5,0.2478369460881651,2.936049631530661,6,209,209.jpg
Tomato___Early_blight/210.jpg,Tomato___Early_blight,Tomato_Leaf_Mold,0.3979,Tomato_Early_blight,False,2.2800925289757394,0.7377714880360052,0.1325285099597702,0.3511527752659505,uncertainty_score,18.775377714142937,0.4967256046950169,0.5,0.191263316187839,2.780346183671792,6,210,210.jpg
Tomato___Early_blight/211.jpg,Tomato___Early_blight,Tomato_Early_blight,0.5387,Tomato_Early_blight,True,2.350537310197592,0.552745935590591,0.396522065696828,0.3769779957643294,uncertainty_score,14.73444105609615,0.5696547510577007,0.5,0.1374755619120657,2.8455228449835004,6,211,211.jpg
Tomato___Early_blight/212.jpg,Tomato___Early_blight,Tomato_healthy,0.3557,Tomato_Early_blight,False,2.4271294899210973,0.7837291651380127,0.2425677324265461,0.4819337842130002,uncertainty_score,15.855843997204255,0.648948095268694,0.5,0.1524022363305673,3.0264995450332397,6,212,212.jpg
Tomato___Early_blight/213.jpg,Tomato___Early_blight,Tomato_Early_blight,0.462,Tomato_Early_blight,True,2.3149760935567514,0.6520430170454811,0.327418490245593,0.4972074672031942,uncertainty_score,16.73953098822286,0.5328394025215558,0.5,0.1641647415989822,2.811925917441585,6,213,213.jpg
Tomato___Early_blight/214.jpg,Tomato___Early_blight,Tomato_Early_blight,0.7224,Tomato_Early_blight,True,2.0755178189200034,0.33102470548794,0.2958158546589509,0.1809405190103638,uncertainty_score,25.072092228559548,0.2849361901637643,0.5,0.275077085545422,2.482488008645661,3,214,214.jpg
Tomato___Early_blight/215.jpg,Tomato___Early_blight,Tomato_Late_blight,0.6838,Tomato_Early_blight,False,2.1722743636885893,0.3788729997538635,0.3596998954327778,0.5622296779585527,outlier_score,29.65126469924052,0.3851050329450774,0.7,0.3360291430712199,2.9742537804969844,6,215,215.jpg
Tomato___Early_blight/216.jpg,Tomato___Early_blight,Tomato_Early_blight,0.642,Tomato_Early_blight,True,2.146630560825742,0.4351134292711074,0.4128553759207255,0.4603574608215836,outlier_score,21.01561822959177,0.3585568540758632,0.7,0.2210825181601452,2.748737485391944,6,216,216.jpg
Tomato___Early_blight/217.jpg,Tomato___Early_blight,Tomato_Early_blight,0.6583,Tomato_Early_blight,True,2.0216006871691974,0.4135452012750619,0.4263244503677872,0.4727414407411957,outlier_score,18.468758199309423,0.2291175713149511,0.7,0.1871819913575721,2.43900812966626,3,217,217.jpg
Tomato___Early_blight/218.jpg,Tomato___Early_blight,Tomato_Early_blight,0.6495,Tomato_Early_blight,True,2.137751567920092,0.4197769373228562,0.2099183653326068,0.2897544155925127,uncertainty_score,35.66602774507754,0.3493647271086423,0.5,0.4160899369201536,2.822864359597516,6,218,218.jpg
Tomato___Early_blight/219.jpg,Tomato___Early_blight,Tomato_Tomato_mosaic_virus,0.5366,Tomato_Early_blight,False,2.209161438821916,0.5613864979076929,0.5753838096278923,0.7103062859637888,outlier_score,35.29174231190287,0.4232929988189098,0.7,0.4111079303676601,3.16324789318931,12,219,219.jpg
Tomato___Early_blight/220.jpg,Tomato___Early_blight,Tomato_Late_blight,0.8032,Tomato_Early_blight,False,1.9509847529749764,0.2308451980902889,0.3467207412088134,0.6202514666453902,outlier_score,31.12661348832213,0.1560112359546474,0.7,0.3556670896300106,2.5455231063543104,3,220,220.jpg
Tomato___Early_blight/221.jpg,Tomato___Early_blight,Tomato_Early_blight,0.8604,Tomato_Early_blight,True,1.927038839615009,0.1519291854289323,0.4702555109099029,0.5106865488225487,outlier_score,38.39823818193784,0.1312208257932846,0.7,0.4524576100720952,2.641128066694712,3,221,221.jpg
Tomato___Early_blight/222.jpg,Tomato___Early_blight,Tomato_Early_blight,0.8649,Tomato_Early_blight,True,1.8830908642024748,0.1544380623368681,0.4664782363989745,0.555166589467964,outlier_score,33.01569460856563,0.0857229439685046,0.7,0.380812109139367,2.44266405164606,3,222,222.jpg
Tomato___Early_blight/223.jpg,Tomato___Early_blight,Tomato_Early_blight,0.7498,Tomato_Early_blight,True,1.894640112664977,0.2958729407136419,0.3731626893612346,0.4890641500292644,outlier_score,20.07579042877892,0.0976794979799114,0.7,0.2085727385992609,2.2082181038587145,0,223,223.jpg
Tomato___Early_blight/224.jpg,Tomato___Early_blight,Tomato_Early_blight,0.7413,Tomato_Early_blight,True,1.852146024493987,0.3049742975525205,0.2829903670557042,0.1647167661153684,uncertainty_score,19.353161631695347,0.0536867774118537,0.5,0.1989540329725025,1.9058046042824612,0,224,224.jpg
Tomato___Early_blight/225.jpg,Tomato___Early_blight,Tomato_Early_blight,0.3815,Tomato_Early_blight,True,2.3564988574629826,0.7473272107367193,0.2591750014186748,0.1899219145853412,uncertainty_score,27.894723818784986,0.5758265432831103,0.5,0.3126483288569827,3.120625579851694,12,225,225.jpg
Tomato___Early_blight/226.jpg,Tomato___Early_blight,Tomato_Early_blight,0.5055,Tomato_Early_blight,True,2.118666532281854,0.6039318127557471,0.3418821562426727,0.4998853736386968,uncertainty_score,13.802284532794982,0.3296066224874538,0.5,0.1250678925361946,2.3468150837792,3,226,226.jpg
Tomato___Early_blight/227.jpg,Tomato___Early_blight,Tomato_Early_blight,0.7217,Tomato_Early_blight,True,2.0038278647150083,0.334256178551818,0.4039288161549823,0.2963181770103107,density_score,25.7777151283578,0.2107179574960431,1.2,0.2844694305281449,3.048140060784304,6,227,227.jpg
Tomato___Early_blight/228.jpg,Tomato___Early_blight,Tomato_Early_blight,0.4026,Tomato_Early_blight,True,2.369218921920192,0.7236574020809794,0.1912652284830204,0.0887412632879631,uncertainty_score,21.00249720468068,0.5889952042747753,0.5,0.2209078679432559,3.0093522104644346,6,228,228.jpg
Tomato___Early_blight/229.jpg,Tomato___Early_blight,Tomato_Early_blight,0.8118,Tomato_Early_blight,True,1.976657823142544,0.222507152253648,0.2823049903260802,0.4145539319059946,outlier_score,28.413086763513363,0.1825897142940645,0.7,0.3195481100354862,2.544501593641358,3,229,229.jpg
Tomato___Early_blight/230.jpg,Tomato___Early_blight,Tomato_Early_blight,0.4713,Tomato_Early_blight,True,2.3190626215324928,0.6476718238558999,0.2522369253870239,0.208180158489334,uncertainty_score,21.58865119537145,0.5370700494437098,0.5,0.2287099963820319,2.917205093460468,6,230,230.jpg
Tomato___Early_blight/231.jpg,Tomato___Early_blight,Tomato_Early_blight,0.5733,Tomato_Early_blight,True,2.180417938068177,0.5080957149139074,0.3291744977918318,0.3181892204000093,uncertainty_score,14.820886129465354,0.3935358054954808,0.5,0.1386262076059236,2.495010922399848,3,231,231.jpg
Tomato___Early_blight/232.jpg,Tomato___Early_blight,Tomato_Early_blight,0.8012,Tomato_Early_blight,True,2.0435935899689857,0.2258455479719536,0.4780931249982892,0.4239162947692311,density_score,32.954917374765074,0.251886094396523,1.2,0.3800031207305248,3.273776869888833,12,232,232.jpg
Tomato___Early_blight/233.jpg,Tomato___Early_blight,Tomato_Early_blight,0.729,Tomato_Early_blight,True,1.9854402326938616,0.3141324778338696,0.3268547011379222,0.1930725799326681,density_score,15.67513227589093,0.1916818517168206,1.2,0.1499968341965355,2.808358954728445,6,233,233.jpg
Tomato___Early_blight/234.jpg,Tomato___Early_blight,Tomato_Tomato_mosaic_virus,0.5511,Tomato_Early_blight,False,1.9000569349861456,0.5359833895249938,0.1460340335651656,0.6899890070064123,outlier_score,28.594026429687936,0.1032873545312298,0.7,0.3219565462784939,2.3895095284802004,3,234,234.jpg
Tomato___Early_blight/235.jpg,Tomato___Early_blight,Tomato_Leaf_Mold,0.4717,Tomato_Early_blight,False,2.338563152129098,0.6307960742612195,0.4367316937588906,0.3507813922433871,uncertainty_score,25.490488252365008,0.5572583022193269,0.5,0.2806462355774065,3.0354859578047635,6,235,235.jpg
Tomato___Early_blight/236.jpg,Tomato___Early_blight,Tomato_Late_blight,0.3942,Tomato_Early_blight,False,2.3458748208161464,0.7404199481465767,0.1748180059957621,0.2312327264850223,uncertainty_score,13.356167554327484,0.5648278303885449,0.5,0.1191297567902959,2.808350295962533,6,236,236.jpg
Tomato___Early_blight/237.jpg,Tomato___Early_blight,Tomato_Late_blight,0.4123,Tomato_Early_blight,False,2.4494545195494544,0.7169368661997095,0.3984029953360315,0.4673231660006442,uncertainty_score,29.040291226718,0.6720604582440315,0.5,0.3278966495950807,3.335965890880684,12,237,237.jpg
Tomato___Early_blight/238.jpg,Tomato___Early_blight,Tomato_Early_blight,0.7639,Tomato_Early_blight,True,1.9125897575252744,0.2829703246406767,0.4554617647239334,0.5266294457445089,outlier_score,10.339799270717114,0.116262170173217,0.7,0.0789797396597398,2.050993949836044,0,238,238.jpg
Tomato___Early_blight/239.jpg,Tomato___Early_blight,Tomato_Early_blight,0.611,Tomato_Early_blight,True,1.8598326727866448,0.4562860360565063,0.3599616107510649,0.6261280469496053,outlier_score,13.695476792833771,0.0616445095340996,0.7,0.123646205200328,2.008758326868691,0,239,239.jpg
Tomato___Early_blight/240.jpg,Tomato___Early_blight,Tomato_Bacterial_spot,0.4484,Tomato_Early_blight,False,2.250854357470589,0.6650802655140006,0.3755955628979626,0.5476017123689796,uncertainty_score,23.810273155223868,0.4664562951437382,0.5,0.2582813720758946,2.8203346484013183,6,240,240.jpg
Tomato___Early_blight/241.jpg,Tomato___Early_blight,Tomato_Early_blight,0.4545,Tomato_Early_blight,True,2.0495614454355566,0.6610243722321202,0.2982925151717507,0.4887188619157204,uncertainty_score,10.706742347005072,0.2580644172934629,0.5,0.0838640141957611,2.141924855880568,0,241,241.jpg
Tomato___Early_blight/242.jpg,Tomato___Early_blight,Tomato_Early_blight,0.6578,Tomato_Early_blight,True,2.103308188657209,0.4117693393857319,0.3749975451853551,0.4235089662378462,outlier_score,11.92605309119337,0.3137066385473709,0.7,0.1000939114310003,2.4775541442412425,3,242,242.jpg
Tomato___Early_blight/243.jpg,Tomato___Early_blight,Tomato_Early_blight,0.6492,Tomato_Early_blight,True,1.9998683547656488,0.4071792761875712,0.3012694876495663,0.1762758570612504,uncertainty_score,9.055819351353168,0.2066188081252483,0.5,0.0618890494950598,2.006071190493086,0,243,243.jpg
Tomato___Early_blight/244.jpg,Tomato___Early_blight,Tomato_Early_blight,0.8276,Tomato_Early_blight,True,1.8132596311831248,0.2003330784776076,0.4375161264463025,0.4378041564956192,outlier_score,9.638565502613163,0.0134289837173365,0.7,0.0696458171560198,1.831326693168703,0,244,244.jpg
Tomato___Early_blight/245.jpg,Tomato___Early_blight,Tomato_Early_blight,0.4444,Tomato_Early_blight,True,2.5359896270655566,0.6750672995719326,0.6877594123913523,0.6738877721981134,density_score,52.18030928052994,0.7616473859353433,1.2,0.6359068240522577,4.677155007949073,12,245,245.jpg
Tomato___Early_blight/246.jpg,Tomato___Early_blight,Tomato_healthy,0.5254,Tomato_Early_blight,False,2.3270902528841413,0.572159971365123,0.5691674558364109,0.730752857665464,outlier_score,30.325730531406183,0.5453807900214438,0.7,0.3450067652211961,3.3082717278746814,12,246,246.jpg
Tomato___Early_blight/247.jpg,Tomato___Early_blight,Tomato_Early_blight,0.6897,Tomato_Early_blight,True,2.065168460147993,0.3736971895746052,0.3659440620338875,0.3756819429913322,outlier_score,45.91439097907831,0.2742218421659067,0.7,0.5525029742939553,3.0771981457727464,6,247,247.jpg
Tomato___Early_blight/248.jpg,Tomato___Early_blight,Tomato_Early_blight,0.6802,Tomato_Early_blight,True,1.8094879072662045,0.3938417280178808,0.5093790841863206,0.4592898152158209,density_score,37.85062047168859,0.0095242429997744,1.2,0.4451684270611976,2.8868011265913456,6,248,248.jpg
Tomato___Early_blight/249.jpg,Tomato___Early_blight,Tomato_Early_blight,0.6871,Tomato_Early_blight,True,2.1179428907309403,0.371373339844753,0.3619462141106911,0.1717467819498048,uncertainty_score,27.342044750654782,0.3288574603825352,0.5,0.3052917755562141,2.6156525840993914,3,249,249.jpg
Tomato___Early_blight/250.jpg,Tomato___Early_blight,Tomato_Early_blight,0.6853,Tomato_Early_blight,True,2.161953642084644,0.3756492115248582,0.1965584817669904,0.2506019969885279,uncertainty_score,15.189540993518325,0.3744203320578364,0.5,0.1435332672602153,2.464140565005996,3,250,250.jpg
Tomato___Early_blight/251.jpg,Tomato___Early_blight,Tomato_Early_blight,0.634,Tomato_Early_blight,True,2.1794062078537886,0.4388647370785228,0.3548180942600477,0.3838490546112292,uncertainty_score,16.799819638651513,0.392488394749008,0.5,0.1649672266140386,2.532427629419073,3,251,251.jpg
Tomato___Early_blight/252.jpg,Tomato___Early_blight,Tomato_Late_blight,0.2944,Tomato_Early_blight,False,2.4597369052255216,0.8570843130574138,0.2101437861718773,0.2184203141109102,uncertainty_score,13.572759173809096,0.6827054712161897,0.5,0.1220127460060931,3.048430061441519,6,252,252.jpg
Tomato___Early_blight/253.jpg,Tomato___Early_blight,Tomato_Early_blight,0.4216,Tomato_Early_blight,True,2.3290159989467565,0.7098774586576205,0.3328643463535338,0.3272759363329221,uncertainty_score,30.794056589010605,0.5473744510708767,0.5,0.3512405196793875,3.1216096816608347,12,253,253.jpg
Tomato___Early_blight/254.jpg,Tomato___Early_blight,Tomato_Early_blight,0.5403,Tomato_Early_blight,True,2.3383874652216816,0.5519040767088395,0.4259815442233903,0.4774389908797328,uncertainty_score,26.89890364618663,0.5570764193890769,0.5,0.2993932508195881,3.063242715007536,6,254,254.jpg
Tomato___Early_blight/255.jpg,Tomato___Early_blight,Tomato_Early_blight,0.4786,Tomato_Early_blight,True,2.414779494625936,0.6404872421765611,0.3577390959882921,0.328798036044756,uncertainty_score,30.83100051894749,0.6361625546106462,0.5,0.3517322697842722,3.299923513897701,12,255,255.jpg
Tomato___Early_blight/256.jpg,Tomato___Early_blight,Tomato_Early_blight,0.6411,Tomato_Early_blight,True,1.924756330490579,0.4296110875024117,0.3250900778329488,0.3380073681603517,uncertainty_score,47.43104734961911,0.1288578197746346,0.5,0.5726907542773382,2.6167517709652763,3,256,256.jpg
Tomato___Early_blight/257.jpg,Tomato___Early_blight,Tomato_Early_blight,0.546,Tomato_Early_blight,True,2.047006784632539,0.5436552192923051,0.4765367691125876,0.5151715025547958,uncertainty_score,19.56675499645819,0.255419661665313,0.5,0.2017971132756599,2.313534993244116,0,257,257.jpg
Tomato___Early_blight/258.jpg,Tomato___Early_blight,Tomato_Early_blight,0.9885,Tomato_Early_blight,True,1.8851988936317607,0.0,0.7599259925993916,0.6291439383037161,density_score,24.28159797814524,0.0879053169437441,1.2,0.2645550422431525,2.772643197252217,6,258,258.jpg
Tomato___Early_blight/259.jpg,Tomato___Early_blight,Tomato_Bacterial_spot,0.3804,Tomato_Early_blight,False,2.3418715168415827,0.7462570235880834,0.2557557766520794,0.4231560441308981,uncertainty_score,28.490410457344083,0.5606833425154716,0.5,0.3205773436502175,3.1022327005062698,12,259,259.jpg
Tomato___Early_blight/260.jpg,Tomato___Early_blight,Tomato_Early_blight,0.5194,Tomato_Early_blight,True,2.2055616211126363,0.5839121528791493,0.2701018677080335,0.3435984276759062,uncertainty_score,22.47618971849905,0.4195662268984712,0.5,0.24052376829484,2.6999181062392026,3,260,260.jpg
Tomato___Early_blight/261.jpg,Tomato___Early_blight,Tomato_Leaf_Mold,0.3461,Tomato_Early_blight,False,2.456325630434794,0.7962368250341181,0.3006065597141438,0.3005000684350408,uncertainty_score,27.198717488790805,0.6791738915280815,0.5,0.3033839872896479,3.313423763990635,12,261,261.jpg
Tomato___Early_blight/262.jpg,Tomato___Early_blight,Tomato_Early_blight,0.8933,Tomato_Early_blight,True,1.801338880667218,0.1182226868591614,0.5549408819420384,0.56206072095552,outlier_score,47.6006714445153,0.001087825947399,0.7,0.5749485721813528,2.564598510166827,3,262,262.jpg
Tomato___Early_blight/263.jpg,Tomato___Early_blight,Tomato_Tomato_yellow_Leaf_Curl_Virus,0.2507,Tomato_Early_blight,False,2.556181517169011,0.9131631393644064,0.2755375963983572,0.373190956034642,uncertainty_score,57.62398583340639,0.7825513802859887,0.5,0.7083660486233341,4.127651833506978,12,263,263.jpg
Tomato___Early_blight/264.jpg,Tomato___Early_blight,Tomato_Early_blight,0.4994,Tomato_Early_blight,True,2.304622841516002,0.6108678195840185,0.1894343924413594,0.1975190260110915,uncertainty_score,40.09519695337494,0.5221210239516562,0.5,0.4750453438422888,3.2568100636667454,12,264,264.jpg
Tomato___Early_blight/265.jpg,Tomato___Early_blight,Tomato_Tomato_yellow_Leaf_Curl_Virus,0.5461,Tomato_Early_blight,False,2.182644142709438,0.5455215257766727,0.2479975548074316,0.393521255768705,uncertainty_score,21.65254784153298,0.3958405213495123,0.5,0.229560506398302,2.6360218022964776,3,265,265.jpg
Tomato___Early_blight/266.jpg,Tomato___Early_blight,Tomato_Early_blight,0.69,Tomato_Early_blight,True,2.1411204699753563,0.37297304167316,0.4686796525486324,0.5955119857587772,outlier_score,46.87757317822816,0.352852439708617,0.7,0.5653236175840465,3.253690305793304,12,266,266.jpg
Tomato___Early_blight/267.jpg,Tomato___Early_blight,Tomato_Early_blight,0.6579,Tomato_Early_blight,True,1.828591855937799,0.4106287325483126,0.3907119847680704,0.4586869666086591,outlier_score,23.745148660360105,0.0293019276573246,0.7,0.2574145185160669,2.1447256330887496,0,267,267.jpg
Tomato___Early_blight/268.jpg,Tomato___Early_blight,Tomato_Early_blight,0.8591,Tomato_Early_blight,True,1.876780349084585,0.1712854371566347,0.235457261537213,0.2821967479020527,outlier_score,13.453444385995672,0.0791898768956274,0.7,0.1204245809266938,2.039016625181296,0,268,268.jpg
Tomato___Early_blight/269.jpg,Tomato___Early_blight,Tomato_Early_blight,0.5553,Tomato_Early_blight,True,2.125853022110009,0.5271639331191778,0.300608877577538,0.4289205137890302,uncertainty_score,19.271443082713944,0.337046557134435,0.5,0.1978663006954742,2.470892565312081,3,269,269.jpg
Tomato___Late_blight/1.jpg,Tomato___Late_blight,Tomato_Leaf_Mold,0.324,Tomato_Late_blight,False,2.508128087536096,0.8239167135330755,0.2843032071953738,0.5393105936623801,uncertainty_score,26.622787211863407,0.7328032578254895,0.5,0.295717943786179,3.409183431330248,12,1,1.jpg
Tomato___Late_blight/2.jpg,Tomato___Late_blight,Tomato_Late_blight,0.6059,Tomato_Late_blight,True,2.091509924789394,0.4681303616963593,0.1643557827756449,0.335222056321283,uncertainty_score,16.156289818937154,0.301492287143089,0.5,0.1564013848943964,2.337586651627773,3,2,2.jpg
Tomato___Late_blight/3.jpg,Tomato___Late_blight,Tomato_Late_blight,0.6299,Tomato_Late_blight,True,1.9740170907634988,0.4439817287139496,0.2673222039308771,0.3482721331805102,uncertainty_score,19.43507155072649,0.1798558516170048,0.5,0.200044312521632,2.1597781720164577,0,3,3.jpg
Tomato___Late_blight/4.jpg,Tomato___Late_blight,Tomato_Late_blight,0.4233,Tomato_Late_blight,True,2.344721323348013,0.6968203330681327,0.4472708092705074,0.451066194296644,uncertainty_score,23.72751626853228,0.5636336527046432,0.5,0.2571798187820236,3.0130370335823216,6,4,4.jpg
Tomato___Late_blight/5.jpg,Tomato___Late_blight,Tomato_Late_blight,0.4954,Tomato_Late_blight,True,2.1911443959085526,0.6112964708060883,0.4553838987325946,0.4948565214280333,uncertainty_score,23.012162198094742,0.4046405516558852,0.5,0.2476579449649105,2.680768020759136,3,5,5.jpg
Tomato___Late_blight/6.jpg,Tomato___Late_blight,Tomato_Septoria_leaf_spot,0.3619,Tomato_Late_blight,False,2.4403488046266526,0.7635659318560569,0.2932609289951809,0.6899002003093828,uncertainty_score,29.958033931580037,0.6626336134895491,0.5,0.3401124607484688,3.335435918101801,12,6,6.jpg
Tomato___Late_blight/7.jpg,Tomato___Late_blight,Tomato_Tomato_yellow_Leaf_Curl_Virus,0.4824,Tomato_Late_blight,False,2.2868302549358965,0.6325731923254806,0.2765221729595181,0.7186671897998451,outlier_score,18.760444069828605,0.5037009489884778,0.7,0.1910645387115275,2.993998706044247,6,7,7.jpg
Tomato___Late_blight/8.jpg,Tomato___Late_blight,Tomato_Septoria_leaf_spot,0.3266,Tomato_Late_blight,False,2.4893606083778472,0.8135114471157374,0.3025529289429113,0.5708101221490842,uncertainty_score,21.64215500072708,0.7133739088992705,0.5,0.2294221702612132,3.270881073190361,12,8,8.jpg
Tomato___Late_blight/9.jpg,Tomato___Late_blight,Tomato_Late_blight,0.7432,Tomato_Late_blight,True,2.061213125451812,0.3027971986116754,0.4956218367865614,0.5487952456735037,outlier_score,27.111455128090935,0.2701270152962947,0.7,0.3022224629174453,2.693587724968757,3,9,9.jpg
Tomato___Late_blight/10.jpg,Tomato___Late_blight,Tomato_Target_Spot,0.3761,Tomato_Late_blight,False,2.547501150043188,0.7580423090061758,0.4447022918396501,0.6026962990972697,uncertainty_score,40.46056383704836,0.7735648840030731,0.5,0.479908638128379,3.7669927251987145,12,10,10.jpg
Tomato___Late_blight/11.jpg,Tomato___Late_blight,Tomato_Early_blight,0.7115,Tomato_Late_blight,False,1.9950135329536325,0.3443185092129717,0.2930801917007969,0.4480165213232969,outlier_score,42.73653637596632,0.2015927720676126,0.7,0.5102034588645444,2.8684907324320417,6,11,11.jpg
Tomato___Late_blight/12.jpg,Tomato___Late_blight,Tomato_Late_blight,0.8278,Tomato_Late_blight,True,1.89030311224932,0.2026960174156092,0.3401315505975237,0.4799966017557048,outlier_score,11.734460727651802,0.0931895452452671,0.7,0.0975436801744011,2.032694610752136,0,12,12.jpg
Tomato___Late_blight/13.jpg,Tomato___Late_blight,Tomato_Late_blight,0.2861,Tomato_Late_blight,True,2.4307638109093404,0.8669380447873655,0.1637690804077402,0.3088415647051137,uncertainty_score,20.16346521908847,0.6527105872898677,0.5,0.2097397527042604,3.120030803636126,12,13,13.jpg
Tomato___Late_blight/14.jpg,Tomato___Late_blight,Tomato_Late_blight,0.648,Tomato_Late_blight,True,2.171709193819091,0.4292660827522231,0.3739805587911775,0.487336356100446,outlier_score,10.478861884810176,0.3845199313177103,0.7,0.0808307624172704,2.590286006261326,3,14,14.jpg
Tomato___Late_blight/15.jpg,Tomato___Late_blight,Tomato_Late_blight,0.7077,Tomato_Late_blight,True,1.8083181888099145,0.3448467677178116,0.3088168194033004,0.5328490412874518,outlier_score,18.98793471008672,0.00831327226465,0.7,0.1940926016815015,2.007765447051552,0,15,15.jpg
Tomato___Late_blight/16.jpg,Tomato___Late_blight,Tomato_Early_blight,0.3681,Tomato_Late_blight,False,2.5962627822816247,0.7604757415256038,0.6491010078521721,0.912303113632532,outlier_score,26.827713226008385,0.8240461851402132,0.7,0.2984456554595591,3.7957608534697647,12,16,16.jpg
Tomato___Late_blight/17.jpg,Tomato___Late_blight,Tomato_Late_blight,0.6922,Tomato_Late_blight,True,1.851909933897128,0.367866321115111,0.2948569046854545,0.3644154187801834,uncertainty_score,22.99484371845334,0.0534423606446422,0.5,0.2474274236263671,1.9780258567288351,0,17,17.jpg
Tomato___Late_blight/18.jpg,Tomato___Late_blight,Tomato_Late_blight,0.6196,Tomato_Late_blight,True,2.0439507567745885,0.4510297567890159,0.2439868837727582,0.3562012639252345,uncertainty_score,14.722846040957553,0.2522558573482975,0.5,0.137321223975623,2.2104935506600296,0,18,18.jpg
Tomato___Late_blight/19.jpg,Tomato___Late_blight,Tomato_Tomato_yellow_Leaf_Curl_Virus,0.3076,Tomato_Late_blight,False,2.749074571751512,0.8391723669298797,0.5911152699976271,0.5081315772475976,uncertainty_score,30.00410469786788,0.9822471642176516,0.5,0.3407256955665529,3.9755828717851327,12,19,19.jpg
Tomato___Late_blight/20.jpg,Tomato___Late_blight,Tomato_Late_blight,0.6152,Tomato_Late_blight,True,2.119817850591363,0.4653753483945752,0.3885165855302205,0.5485636307850446,outlier_score,15.081234314045908,0.3307985441606831,0.7,0.1420916279684222,2.5747345302739992,3,20,20.jpg
Tomato___Late_blight/21.jpg,Tomato___Late_blight,Tomato_Late_blight,0.6499,Tomato_Late_blight,True,2.0735287418723622,0.4147617697494898,0.5005585480325735,0.6033690706028401,outlier_score,16.946639184390655,0.2828769646453085,0.7,0.1669214996743133,2.5161361788020877,3,21,21.jpg
Tomato___Late_blight/22.jpg,Tomato___Late_blight,Tomato_Early_blight,0.3168,Tomato_Late_blight,False,2.4879212664924166,0.8271008953054305,0.2560187614875551,0.4975406553940987,uncertainty_score,25.87904564497905,0.7118838059674731,0.5,0.2858182121077343,3.3524949300965474,12,22,22.jpg
Tomato___Late_blight/23.jpg,Tomato___Late_blight,Tomato_Early_blight,0.295,Tomato_Late_blight,False,2.5278158428519006,0.8657067716769795,0.22705875103402,0.3408239548318792,uncertainty_score,25.284135789994536,0.7531853381453533,0.5,0.2778995368589097,3.423219981579071,12,23,23.jpg
Tomato___Late_blight/24.jpg,Tomato___Late_blight,Tomato_Late_blight,0.6059,Tomato_Late_blight,True,2.2146273159030576,0.4794746558210001,0.4771041987398499,0.6488421311405992,outlier_score,36.235773795167695,0.4289516401367901,0.7,0.4236736639456236,3.193413776192015,12,24,24.jpg
Tomato___Late_blight/25.jpg,Tomato___Late_blight,Tomato_Septoria_leaf_spot,0.3025,Tomato_Late_blight,False,2.5410262188457926,0.8506909737993684,0.4991051069393053,0.7056150102924947,uncertainty_score,39.81963391068408,0.7668616024143913,0.5,0.4713774028469195,3.7407893090991617,12,25,25.jpg
Tomato___Late_blight/26.jpg,Tomato___Late_blight,Tomato_Late_blight,0.7376,Tomato_Late_blight,True,2.003273203008079,0.3113052714198701,0.3920320184108588,0.3298058778740285,density_score,35.072278093665766,0.2101437346209796,1.2,0.4081867048098787,3.2325675264567773,12,26,26.jpg
Tomato___Late_blight/27.jpg,Tomato___Late_blight,Tomato_Late_blight,0.3356,Tomato_Late_blight,True,2.394841344782616,0.8084339880443182,0.1922435034794668,0.3124591680099585,uncertainty_score,16.34791508617191,0.615521249138417,0.5,0.1589520541226625,2.969470579460828,6,27,27.jpg
Tomato___Late_blight/28.jpg,Tomato___Late_blight,Tomato_Late_blight,0.7097,Tomato_Late_blight,True,2.0456216068736044,0.3423351567820848,0.3519533046610655,0.4555464123343739,outlier_score,20.901290786924584,0.2539856330578349,0.7,0.2195607382082337,2.53731237342802,3,28,28.jpg
Tomato___Late_blight/29.jpg,Tomato___Late_blight,Tomato_Late_blight,0.834,Tomato_Late_blight,True,1.8745511242629809,0.1943404590225762,0.3173606688834907,0.3271659874318403,outlier_score,13.395112425730607,0.0768820343490222,0.7,0.1196481408558222,2.033236279981778,0,29,29.jpg
Tomato___Late_blight/30.jpg,Tomato___Late_blight,Tomato_Late_blight,0.4963,Tomato_Late_blight,True,2.353366433883928,0.610652126959088,0.4366991091666138,0.5196806585172606,uncertainty_score,13.714686108298867,0.572583649008979,0.5,0.1239018949147374,2.831020140390064,6,30,30.jpg
Tomato___Late_blight/31.jpg,Tomato___Late_blight,Tomato_Leaf_Mold,0.3854,Tomato_Late_blight,False,2.3922353079940724,0.7447515348795074,0.2692590694928672,0.255317511592905,uncertainty_score,15.106530499715108,0.6128233056558519,0.5,0.1424283382744796,2.939289118723423,6,31,31.jpg
Tomato___Late_blight/32.jpg,Tomato___Late_blight,Tomato_Late_blight,0.5547,Tomato_Late_blight,True,1.82887226226828,0.5374470549976292,0.1539810133678718,0.3380297661310167,uncertainty_score,27.548604196155537,0.0295922230342422,0.5,0.3080412293680699,2.021246290120589,0,32,32.jpg
Tomato___Late_blight/33.jpg,Tomato___Late_blight,Tomato_Leaf_Mold,0.8489,Tomato_Late_blight,False,1.8540010002050649,0.1664855927449838,0.4034319270335276,0.4969047909090584,outlier_score,34.68285986006696,0.0556071722627708,0.7,0.4030032698709498,2.415719249331967,3,33,33.jpg
Tomato___Late_blight/34.jpg,Tomato___Late_blight,Tomato_Late_blight,0.4401,Tomato_Late_blight,True,2.391633397907977,0.6800583781436794,0.2577564171349399,0.3241333205526592,uncertainty_score,59.61786445681062,0.6122001681003844,0.5,0.7349059977803748,3.826759332871331,12,34,34.jpg
Tomato___Late_blight/35.jpg,Tomato___Late_blight,Tomato_Early_blight,0.5394,Tomato_Late_blight,False,2.28759143317074,0.5521098677196074,0.2739574055712336,0.4045114375566513,uncertainty_score,32.651650244490774,0.5044889715777193,0.5,0.3759664185341094,3.072927570956603,6,35,35.jpg
Tomato___Late_blight/36.jpg,Tomato___Late_blight,Tomato_Late_blight,0.6345,Tomato_Late_blight,True,1.8174324162357816,0.4418047036657475,0.2094590064508024,0.3281912736201145,uncertainty_score,9.740618547438814,0.0177489297313191,0.5,0.0710042161022755,1.6420041836160515,0,36,36.jpg
Tomato___Late_blight/37.jpg,Tomato___Late_blight,Tomato_healthy,0.4228,Tomato_Late_blight,False,2.05840392882528,0.702411050437862,0.2062767411882293,0.3537854880205941,uncertainty_score,9.575307565911364,0.2672187471693386,0.5,0.0688038088190336,2.137643207567228,0,37,37.jpg
Tomato___Late_blight/38.jpg,Tomato___Late_blight,Tomato_Early_blight,0.3652,Tomato_Late_blight,False,2.376973429130162,0.7815719433181358,0.2878305030110967,0.2793847703656759,uncertainty_score,24.86985697221549,0.5970231884842141,0.5,0.2723851897809905,3.102624161639914,12,38,38.jpg
Tomato___Late_blight/39.jpg,Tomato___Late_blight,Tomato_Leaf_Mold,0.3983,Tomato_Late_blight,False,2.3779850499611905,0.7334017726992843,0.2365064462085121,0.3479593104103154,uncertainty_score,19.895597732634936,0.5980704859897209,0.5,0.2061742450610904,3.005402339571077,6,39,39.jpg
Tomato___Late_blight/40.jpg,Tomato___Late_blight,Tomato_Late_blight,0.568,Tomato_Late_blight,True,1.8366498786838028,0.5118932795158436,0.1349504087534891,0.2329274255139616,uncertainty_score,8.575893050669423,0.0376441314379909,0.5,0.0555008875127991,1.6585395941451806,0,40,40.jpg
Tomato___Late_blight/41.jpg,Tomato___Late_blight,Tomato_Late_blight,0.2725,Tomato_Late_blight,True,2.619226652950614,0.8884053354330668,0.2912419495767281,0.2355005336322782,uncertainty_score,22.86121381898485,0.8478199190637836,0.5,0.2456487141823093,3.5641129094010315,12,41,41.jpg
Tomato___Late_blight/42.jpg,Tomato___Late_blight,Tomato_Late_blight,0.6268,Tomato_Late_blight,True,2.039170125622415,0.4500838570659138,0.1865577777077558,0.2638693272094173,uncertainty_score,19.05613715444965,0.2473066284209641,0.5,0.1950004249484402,2.2871138942645888,0,42,42.jpg
Tomato___Late_blight/43.jpg,Tomato___Late_blight,Tomato_Leaf_Mold,0.2412,Tomato_Late_blight,False,2.4805399815237763,0.9244765463642716,0.1554433657356545,0.2256100618615388,uncertainty_score,22.80146222073082,0.70424220637009,0.5,0.2448533777154353,3.275764479313333,12,43,43.jpg
Tomato___Late_blight/44.jpg,Tomato___Late_blight,Tomato_Late_blight,0.2631,Tomato_Late_blight,True,2.443351684558292,0.8954330430313068,0.1469566196163694,0.2191799496581304,uncertainty_score,18.59270579020123,0.6657423955206042,0.5,0.1888318223562063,3.1147325245755177,12,44,44.jpg
Tomato___Late_blight/45.jpg,Tomato___Late_blight,Tomato_Late_blight,0.4696,Tomato_Late_blight,True,2.128410243835152,0.6460034757621417,0.091181892569914,0.2593641237346882,uncertainty_score,16.56987715331786,0.3396939640003525,0.5,0.1619065278342004,2.4222477197520056,3,45,45.jpg
Tomato___Late_blight/46.jpg,Tomato___Late_blight,Tomato_Late_blight,0.7383,Tomato_Late_blight,True,1.866875831398756,0.3130566748443655,0.2170532713125427,0.290926379800946,uncertainty_score,17.351307491810843,0.0689360581253373,0.5,0.1723079239923899,1.8963340022392596,0,46,46.jpg
Tomato___Late_blight/47.jpg,Tomato___Late_blight,Tomato_Late_blight,0.9045,Tomato_Late_blight,True,1.9344554706839967,0.1017195778631533,0.4603159760951109,0.4719918198622518,outlier_score,21.07981327902736,0.1388990180364374,0.7,0.2219370001372103,2.3107035362786905,0,47,47.jpg
Tomato___Late_blight/48.jpg,Tomato___Late_blight,Tomato_Leaf_Mold,0.8065,Tomato_Late_blight,False,1.9904008167944616,0.2260992953080314,0.5058842784295399,0.5962953478899695,outlier_score,39.74694965137104,0.1968173799652188,0.7,0.4704099234206184,2.799249645061365,6,48,48.jpg
Tomato___Late_blight/49.jpg,Tomato___Late_blight,Tomato_Late_blight,0.7911,Tomato_Late_blight,True,2.0053889625596595,0.2430151686078633,0.300088889218031,0.3210503202870913,outlier_score,22.3907505085067,0.2123341103355344,0.7,0.2393865113612443,2.483747987712935,3,49,49.jpg
Tomato___Late_blight/50.jpg,Tomato___Late_blight,Tomato_Late_blight,0.6128,Tomato_Late_blight,True,2.099338859324442,0.4685462294911893,0.4034517056392592,0.5966702884444872,outlier_score,15.462870388956595,0.3095973234945015,0.7,0.1471714768146521,2.5399518622109816,3,50,50.jpg
Tomato___Late_blight/51.jpg,Tomato___Late_blight,Tomato_Late_blight,0.633,Tomato_Late_blight,True,1.8724027182112413,0.4440597593449624,0.2838627365488496,0.4751014424893894,outlier_score,11.471202729023169,0.0746578607952659,0.7,0.0940395281077827,1.9903750137522056,0,51,51.jpg
Tomato___Late_blight/52.jpg,Tomato___Late_blight,Tomato_Tomato_yellow_Leaf_Curl_Virus,0.6734,Tomato_Late_blight,False,2.0108046360128533,0.3957456458575378,0.4192032263113741,0.6265102449293347,outlier_score,17.26833906174522,0.2179407775019298,0.7,0.1712035549050571,2.392686887361445,3,52,52.jpg
Tomato___Late_blight/53.jpg,Tomato___Late_blight,Tomato_Late_blight,0.484,Tomato_Late_blight,True,2.353063660611657,0.6303034320103078,0.1801458437202145,0.1500540342593407,uncertainty_score,19.90868061115621,0.5722701978788146,0.5,0.2063483875222747,2.9540629770410414,6,53,53.jpg
Tomato___Late_blight/54.jpg,Tomato___Late_blight,Tomato_Late_blight,0.7213,Tomato_Late_blight,True,1.9909561805394511,0.3305172847084274,0.3562336969090327,0.3290624608441549,density_score,36.51195494516171,0.1973923296370095,1.2,0.427349832390852,3.235809407860297,12,54,54.jpg
Tomato___Late_blight/55.jpg,Tomato___Late_blight,Tomato_Late_blight,0.7322,Tomato_Late_blight,True,1.8267139777610053,0.3123505567478133,0.1431553397073396,0.2684196883253578,uncertainty_score,11.355546184059415,0.0273578226429961,0.5,0.0925000568546247,1.6934657305679297,0,55,55.jpg
Tomato___Late_blight/56.jpg,Tomato___Late_blight,Tomato_Late_blight,0.5081,Tomato_Late_blight,True,2.1464399586935894,0.5953743057693824,0.1510045175107721,0.2431380817385904,uncertainty_score,14.227437940840897,0.3583595300079665,0.5,0.1307269881807511,2.41280954228706,3,56,56.jpg
Tomato___Late_blight/57.jpg,Tomato___Late_blight,Tomato_Bacterial_spot,0.7337,Tomato_Late_blight,False,1.986714773554608,0.3100567813236641,0.3866177719366988,0.8065607462802724,outlier_score,26.18587113764693,0.193001341611833,0.7,0.2899022786501532,2.520856101198896,3,57,57.jpg
Tomato___Late_blight/58.jpg,Tomato___Late_blight,Tomato_Late_blight,0.4575,Tomato_Late_blight,True,2.238184724270845,0.6563362534966922,0.3077604346010751,0.3889136699495176,uncertainty_score,20.083392202124603,0.4533398439608503,0.5,0.2086739236341621,2.719690573372944,6,58,58.jpg
Tomato___Late_blight/59.jpg,Tomato___Late_blight,Tomato_Bacterial_spot,0.3797,Tomato_Late_blight,False,2.3495188193526646,0.7520815372802794,0.2847849571836888,0.4054806918505412,uncertainty_score,22.024362259601165,0.5686003412545834,0.5,0.234509621974122,2.9889651154703496,6,59,59.jpg
Tomato___Late_blight/60.jpg,Tomato___Late_blight,Tomato_Late_blight,0.6361,Tomato_Late_blight,True,2.0300538726445607,0.4283965880219877,0.3001640585286254,0.3295623815840532,uncertainty_score,27.542202868213074,0.2378688739674809,0.5,0.307956023119236,2.437671782613816,3,60,60.jpg
Tomato___Late_blight/61.jpg,Tomato___Late_blight,Tomato_Early_blight,0.2943,Tomato_Late_blight,False,2.5174577446446884,0.8631961213456116,0.2783256299578175,0.4624531199734806,uncertainty_score,19.13230065124801,0.7424619424999921,0.5,0.196014215511679,3.2789452082675026,12,61,61.jpg
Tomato___Late_blight/62.jpg,Tomato___Late_blight,Tomato_Leaf_Mold,0.3289,Tomato_Late_blight,False,2.420242397432557,0.8149329198892172,0.2013423882313155,0.3170179448042099,uncertainty_score,16.615225490085724,0.6418181167607292,0.5,0.1625101465991785,3.0274014534202265,6,62,62.jpg
Tomato___Late_blight/63.jpg,Tomato___Late_blight,Tomato_Late_blight,0.7356,Tomato_Late_blight,True,1.9237933246420305,0.3121757267544645,0.3363169902949351,0.3584659828027079,outlier_score,18.38898306523852,0.1278608517486322,0.7,0.1861201273216244,2.234901894479701,0,63,63.jpg
Tomato___Late_blight/64.jpg,Tomato___Late_blight,Tomato_Leaf_Mold,0.3816,Tomato_Late_blight,False,2.370503159808504,0.7511578792427216,0.2610630342312866,0.2760348512376852,uncertainty_score,24.924930980194024,0.5903247331809162,0.5,0.2731182641790344,3.090326862630384,6,64,64.jpg
Tomato___Late_blight/65.jpg,Tomato___Late_blight,Tomato_Late_blight,0.6299,Tomato_Late_blight,True,1.956888951725087,0.4447006302377414,0.1391417456270416,0.2359955460402993,uncertainty_score,10.92018712302361,0.16212365716361,0.5,0.0867051166765612,1.954304989342062,0,65,65.jpg
Tomato___Late_blight/66.jpg,Tomato___Late_blight,Tomato_Late_blight,0.6379,Tomato_Late_blight,True,2.1190197229901404,0.4358302618008952,0.3406556015868246,0.4407975367662639,outlier_score,20.777798506888885,0.3299722691175065,0.7,0.2179169677224261,2.686819989818652,3,66,66.jpg
Tomato___Late_blight/67.jpg,Tomato___Late_blight,Tomato_Late_blight,0.5372,Tomato_Late_blight,True,2.1113436063146893,0.5571264392531907,0.2157116666621458,0.2324156220876381,uncertainty_score,16.74514694873225,0.3220254400293731,0.5,0.1642394940461159,2.3904101211279203,3,67,67.jpg
Tomato___Late_blight/68.jpg,Tomato___Late_blight,Tomato_Late_blight,0.758,Tomato_Late_blight,True,1.9591432238923685,0.2841374589369346,0.3273656463891834,0.4257956406684653,outlier_score,21.146557760995982,0.1644574303967364,0.7,0.2228254168829278,2.3631529861178646,3,68,68.jpg
Tomato___Late_blight/69.jpg,Tomato___Late_blight,Tomato_Late_blight,0.5899,Tomato_Late_blight,True,2.22429000565346,0.4923157193223424,0.3187189509617235,0.3082087965261705,uncertainty_score,19.06701028300372,0.4389551024634738,0.5,0.1951451540586356,2.670627936014901,3,69,69.jpg
Tomato___Late_blight/70.jpg,Tomato___Late_blight,Tomato_Late_blight,0.8406,Tomato_Late_blight,True,1.943745236420948,0.1851356524834911,0.5390284547990909,0.5037867872986641,density_score,38.50889371448069,0.1485164044965006,1.2,0.4539305142765741,3.1779285804078627,12,70,70.jpg
Tomato___Late_blight/71.jpg,Tomato___Late_blight,Tomato_Leaf_Mold,0.8637,Tomato_Late_blight,False,2.0539517757430934,0.1495324036604346,0.7444478047361168,0.9497885486029932,outlier_score,46.98377432664776,0.2626095806969877,0.7,0.5667372307530685,3.0753250075235785,6,71,71.jpg
Tomato___Late_blight/72.jpg,Tomato___Late_blight,Tomato_Late_blight,0.9006,Tomato_Late_blight,True,1.9128231848355788,0.1124264001565933,0.6217994234959833,0.8028630568164121,outlier_score,30.772801926970512,0.1165038297281616,0.7,0.3509576049406102,2.4594440668672384,3,72,72.jpg
Tomato___Late_blight/73.jpg,Tomato___Late_blight,Tomato_Early_blight,0.4227,Tomato_Late_blight,False,2.085628883617635,0.7047176831818941,0.256938848483958,0.4808815920216536,uncertainty_score,12.595164268174608,0.2954038402071913,0.5,0.1090002592944277,2.254308069356024,0,73,73.jpg
Tomato___Late_blight/74.jpg,Tomato___Late_blight,Tomato_Early_blight,0.5451,Tomato_Late_blight,False,1.9976539445373789,0.5430225504828996,0.2170149878230217,0.3787710492645181,uncertainty_score,11.20775169703039,0.2043263026359356,0.5,0.09053280662916,2.0444518152156115,0,74,74.jpg
Tomato___Late_blight/75.jpg,Tomato___Late_blight,Tomato_Early_blight,0.4996,Tomato_Late_blight,False,2.050766090888219,0.6125320296897684,0.1918913558315197,0.3925595015108482,uncertainty_score,12.042142725756452,0.2593115467899075,0.5,0.1016391474161794,2.171081814704084,0,75,75.jpg
Tomato___Late_blight/76.jpg,Tomato___Late_blight,Tomato_Late_blight,0.6147,Tomato_Late_blight,True,2.1750086522812824,0.4599021203272232,0.3591569563288407,0.4372460725180877,uncertainty_score,28.4484928813396,0.387935751268218,0.5,0.3200193907623702,2.7559005886799914,6,76,76.jpg
Tomato___Late_blight/77.jpg,Tomato___Late_blight,Tomato_Late_blight,0.4928,Tomato_Late_blight,True,2.216863291818921,0.6124027175645104,0.2817034231896105,0.3665398348960216,uncertainty_score,16.84399309502513,0.4312664718674457,0.5,0.1655552068814858,2.6108657540571203,3,77,77.jpg
Tomato___Late_blight/78.jpg,Tomato___Late_blight,Tomato_Late_blight,0.4254,Tomato_Late_blight,True,2.203116178388824,0.6988331686635785,0.1862120263602358,0.2711297872701159,uncertainty_score,13.866426876313056,0.4170345411265355,0.5,0.1259216729598377,2.522951591692828,3,78,78.jpg
Tomato___Late_blight/79.jpg,Tomato___Late_blight,Tomato_Late_blight,0.6543,Tomato_Late_blight,True,2.0267505171457643,0.4092895761791399,0.6012408499870996,0.8468696999720919,outlier_score,18.5685607336844,0.2344490195441845,0.7,0.1885104344016795,2.4516636906908884,3,79,79.jpg
Tomato___Late_blight/80.jpg,Tomato___Late_blight,Tomato_Leaf_Mold,0.7435,Tomato_Late_blight,False,2.0159844301952003,0.3080166793429496,0.4122626585141824,0.5520976703399583,outlier_score,24.542860594805365,0.2233032466799274,0.7,0.2680326343500164,2.5486554448848797,3,80,80.jpg
Tomato___Late_blight/81.jpg,Tomato___Late_blight,Tomato_Late_blight,0.5008,Tomato_Late_blight,True,2.360275763880118,0.6056778220173031,0.2508865294149759,0.3901433587527853,uncertainty_score,15.618338963935871,0.5797366492713163,0.5,0.1492408746340754,2.883334610493746,6,81,81.jpg
Tomato___Late_blight/82.jpg,Tomato___Late_blight,Tomato_Late_blight,0.7936,Tomato_Late_blight,True,2.0732077597664893,0.2331121504850276,0.3356047548401826,0.328053461002834,density_score,37.71396857356527,0.2825446625134403,1.2,0.4433494926557452,3.4301135640104983,12,82,82.jpg
Tomato___Late_blight/83.jpg,Tomato___Late_blight,Tomato_Late_blight,0.6247,Tomato_Late_blight,True,1.972889211756255,0.44765471031978,0.265207517520114,0.1209102055996365,uncertainty_score,13.126282449912578,0.1786881958762675,0.5,0.1160698217914864,2.0314811244397646,0,83,83.jpg
Tomato___Late_blight/84.jpg,Tomato___Late_blight,Tomato_Early_blight,0.7293,Tomato_Late_blight,False,2.080823536885669,0.3244823247689543,0.3086235007513273,0.4872339028234355,outlier_score,43.79957167765984,0.2904290240595577,0.7,0.5243532182972006,3.067387875564916,6,84,84.jpg
Tomato___Late_blight/85.jpg,Tomato___Late_blight,Tomato_Late_blight,0.6358,Tomato_Late_blight,True,2.0107429449396825,0.4402313815108932,0.243065577934481,0.3640223131089347,uncertainty_score,15.23584669390616,0.2178769107792783,0.5,0.1441496292190371,2.1519782653871125,0,85,85.jpg
Tomato___Late_blight/86.jpg,Tomato___Late_blight,Tomato_Late_blight,0.5694,Tomato_Late_blight,True,2.080482722575826,0.5213363898286186,0.2184995510879255,0.1851302042963077,uncertainty_score,14.187376172634416,0.2900761903044671,0.5,0.1301937374207194,2.275442986740013,0,86,86.jpg
Tomato___Late_blight/87.jpg,Tomato___Late_blight,Tomato_Late_blight,0.4267,Tomato_Late_blight,True,2.326878984657069,0.693128434945693,0.1883809726543364,0.3110134065395468,uncertainty_score,11.293918695333169,0.5451620710306726,0.5,0.0916797509451917,2.727843768479133,6,87,87.jpg
Tomato___Late_blight/88.jpg,Tomato___Late_blight,Tomato_Late_blight,0.8213,Tomato_Late_blight,True,2.1149839222456803,0.2033889087290635,0.2260043628065027,0.2379021116073931,outlier_score,22.85361421266956,0.3257941384160081,0.7,0.2455475579921311,2.719909613820213,6,88,88.jpg
Tomato___Late_blight/89.jpg,Tomato___Late_blight,Tomato_Leaf_Mold,0.3207,Tomato_Late_blight,False,2.5406781071296702,0.825348014028075,0.3689225169254122,0.4021381726360197,uncertainty_score,30.959408447687267,0.7665012138965294,0.5,0.3534414710666932,3.5631646343930985,12,89,89.jpg
Tomato___Late_blight/90.jpg,Tomato___Late_blight,Tomato_Late_blight,0.9828,Tomato_Late_blight,True,1.82192368454366,0.0061186803039972,1.0,0.8916693786439673,density_score,34.72013592367353,0.0223985908999415,1.2,0.4034994409122963,2.8500463431683274,6,90,90.jpg
Tomato___Late_blight/91.jpg,Tomato___Late_blight,Tomato_Late_blight,0.8275,Tomato_Late_blight,True,1.8727594872648776,0.1961856322110445,0.2648760368816869,0.2655423023890192,outlier_score,32.70261315447725,0.0750272119676172,0.7,0.3766447712803897,2.415021580855819,3,91,91.jpg
Tomato___Late_blight/92.jpg,Tomato___Late_blight,Tomato_Late_blight,0.3411,Tomato_Late_blight,True,2.3468633948364817,0.8030209085883719,0.2415063007006597,0.2963809933765359,uncertainty_score,17.449499188496183,0.5658512682950709,0.5,0.1736149256358616,2.8921249250439343,6,92,92.jpg
Tomato___Late_blight/93.jpg,Tomato___Late_blight,Tomato_Late_blight,0.4606,Tomato_Late_blight,True,2.168785355701239,0.6507228510855606,0.2406785909193375,0.2491627768932906,uncertainty_score,18.65895929504926,0.3814929786557937,0.5,0.1897137038456323,2.547556513080036,3,93,93.jpg
Tomato___Late_blight/94.jpg,Tomato___Late_blight,Tomato_Late_blight,0.7449,Tomato_Late_blight,True,1.982063960488044,0.3113224884056901,0.3081770360951433,0.3408212811957576,outlier_score,21.18506245094571,0.1881865090443394,0.7,0.223337941818788,2.411379930816861,3,94,94.jpg
Tomato___Late_blight/95.jpg,Tomato___Late_blight,Tomato_Late_blight,0.7941,Tomato_Late_blight,True,1.8703611616760527,0.2392101408489836,0.2340378176733335,0.2743493136458441,outlier_score,27.354177989321013,0.0725443050033391,0.7,0.3054532776323848,2.3032685264552555,0,95,95.jpg
Tomato___Late_blight/96.jpg,Tomato___Late_blight,Tomato_Late_blight,0.4071,Tomato_Late_blight,True,2.300311742334312,0.7182125487885412,0.1862287102819645,0.2233186680264105,uncertainty_score,15.195118434677424,0.5176578859057682,0.5,0.1436075069872736,2.750727032292447,6,96,96.jpg
Tomato___Late_blight/97.jpg,Tomato___Late_blight,Tomato_Late_blight,0.8704,Tomato_Late_blight,True,1.9885449114320848,0.1480852901398322,0.4721748618304571,0.4876097211245786,outlier_score,40.04122524409337,0.1948960226771351,0.7,0.4743269418275234,2.801282458095556,6,97,97.jpg
Tomato___Late_blight/98.jpg,Tomato___Late_blight,Tomato_Early_blight,0.3428,Tomato_Late_blight,False,2.492975878010814,0.7865392284588353,0.3266365039076804,0.5158928104249774,uncertainty_score,31.206810408143628,0.7171166776839853,0.5,0.356734567935676,3.4693352072714845,12,98,98.jpg
Tomato___Late_blight/99.jpg,Tomato___Late_blight,Tomato_Leaf_Mold,0.4352,Tomato_Late_blight,False,2.373257630496915,0.6901854387601052,0.4862452595175248,0.542513380815979,uncertainty_score,24.208636256246123,0.5931763453586046,0.5,0.2635838695915762,3.0817284951045734,6,99,99.jpg
Tomato___Late_blight/100.jpg,Tomato___Late_blight,Tomato_Late_blight,0.7922,Tomato_Late_blight,True,1.804630264272877,0.2393919906434179,0.2650766844352694,0.3262876329448453,outlier_score,16.352561138287147,0.0044952862666653,0.7,0.1590138963960446,1.9475114171273973,0,100,100.jpg
Tomato___Late_blight/101.jpg,Tomato___Late_blight,Tomato_Late_blight,0.4843,Tomato_Late_blight,True,2.163881368929044,0.6215633363030787,0.2256083922577345,0.3453807470047893,uncertainty_score,25.840859311697837,0.3764160437449771,0.5,0.2853099247266062,2.680796974579864,3,101,101.jpg
Tomato___Late_blight/102.jpg,Tomato___Late_blight,Tomato_Late_blight,0.7645,Tomato_Late_blight,True,1.8308137731730427,0.2742391699432511,0.2258918015847907,0.3639020693353016,outlier_score,23.084143040807373,0.0316022049020581,0.7,0.2486160614136502,2.136128501924592,0,102,102.jpg
Tomato___Late_blight/103.jpg,Tomato___Late_blight,Tomato_Late_blight,0.8639,Tomato_Late_blight,True,1.829308940993193,0.152596066532049,0.438496481745504,0.596670215877354,outlier_score,44.4930733033587,0.0300443020398162,0.7,0.5335842204606865,2.5604649347706623,3,103,103.jpg
Tomato___Late_blight/104.jpg,Tomato___Late_blight,Tomato_Late_blight,0.6694,Tomato_Late_blight,True,2.095727560929276,0.3902391661008337,0.3880106823285941,0.5073504195261616,outlier_score,13.844637090341042,0.3058586660006133,0.7,0.1256316353391662,2.5001647850099755,3,104,104.jpg
Tomato___Late_blight/105.jpg,Tomato___Late_blight,Tomato_Late_blight,0.4253,Tomato_Late_blight,True,2.553258121937884,0.6890400289008906,0.5595914248036371,0.6077815301842302,uncertainty_score,52.53319011789408,0.7795248861300139,0.5,0.6406039201403578,4.019955652470564,12,105,105.jpg
Tomato___Late_blight/106.jpg,Tomato___Late_blight,Tomato_Tomato_yellow_Leaf_Curl_Virus,0.2576,Tomato_Late_blight,False,2.690781776962615,0.9076549600769134,0.4459763103185694,0.6195906657162054,uncertainty_score,57.32924262870576,0.9218985665030688,0.5,0.7044428059668768,4.400461341956453,12,106,106.jpg
Tomato___Late_blight/107.jpg,Tomato___Late_blight,Tomato_Leaf_Mold,0.5474,Tomato_Late_blight,False,2.315306922738495,0.5473500731204649,0.2712114251887377,0.4048323636207362,uncertainty_score,19.565300608072693,0.5331818990045876,0.5,0.2017777543270496,2.869030429499749,6,107,107.jpg
Tomato___Late_blight/108.jpg,Tomato___Late_blight,Tomato_Late_blight,0.7663,Tomato_Late_blight,True,1.8788663397909176,0.2713149424889864,0.4191151804802048,0.5109474358323944,outlier_score,20.832848879772776,0.0813494339116997,0.7,0.2186497275204725,2.1906734591041084,0,108,108.jpg
Tomato___Late_blight/109.jpg,Tomato___Late_blight,Tomato_Early_blight,0.6676,Tomato_Late_blight,False,2.033583113057552,0.3994407213636266,0.2342049862715935,0.3059486574310825,uncertainty_score,29.34680461110555,0.2415225795531019,0.5,0.3319765617532788,2.481010001736122,3,109,109.jpg
Tomato___Late_blight/110.jpg,Tomato___Late_blight,Tomato_Late_blight,0.5456,Tomato_Late_blight,True,2.205249337781932,0.5498553292888935,0.3285390129951209,0.319138945876402,uncertainty_score,38.51392527751914,0.4192429303201223,0.5,0.453997487975802,3.019482092603948,6,110,110.jpg
Tomato___Late_blight/111.jpg,Tomato___Late_blight,Tomato_Leaf_Mold,0.6455,Tomato_Late_blight,False,2.2140526202866546,0.4194065135034741,0.4884649936890118,0.6479861007572478,outlier_score,34.02805549861417,0.4283566768194841,0.7,0.3942873559448079,3.1481443875561803,12,111,111.jpg
Tomato___Late_blight/112.jpg,Tomato___Late_blight,Tomato_Early_blight,0.7204,Tomato_Late_blight,False,2.2230515775457667,0.3372139532660068,0.6338567167277073,0.7873891952977297,outlier_score,38.94926123682052,0.4376729989043589,0.7,0.4597921206532736,3.2650341787886283,12,112,112.jpg
Tomato___Late_blight/113.jpg,Tomato___Late_blight,Tomato_Late_blight,0.6018,Tomato_Late_blight,True,2.026461314785979,0.4670522680349219,0.2506270671706997,0.3444660998076214,uncertainty_score,15.449801230827852,0.2341496179297654,0.5,0.1469975169816959,2.188795511332075,0,113,113.jpg
Tomato___Late_blight/114.jpg,Tomato___Late_blight,Tomato_Early_blight,0.6489,Tomato_Late_blight,False,2.129807289471227,0.4241952740186743,0.2497262162017379,0.4461435695859523,outlier_score,33.150729381876026,0.3411402790275478,0.7,0.3826095184580805,2.956194835742216,6,114,114.jpg
Tomato___Late_blight/115.jpg,Tomato___Late_blight,Tomato_Late_blight,0.5691,Tomato_Late_blight,True,2.1207581714190367,0.5210148829389055,0.2754109828218846,0.3799088528922138,uncertainty_score,17.337515740019317,0.3317720271367084,0.5,0.1721243459214696,2.4217305731556213,3,115,115.jpg
Tomato___Late_blight/116.jpg,Tomato___Late_blight,Tomato_Late_blight,0.7003,Tomato_Late_blight,True,1.8349851180389856,0.3568114644731192,0.2237348574759042,0.3763900863680255,outlier_score,15.471555617104713,0.0359206599384861,0.7,0.147287083407131,1.9927719449876689,0,116,116.jpg
Tomato___Late_blight/117.jpg,Tomato___Late_blight,Tomato_Leaf_Mold,0.5761,Tomato_Late_blight,False,2.2683952101045213,0.5268878702049125,0.3513131056596632,0.6258164987999006,outlier_score,31.884923838162923,0.484615758298824,0.7,0.3657607422193901,3.2178726299267333,12,117,117.jpg
Tomato___Late_blight/118.jpg,Tomato___Late_blight,Tomato_Late_blight,0.6133,Tomato_Late_blight,True,2.100283175784451,0.4700228261763506,0.391498605527343,0.6826681379043227,outlier_score,18.21068280378473,0.310574943016206,0.7,0.1837468234413756,2.596770121194476,3,118,118.jpg
Tomato___Late_blight/119.jpg,Tomato___Late_blight,Tomato_Late_blight,0.5497,Tomato_Late_blight,True,1.9987949305931887,0.5446575729946627,0.3221516825501416,0.5690692472458563,outlier_score,17.52086371259757,0.2055075276694818,0.7,0.1745648384435096,2.3728623130042283,3,119,119.jpg
Tomato___Late_blight/120.jpg,Tomato___Late_blight,Tomato_Late_blight,0.6745,Tomato_Late_blight,True,1.818346381060607,0.3903151277378425,0.1132079929810062,0.2435913592255045,uncertainty_score,11.444486151508215,0.0186951272114437,0.5,0.0936839113713505,1.6779161214799134,0,120,120.jpg
Tomato___Late_blight/121.jpg,Tomato___Late_blight,Tomato_Late_blight,0.6594,Tomato_Late_blight,True,2.101901800751582,0.4082261871536605,0.1458244761367986,0.016148177637023,uncertainty_score,15.744015088914391,0.3122506517782565,0.5,0.1509137136564875,2.3508718740412444,3,121,121.jpg
Tomato___Late_blight/122.jpg,Tomato___Late_blight,Tomato_Leaf_Mold,0.2952,Tomato_Late_blight,False,2.452118084433111,0.8645688988673514,0.1495258433707506,0.2936381989972571,uncertainty_score,23.53169176339409,0.6748179586560912,0.5,0.2545732546967952,3.231495799357375,12,122,122.jpg
Tomato___Late_blight/123.jpg,Tomato___Late_blight,Tomato_Late_blight,0.5975,Tomato_Late_blight,True,2.089649789643017,0.4824766183357056,0.113108067423003,0.1421253927893974,uncertainty_score,14.367457639533685,0.2995665508998709,0.5,0.1325907504181665,2.2980192274269915,0,123,123.jpg
Tomato___Late_blight/124.jpg,Tomato___Late_blight,Tomato_Early_blight,0.6479,Tomato_Late_blight,False,2.096050393832088,0.427871433008154,0.2892508501994462,0.3571413065176494,uncertainty_score,19.85204688266076,0.306192884201188,0.5,0.2055945521296886,2.420777596596909,3,124,124.jpg
Tomato___Late_blight/125.jpg,Tomato___Late_blight,Tomato_Late_blight,0.6882,Tomato_Late_blight,True,1.9621756206504144,0.3658289531621876,0.3907247602100311,0.4523047320162516,outlier_score,11.620122802862603,0.1675967702195231,0.7,0.0960217606979558,2.17922618148598,0,125,125.jpg
Tomato___Late_blight/126.jpg,Tomato___Late_blight,Tomato_Early_blight,0.7593,Tomato_Late_blight,False,2.031542621639148,0.2831870517626093,0.4252369305566804,0.4801126123628355,outlier_score,21.606050414983653,0.2394101264412679,0.7,0.2289415924272774,2.522232641523452,3,126,126.jpg
Tomato___Late_blight/127.jpg,Tomato___Late_blight,Tomato_Early_blight,0.5405,Tomato_Late_blight,False,2.2639562036537164,0.5424469267938936,0.310749190975643,0.4978475902794592,uncertainty_score,15.290408475514363,0.4800202020980586,0.5,0.1448758855180926,2.677354232473256,3,127,127.jpg
Tomato___Late_blight/128.jpg,Tomato___Late_blight,Tomato_Early_blight,0.6516,Tomato_Late_blight,False,2.020006584283564,0.4219216712860653,0.3290446464307661,0.4672911154361265,outlier_score,25.12106037205012,0.2274672494508318,0.7,0.2757288865243278,2.568527828688156,3,128,128.jpg
Tomato___Late_blight/129.jpg,Tomato___Late_blight,Tomato_Early_blight,0.4486,Tomato_Late_blight,False,2.2373489138816147,0.6658102509342432,0.31247715368164,0.3862789850302137,uncertainty_score,16.177291025560542,0.4524745571766433,0.5,0.1566809259604767,2.639970503294002,3,129,129.jpg
Tomato___Late_blight/130.jpg,Tomato___Late_blight,Tomato_Late_blight,0.6294,Tomato_Late_blight,True,1.9471555682247483,0.4498323265091261,0.2374180679473058,0.5011528916309125,outlier_score,17.173817847809808,0.1520470079415081,0.7,0.1699454100096449,2.2590121308974838,0,130,130.jpg
Tomato___Late_blight/131.jpg,Tomato___Late_blight,Tomato_Late_blight,0.3117,Tomato_Late_blight,True,2.397877138761878,0.8357659899800098,0.3228878095994691,0.4466938121943513,uncertainty_score,17.245686221963926,0.618664105991692,0.5,0.1709020294215091,2.9936812561156474,6,131,131.jpg
Tomato___Late_blight/132.jpg,Tomato___Late_blight,Tomato_Leaf_Mold,0.6071,Tomato_Late_blight,False,2.2281243015128576,0.4792565247388505,0.3599028564056196,0.3092741107780396,uncertainty_score,28.47651677107845,0.4429246218384748,0.5,0.3203924087586121,2.866437856814868,6,132,132.jpg
Tomato___Late_blight/133.jpg,Tomato___Late_blight,Tomato_Leaf_Mold,0.7263,Tomato_Late_blight,False,2.0518839477678856,0.3302253348759162,0.2955771575901459,0.4911145272384271,outlier_score,19.53858521167613,0.2604688269542534,0.7,0.2014221533121471,2.523070883876728,3,133,133.jpg
Tomato___Late_blight/134.jpg,Tomato___Late_blight,Tomato_Late_blight,0.4314,Tomato_Late_blight,True,2.274408139333917,0.6806134596779301,0.2154566645217243,0.3444091253132743,uncertainty_score,16.463108602756606,0.4908407445679705,0.5,0.1604853621372491,2.722409532341815,6,134,134.jpg
Tomato___Late_blight/135.jpg,Tomato___Late_blight,Tomato_Late_blight,0.7972,Tomato_Late_blight,True,1.9801812768975564,0.2320528255549134,0.4034420093019039,0.3845899454109973,density_score,29.931454255694685,0.18623742914454,1.2,0.3397586662705464,3.0821128576948995,6,135,135.jpg
Tomato___Late_blight/136.jpg,Tomato___Late_blight,Tomato_Late_blight,0.8382,Tomato_Late_blight,True,1.8243640215080144,0.1895487428016558,0.2598561667233987,0.2772081996431446,outlier_score,29.293464552252463,0.0249249908483945,0.7,0.3312665674570474,2.2467498328823603,0,136,136.jpg
Tomato___Late_blight/137.jpg,Tomato___Late_blight,Tomato_Early_blight,0.3617,Tomato_Late_blight,False,2.5221485584453047,0.7862283621097148,0.3888194356480203,0.3498354866153165,uncertainty_score,47.79286018019236,0.7473181865012031,0.5,0.5775067415771992,3.8608964853682046,12,137,137.jpg
Tomato___Late_blight/138.jpg,Tomato___Late_blight,Tomato_Late_blight,0.9511,Tomato_Late_blight,True,1.85064525184062,0.0459771847597606,0.8085566736327653,0.711459939180801,density_score,36.13941674862021,0.0521330772427835,1.2,0.4223910828063932,2.9378527786951567,6,138,138.jpg
Tomato___Late_blight/139.jpg,Tomato___Late_blight,Tomato_Late_blight,0.5387,Tomato_Late_blight,True,2.2155860411128128,0.5546005670373639,0.1965962256265568,0.0866835781347603,uncertainty_score,45.05710802209165,0.4299441765593766,0.5,0.5410919255848933,3.171526241496093,12,139,139.jpg
Tomato___Late_blight/140.jpg,Tomato___Late_blight,Tomato_Leaf_Mold,0.3105,Tomato_Late_blight,False,2.607887830655085,0.8460613780372002,0.2711315479933188,0.4119206544046364,uncertainty_score,33.4428389545523,0.8360812122862464,0.5,0.3864977055904933,3.751908982958233,12,140,140.jpg
Tomato___Late_blight/141.jpg,Tomato___Late_blight,Tomato_Late_blight,0.3868,Tomato_Late_blight,True,2.489486621823657,0.7402012998159261,0.3736892866688713,0.3812865001648912,uncertainty_score,29.9050617677496,0.7135043664416707,0.5,0.3394073633978598,3.436119777980131,12,141,141.jpg
Tomato___Late_blight/142.jpg,Tomato___Late_blight,Tomato_Late_blight,0.3379,Tomato_Late_blight,True,2.448003528756108,0.800106656640913,0.2099215495857218,0.3193370011133917,uncertainty_score,27.85398327395117,0.6705582955840952,0.5,0.3121060430950372,3.309275655810746,12,142,142.jpg
Tomato___Late_blight/143.jpg,Tomato___Late_blight,Tomato_Early_blight,0.4948,Tomato_Late_blight,False,2.251607519707286,0.6149655361018395,0.2336335330940022,0.1921581548078099,uncertainty_score,25.022333395095632,0.4672360190358735,0.5,0.2744147599180017,2.84609417794875,6,143,143.jpg
Tomato___Late_blight/144.jpg,Tomato___Late_blight,Tomato_Late_blight,0.4341,Tomato_Late_blight,True,2.244442881221417,0.6931249619914718,0.1327066215558153,0.2157526748748481,uncertainty_score,21.33194531846684,0.4598187063590677,0.5,0.2252930577372261,2.757576999323975,6,144,144.jpg
Tomato___Late_blight/145.jpg,Tomato___Late_blight,Tomato_Leaf_Mold,0.5807,Tomato_Late_blight,False,2.3717020624482155,0.5021622095732796,0.5036745922283303,0.6158844395395624,outlier_score,40.26917037488842,0.5915659173335188,0.7,0.4773610543912895,3.599173416253972,12,145,145.jpg
Tomato___Late_blight/146.jpg,Tomato___Late_blight,Tomato_Tomato_mosaic_virus,0.5613,Tomato_Late_blight,False,2.3851087187402813,0.5322958510684913,0.5212789618890152,0.8218333142413201,outlier_score,46.12107100754271,0.6054453840874727,0.7,0.5552540331512171,3.743771817901771,12,146,146.jpg
Tomato___Late_blight/147.jpg,Tomato___Late_blight,Tomato_Late_blight,0.8033,Tomato_Late_blight,True,1.84988559641852,0.226028062800175,0.4827251664287395,0.5188127705309102,outlier_score,18.049782150945862,0.0513466311710856,0.7,0.1816051207842763,2.075100943518586,0,147,147.jpg
Tomato___Late_blight/148.jpg,Tomato___Late_blight,Tomato_Late_blight,0.7807,Tomato_Late_blight,True,1.8435935806744863,0.2557000969545369,0.3004081507508727,0.3766915476628891,outlier_score,14.183970422157996,0.0448327158866047,0.7,0.1301484044483786,1.9848880384457772,0,148,148.jpg
Tomato___Late_blight/149.jpg,Tomato___Late_blight,Tomato_Late_blight,0.2705,Tomato_Late_blight,True,2.412750251177316,0.8914455004442057,0.2605937360637446,0.3399269960213739,uncertainty_score,11.568871408884004,0.6340617461489964,0.5,0.0953395680236108,2.911132844333409,6,149,149.jpg
Tomato___Late_blight/150.jpg,Tomato___Late_blight,Tomato_Late_blight,0.7918,Tomato_Late_blight,True,1.816337397519577,0.2432725366834484,0.5195643432293686,0.6094298736156429,outlier_score,21.675807893172795,0.0166152931603932,0.7,0.2298701143055561,2.0780357577791206,0,150,150.jpg
Tomato___Late_blight/151.jpg,Tomato___Late_blight,Tomato_Late_blight,0.6642,Tomato_Late_blight,True,2.192656013595024,0.3961544938512823,0.3393573451597034,0.3586937517071606,uncertainty_score,24.54285469519308,0.4062054793281555,0.5,0.2680325558219614,2.714459792389253,6,151,151.jpg
Tomato___Late_blight/152.jpg,Tomato___Late_blight,Tomato_Late_blight,0.4722,Tomato_Late_blight,True,2.345233480715041,0.6335037962714807,0.4966134863756665,0.6509208307780978,outlier_score,22.154844883536683,0.5641638722458618,0.7,0.2362464389320236,3.1826974028897594,12,152,152.jpg
Tomato___Late_blight/153.jpg,Tomato___Late_blight,Tomato_Leaf_Mold,0.298,Tomato_Late_blight,False,2.7220780675495595,0.8576344437845832,0.5123276447567103,0.6359942266637622,uncertainty_score,28.55534893466391,0.9542985785016346,0.5,0.3214417211836209,3.890759738778701,12,153,153.jpg
Tomato___Late_blight/154.jpg,Tomato___Late_blight,Tomato_Late_blight,0.4826,Tomato_Late_blight,True,2.3078441394797284,0.6142720536472411,0.4588445839690137,0.554028460901345,uncertainty_score,67.71627305376623,0.5254559269295584,0.5,0.8427016027350948,3.8149642579617593,12,154,154.jpg
Tomato___Late_blight/155.jpg,Tomato___Late_blight,Tomato_Leaf_Mold,0.8439,Tomato_Late_blight,False,1.9038745328753133,0.1784523584942955,0.4123320541673785,0.600264986676806,outlier_score,23.453559886989904,0.1072395870512822,0.7,0.253533263594543,2.294779069494379,0,155,155.jpg
Tomato___Late_blight/156.jpg,Tomato___Late_blight,Tomato_Leaf_Mold,0.4808,Tomato_Late_blight,False,2.210164087019354,0.6378194221935224,0.3336251974992171,0.3847260215531801,uncertainty_score,15.019375170857156,0.4243310072543532,0.5,0.14126823857257,2.560564372367561,3,156,156.jpg
Tomato___Late_blight/157.jpg,Tomato___Late_blight,Tomato_Late_blight,0.8904,Tomato_Late_blight,True,1.8416914737821728,0.1211382688741946,0.3563131839458994,0.454263087809356,outlier_score,27.377362214236044,0.0428635276864152,0.7,0.3057618762317518,2.244369869720458,0,157,157.jpg
Tomato___Late_blight/158.jpg,Tomato___Late_blight,Tomato_Leaf_Mold,0.2741,Tomato_Late_blight,False,2.559644871168733,0.8849559529649682,0.2994101549811425,0.2875110201254465,uncertainty_score,25.20947140431093,0.7861368758524532,0.5,0.2769057005357631,3.487632302508551,12,158,158.jpg
Tomato___Late_blight/159.jpg,Tomato___Late_blight,Tomato_Late_blight,0.5574,Tomato_Late_blight,True,2.2091599123491985,0.5255541079986792,0.2212191099806643,0.4130674103480774,uncertainty_score,16.386590414306685,0.4232914185123164,0.5,0.1594668503746913,2.58578311258667,3,159,159.jpg
Tomato___Late_blight/160.jpg,Tomato___Late_blight,Tomato_Late_blight,0.811,Tomato_Late_blight,True,1.8841104674535,0.2224779646596612,0.4729255027965405,0.6002497944267928,outlier_score,36.35433687381131,0.0867785054087724,0.7,0.4252518232388565,2.511434745675829,3,160,160.jpg
Tomato___Late_blight/161.jpg,Tomato___Late_blight,Tomato_Early_blight,0.4857,Tomato_Late_blight,False,2.02912420661024,0.6248552535489343,0.2468561154654414,0.5515373472027849,uncertainty_score,13.39287761246415,0.2369064215457483,0.5,0.1196183938944119,2.1532404339331146,0,161,161.jpg
Tomato___Late_blight/162.jpg,Tomato___Late_blight,Tomato_Late_blight,0.8647,Tomato_Late_blight,True,1.8173523985089832,0.1516533441925961,0.4705684393791722,0.3898047978714975,density_score,45.83253704855944,0.0176660900317975,1.2,0.5514134399919297,3.0624523400514896,6,162,162.jpg
Tomato___Late_blight/163.jpg,Tomato___Late_blight,Tomato_Leaf_Mold,0.2466,Tomato_Late_blight,False,2.5329749002451054,0.920198901260734,0.347625181250064,0.4720569183213713,uncertainty_score,17.938133295599535,0.7585263392130916,0.5,0.1801189947435275,3.2872311705414745,12,163,163.jpg
Tomato___Late_blight/164.jpg,Tomato___Late_blight,Tomato_Late_blight,0.7144,Tomato_Late_blight,True,2.087598332153992,0.3396472380001488,0.3731689635211287,0.4943308084437131,outlier_score,13.841074909025275,0.2974427449787092,0.7,0.1255842201605797,2.483261820198288,3,164,164.jpg
Tomato___Late_blight/165.jpg,Tomato___Late_blight,Tomato_Late_blight,0.6022,Tomato_Late_blight,True,2.2199260349587533,0.4825361758059674,0.3942916587718432,0.5092032902431682,outlier_score,13.828502909742664,0.4344372282931444,0.7,0.1254168778670988,2.756999773386937,6,165,165.jpg
Tomato___Late_blight/166.jpg,Tomato___Late_blight,Tomato_Late_blight,0.8978,Tomato_Late_blight,True,1.8114493798440257,0.1122570382188267,0.5150939210725146,0.5698579825848893,outlier_score,44.37997220153865,0.0115548905258674,0.7,0.5320787639817036,2.5212279270242903,3,166,166.jpg
Tomato___Late_blight/167.jpg,Tomato___Late_blight,Tomato_Late_blight,0.7281,Tomato_Late_blight,True,2.072512857575739,0.3278589229836933,0.3105899199274763,0.3381627098625556,outlier_score,17.594212819369,0.2818252533152291,0.7,0.1755411674645332,2.526962257827258,3,167,167.jpg
Tomato___Late_blight/168.jpg,Tomato___Late_blight,Tomato_Leaf_Mold,0.3779,Tomato_Late_blight,False,2.5025690096917925,0.7509121123120883,0.2512863329809994,0.2364444135483889,uncertainty_score,27.4314664441126,0.7270481288476315,0.5,0.306482042190326,3.4138193209807524,12,168,168.jpg
Tomato___Late_blight/169.jpg,Tomato___Late_blight,Tomato_Late_blight,0.8992,Tomato_Late_blight,True,2.0543573622938283,0.1062961926002872,0.4963574663459156,0.4992654543360013,outlier_score,51.11651313463096,0.2630294710055135,0.7,0.6217469372395834,3.158679347870402,12,169,169.jpg
Tomato___Late_blight/170.jpg,Tomato___Late_blight,Tomato_Late_blight,0.6381,Tomato_Late_blight,True,2.191526981099188,0.4222324637425426,0.39904739514536,0.4866031301187435,outlier_score,28.967642587158625,0.4050366294189232,0.7,0.3269296442931521,3.0004677252775744,6,170,170.jpg
Tomato___Late_blight/171.jpg,Tomato___Late_blight,Tomato_Late_blight,0.5108,Tomato_Late_blight,True,1.962834146092112,0.5943768289814632,0.1790689832420723,0.4368887017738111,uncertainty_score,13.376577829857798,0.1682785197755315,0.5,0.1194014321412913,2.015659187763,0,171,171.jpg
Tomato___Late_blight/172.jpg,Tomato___Late_blight,Tomato_Late_blight,0.3979,Tomato_Late_blight,True,2.2587712095978327,0.7352231524567051,0.2364774314121873,0.3778772479981502,uncertainty_score,19.05479672488413,0.4746523496633933,0.5,0.1949825828731504,2.741778573636512,6,172,172.jpg
Tomato___Late_blight/173.jpg,Tomato___Late_blight,Tomato_Late_blight,0.603,Tomato_Late_blight,True,2.037295564566155,0.4770676768677677,0.2051501290382189,0.3448851787073344,uncertainty_score,19.67117563051425,0.2453659575115431,0.5,0.203187026526278,2.295512454812504,0,173,173.jpg
Tomato___Late_blight/174.jpg,Tomato___Late_blight,Tomato_healthy,0.4604,Tomato_Late_blight,False,2.349242526624594,0.6623699572612343,0.4203205943574017,0.5770689650243206,uncertainty_score,19.813416501328348,0.5683143045538525,0.5,0.205080354151715,2.9442491403352773,6,174,174.jpg
Tomato___Late_blight/175.jpg,Tomato___Late_blight,Tomato_Late_blight,0.4453,Tomato_Late_blight,True,2.358908894652098,0.6635204657128161,0.2045461435838043,0.3518339364665796,uncertainty_score,19.56200319457569,0.5783215748788646,0.5,0.2017338633973145,2.959243944853701,6,175,175.jpg
Tomato___Late_blight/176.jpg,Tomato___Late_blight,Tomato_Late_blight,0.9007,Tomato_Late_blight,True,1.9621999613372128,0.1068853386429631,0.3835370248762705,0.4351015219495577,outlier_score,63.31062520976323,0.1676219693255363,0.7,0.7840592819783611,3.2113328616186143,12,176,176.jpg
Tomato___Late_blight/177.jpg,Tomato___Late_blight,Tomato_Late_blight,0.7992,Tomato_Late_blight,True,1.819159831654332,0.2359436426723215,0.315183488815243,0.2717162806881423,density_score,25.858232878930597,0.0195372656407157,1.2,0.2855411793203521,2.66738630026196,3,177,177.jpg
Tomato___Late_blight/178.jpg,Tomato___Late_blight,Tomato_Late_blight,0.3546,Tomato_Late_blight,True,2.246449597127209,0.7836047299271929,0.1147081605001503,0.2944110974926742,uncertainty_score,15.350298534329132,0.461896192802541,0.5,0.1456730649939637,2.6423019830960275,3,178,178.jpg
Tomato___Late_blight/179.jpg,Tomato___Late_blight,Tomato_Late_blight,0.6205,Tomato_Late_blight,True,1.9448379087572287,0.4516024247723017,0.1508928278096573,0.228664023339426,uncertainty_score,14.008126303510386,0.1496476119380869,0.5,0.1278077935838595,1.9910069142519635,0,179,179.jpg
Tomato___Late_blight/180.jpg,Tomato___Late_blight,Tomato_Late_blight,0.5566,Tomato_Late_blight,True,2.113392132204401,0.5276901965226566,0.2258341336386337,0.2173546891474837,uncertainty_score,19.108641951244923,0.3241462109629647,0.5,0.1956993013098649,2.441841373890727,3,180,180.jpg
Tomato___Late_blight/181.jpg,Tomato___Late_blight,Tomato_Late_blight,0.4573,Tomato_Late_blight,True,2.331624694729874,0.659934086284587,0.2371278825372589,0.3060565176763121,uncertainty_score,18.013099079429693,0.5500751473223641,0.5,0.1811168428913617,2.871825558981771,6,181,181.jpg
Tomato___Late_blight/182.jpg,Tomato___Late_blight,Tomato_Late_blight,0.7885,Tomato_Late_blight,True,1.8163043563245835,0.2495499383846196,0.2538257001645582,0.2288468019236136,density_score,46.83598019039072,0.016581086706716,1.2,0.5647699851966295,3.0803171512083765,6,182,182.jpg
Tomato___Late_blight/183.jpg,Tomato___Late_blight,Tomato_Leaf_Mold,0.5363,Tomato_Late_blight,False,2.2376174722229525,0.5631728525523295,0.4037163242984973,0.3609888699177906,uncertainty_score,25.349525226292545,0.4527525867232276,0.5,0.2787699169785348,2.8236600489142574,6,183,183.jpg
Tomato___Late_blight/184.jpg,Tomato___Late_blight,Tomato_Late_blight,0.4588,Tomato_Late_blight,True,1.9774012908412963,0.6551457691252449,0.2254202944133253,0.4045672166740988,uncertainty_score,12.609643124487224,0.1833594017524935,0.5,0.1091929832174782,2.0305082783312045,0,184,184.jpg
Tomato___Late_blight/185.jpg,Tomato___Late_blight,Tomato_Late_blight,0.3949,Tomato_Late_blight,True,2.614413478526369,0.7297693581544633,0.3176355542214863,0.3830368740226915,uncertainty_score,36.79744053811559,0.8428369991658653,0.5,0.4311498496201493,3.8323987727619535,12,185,185.jpg
Tomato___Late_blight/186.jpg,Tomato___Late_blight,Tomato_Early_blight,0.2796,Tomato_Late_blight,False,2.678700371889857,0.8838749774904536,0.424055601224911,0.706665480098581,uncertainty_score,38.42447509633685,0.909391088397016,0.5,0.4528068421497221,3.997992440018615,12,186,186.jpg
Tomato___Late_blight/187.jpg,Tomato___Late_blight,Tomato_Late_blight,0.8333,Tomato_Late_blight,True,1.9221411340204464,0.1870578218059702,0.3378621079171365,0.1580548331292393,density_score,21.135314531505124,0.1261503935774146,1.2,0.2226757614648166,2.7863144293520543,6,187,187.jpg
Tomato___Late_blight/188.jpg,Tomato___Late_blight,Tomato_Early_blight,0.4786,Tomato_Late_blight,False,2.391860750429923,0.6248345636088931,0.3122743497606742,0.4021437181567106,uncertainty_score,41.404105553752416,0.6124355386283545,0.5,0.4924678525634673,3.46357285610191,12,188,188.jpg
Tomato___Late_blight/189.jpg,Tomato___Late_blight,Tomato_Late_blight,0.7426,Tomato_Late_blight,True,2.089300254222424,0.2990029591786743,0.3742432445337176,0.4681351940305492,outlier_score,19.579944893377306,0.2992046884679745,0.7,0.2019726802281869,2.6013683972782293,3,189,189.jpg
Tomato___Late_blight/190.jpg,Tomato___Late_blight,Tomato_Late_blight,0.7924,Tomato_Late_blight,True,2.108738002821082,0.2401323210336812,0.2721406143398788,0.4040319513816769,outlier_score,36.80476112741654,0.319327945122689,0.7,0.4312472918945015,2.9855268280871305,6,190,190.jpg
Tomato___Late_blight/191.jpg,Tomato___Late_blight,Tomato_Late_blight,0.889,Tomato_Late_blight,True,1.8805367116146177,0.1249470651578675,0.423236798343545,0.4613788065678455,outlier_score,28.203530721560806,0.0830787144786601,0.7,0.3167587693837087,2.3412955830328834,3,191,191.jpg
Tomato___Late_blight/192.jpg,Tomato___Late_blight,Tomato_Late_blight,0.5746,Tomato_Late_blight,True,2.2509951918511035,0.5015083335753318,0.3373317202502446,0.2490915894621897,uncertainty_score,22.76591721938647,0.4666020963084419,0.5,0.2443802483496892,2.799774565141417,6,192,192.jpg
Tomato___Late_blight/193.jpg,Tomato___Late_blight,Tomato_Early_blight,0.2912,Tomato_Late_blight,False,2.620024943210244,0.8635573824772612,0.3178134714102794,0.3881323766605998,uncertainty_score,43.66025308694071,0.8486463625018167,0.5,0.5224987883078748,3.981040907465445,12,193,193.jpg
Tomato___Late_blight/194.jpg,Tomato___Late_blight,Tomato_Late_blight,0.8473,Tomato_Late_blight,True,1.8631579773483868,0.1722079868045473,0.468184462748956,0.4831973770940178,outlier_score,22.18557910780025,0.0650870870945301,0.7,0.2366555334173958,2.185157474315154,0,194,194.jpg
Tomato___Late_blight/195.jpg,Tomato___Late_blight,Tomato_Early_blight,0.657,Tomato_Late_blight,False,2.14844787650116,0.406055369087471,0.5267615003214046,0.6069660253982041,outlier_score,29.6513464847554,0.3604382607405014,0.7,0.3360302316948609,2.9249218690232945,6,195,195.jpg
Tomato___Late_blight/196.jpg,Tomato___Late_blight,Tomato_Late_blight,0.4216,Tomato_Late_blight,True,2.3579933923236243,0.699547562736147,0.3034528594260059,0.4033017617992638,uncertainty_score,17.29835468240748,0.5773737856721897,0.5,0.1716030842630345,2.9121521977389317,6,196,196.jpg
Tomato___Late_blight/197.jpg,Tomato___Late_blight,Tomato_Late_blight,0.4012,Tomato_Late_blight,True,2.2581764333169616,0.7189666971030464,0.119973615098852,0.3280197043513662,uncertainty_score,13.287485578201368,0.4740365974999492,0.5,0.1182155506129509,2.625396520919325,3,197,197.jpg
Tomato___Late_blight/198.jpg,Tomato___Late_blight,Tomato_Late_blight,0.2489,Tomato_Late_blight,True,2.4517038774593782,0.9083588613941754,0.1791122405803737,0.1566945379952645,uncertainty_score,12.23073700036308,0.6743891439094504,0.5,0.10414947196684,3.005002495769161,6,198,198.jpg
Tomato___Late_blight/199.jpg,Tomato___Late_blight,Tomato_Leaf_Mold,0.314,Tomato_Late_blight,False,2.424662815159963,0.8333139365145447,0.1131138919211395,0.210408237632119,uncertainty_score,17.87700185528422,0.6463944286724794,0.5,0.1793052915928838,3.0617467947342845,6,199,199.jpg
Tomato___Late_blight/200.jpg,Tomato___Late_blight,Tomato_Tomato_yellow_Leaf_Curl_Virus,0.5076,Tomato_Late_blight,False,2.1234159172287894,0.5919171645737684,0.2493313769206561,0.4044624128521207,uncertainty_score,12.934886588476193,0.3345235032544898,0.5,0.1135222061183131,2.3393303156864493,3,200,200.jpg
Tomato___Late_blight/201.jpg,Tomato___Late_blight,Tomato_Late_blight,0.2714,Tomato_Late_blight,True,2.652756852168223,0.893595924140926,0.3826024104347365,0.3735836517173014,uncertainty_score,21.38748617835057,0.8825326226011807,0.5,0.2260323462677065,3.604113764603921,12,201,201.jpg
Tomato___Late_blight/202.jpg,Tomato___Late_blight,Tomato_Late_blight,0.4731,Tomato_Late_blight,True,2.311193572223201,0.6399849938820587,0.3723258496574997,0.3970695325844811,uncertainty_score,35.29666201917162,0.5289234835965512,0.5,0.4111734151866694,3.1746070899731063,12,202,202.jpg
Tomato___Late_blight/203.jpg,Tomato___Late_blight,Tomato_Early_blight,0.6942,Tomato_Late_blight,False,2.1087215653382403,0.3684542109828557,0.3603782814701778,0.4251253769960323,outlier_score,29.96017634495303,0.3193109279416972,0.7,0.3401409778012749,2.848833322585307,6,203,203.jpg
Tomato___Late_blight/204.jpg,Tomato___Late_blight,Tomato_Late_blight,0.565,Tomato_Late_blight,True,2.303680604350584,0.5213774002454862,0.3486712656692103,0.3259782771291211,uncertainty_score,24.005084795847875,0.5211455570547018,0.5,0.2608744542107205,2.933602795425484,6,204,204.jpg
Tomato___Late_blight/205.jpg,Tomato___Late_blight,Tomato_Septoria_leaf_spot,0.2428,Tomato_Late_blight,False,2.592783907733004,0.9242881940172528,0.2835967199390812,0.3057611811734697,uncertainty_score,16.244909697238317,0.8204446216640666,0.5,0.1575809787958548,3.3772607115219158,12,205,205.jpg
Tomato___Late_blight/206.jpg,Tomato___Late_blight,Tomato_Late_blight,0.721,Tomato_Late_blight,True,1.9122528851899987,0.330719824442903,0.2719606378802479,0.3810426658916416,outlier_score,9.513109800750922,0.1159134174136977,0.7,0.0679759121227836,2.033790703011571,0,206,206.jpg
Tomato___Late_blight/207.jpg,Tomato___Late_blight,Tomato_Late_blight,0.6901,Tomato_Late_blight,True,1.9525619041370224,0.3645844532687039,0.2573441716340625,0.4274513032865617,outlier_score,8.06155381725701,0.1576440082613807,0.7,0.0486546648069603,2.088270013733202,0,207,207.jpg
Tomato___Late_blight/208.jpg,Tomato___Late_blight,Tomato_Late_blight,0.8094,Tomato_Late_blight,True,1.826859288467535,0.2204969029007074,0.3277467091300157,0.372860159205324,outlier_score,8.752221209958295,0.0275082579996082,0.7,0.0578479413041133,1.8417884279553864,0,208,208.jpg
Tomato___Late_blight/209.jpg,Tomato___Late_blight,Tomato_Late_blight,0.8042,Tomato_Late_blight,True,1.8726508349750235,0.2274604716848195,0.34158181632729,0.5675407179733651,outlier_score,9.925615039488102,0.0749147278543589,0.7,0.0734666515963861,1.960029433103297,0,209,209.jpg
Tomato___Late_blight/210.jpg,Tomato___Late_blight,Tomato_Late_blight,0.6571,Tomato_Late_blight,True,1.927337466505795,0.4113416487680212,0.3358274154838272,0.3834660003040588,uncertainty_score,18.45277840981449,0.1315299843121729,0.5,0.1869692889414082,2.043513902036458,0,210,210.jpg
Tomato___Late_blight/211.jpg,Tomato___Late_blight,Tomato_Leaf_Mold,0.4033,Tomato_Late_blight,False,2.40372895180311,0.7258631713673103,0.3653243846616051,0.5893683688603337,uncertainty_score,27.60878831120889,0.6247222940131306,0.5,0.3088423229425878,3.212708072440143,12,211,211.jpg
Tomato___Late_blight/212.jpg,Tomato___Late_blight,Tomato_Late_blight,0.6247,Tomato_Late_blight,True,2.236908820247688,0.4560461805373133,0.5422537870364487,0.4743983123958321,density_score,34.12981730354397,0.4520189428289907,1.2,0.3956418782799512,3.697500703077909,12,212,212.jpg
Tomato___Late_blight/213.jpg,Tomato___Late_blight,Tomato_Late_blight,0.5283,Tomato_Late_blight,True,2.2918566074902973,0.5721368429678626,0.2458449958727214,0.2504252127543098,uncertainty_score,33.7671870553571,0.508904565136506,0.5,0.3908150105675861,3.104031646124391,12,213,213.jpg
Tomato___Late_blight/214.jpg,Tomato___Late_blight,Tomato_Late_blight,0.3904,Tomato_Late_blight,True,2.345792627601261,0.7412364618517777,0.3633981889259706,0.3902248842468143,uncertainty_score,16.693758345172988,0.5647427384783363,0.5,0.1635554750142124,2.8748186894779915,6,214,214.jpg
Tomato___Late_blight/215.jpg,Tomato___Late_blight,Tomato_Late_blight,0.8129,Tomato_Late_blight,True,1.9077184361833028,0.2235446049614328,0.3519879454547321,0.3442801754190508,density_score,23.89982536965424,0.1112190526992699,1.2,0.2594733760374118,2.811648169454658,6,215,215.jpg
Tomato___Late_blight/216.jpg,Tomato___Late_blight,Tomato_Early_blight,0.3959,Tomato_Late_blight,False,2.546955002993699,0.735462638512683,0.2227391787695891,0.2208800249290462,uncertainty_score,40.846809268268,0.7729994760705495,0.5,0.4850498408005891,3.773573713341983,12,216,216.jpg
Tomato___Late_blight/217.jpg,Tomato___Late_blight,Tomato_Late_blight,0.4933,Tomato_Late_blight,True,2.2853781860293734,0.6181249638387879,0.4242653322671783,0.4492668055447723,uncertainty_score,21.709513034224997,0.5021976701937149,0.5,0.2303187538161844,2.849873471111706,6,217,217.jpg
Tomato___Late_blight/218.jpg,Tomato___Late_blight,Tomato_Late_blight,0.3146,Tomato_Late_blight,True,2.5448432582157507,0.831622386130883,0.3824784507800439,0.6506282688551124,uncertainty_score,24.380926380365946,0.7708132567180241,0.5,0.2658771742495063,3.440442274810308,12,218,218.jpg
Tomato___Late_blight/219.jpg,Tomato___Late_blight,Tomato_Bacterial_spot,0.2233,Tomato_Late_blight,False,2.56338540642592,0.9446703712004312,0.2668808706085257,0.3956725586956613,uncertainty_score,22.21213720201804,0.7900093279846705,0.5,0.2370090406279022,3.435532216911194,12,219,219.jpg
Tomato___Late_blight/220.jpg,Tomato___Late_blight,Tomato_Late_blight,0.884,Tomato_Late_blight,True,1.924347791604855,0.1288969224970363,0.3149761475034014,0.343952955306365,outlier_score,49.042838845175055,0.1284348730115808,0.7,0.5941448507512603,2.848087022150052,6,220,220.jpg
Tomato___Late_blight/221.jpg,Tomato___Late_blight,Tomato_Tomato_mosaic_virus,0.5036,Tomato_Late_blight,False,2.3404890874735047,0.6001310707701616,0.2629743002763817,0.4890320607987354,uncertainty_score,25.39968131352168,0.5592521592259229,0.5,0.2794375303374186,3.037660613957974,6,221,221.jpg
Tomato___Late_blight/222.jpg,Tomato___Late_blight,Tomato_Late_blight,0.4533,Tomato_Late_blight,True,2.2821926021373136,0.6602934262075185,0.2467152386975601,0.227623218297466,uncertainty_score,19.271425939851312,0.498899740810089,0.5,0.1978660725117235,2.7945985903877637,6,222,222.jpg
Tomato___Late_blight/223.jpg,Tomato___Late_blight,Tomato_Late_blight,0.7287,Tomato_Late_blight,True,1.9200712652000296,0.3259881090481024,0.2433732440921471,0.2366068345842614,uncertainty_score,19.011285616129,0.1240075270153007,0.5,0.1944034189257702,2.039620182419257,0,223,223.jpg
Tomato___Late_blight/224.jpg,Tomato___Late_blight,Tomato_Late_blight,0.7803,Tomato_Late_blight,True,2.088489146403367,0.2609119667435815,0.2746043594626806,0.4053032614119677,outlier_score,26.045501120094062,0.2983649754356399,0.7,0.2880338534183979,2.728780730998876,6,224,224.jpg
Tomato___Late_blight/225.jpg,Tomato___Late_blight,Tomato_Late_blight,0.7286,Tomato_Late_blight,True,2.094658134700925,0.3215837380618123,0.3764786758936925,0.3751150909793644,density_score,28.712003809224424,0.3047515244838289,1.2,0.3235269094981133,3.294793413214828,12,225,225.jpg
Tomato___Late_blight/226.jpg,Tomato___Late_blight,Tomato_Late_blight,0.3868,Tomato_Late_blight,True,2.405568492942629,0.7419504125684884,0.1994709804791571,0.2154955822317747,uncertainty_score,25.670930320061743,0.6266267099638545,0.5,0.2830480484291268,3.177825492571399,12,226,226.jpg
Tomato___Late_blight/227.jpg,Tomato___Late_blight,Tomato_Late_blight,0.7337,Tomato_Late_blight,True,1.9567871737482585,0.314282110435954,0.5514742240337392,0.6603895696044035,outlier_score,13.270904319641312,0.1620182897987056,0.7,0.1179948422137644,2.201028842918058,0,227,227.jpg
Tomato___Late_blight/228.jpg,Tomato___Late_blight,Tomato_Late_blight,0.6892,Tomato_Late_blight,True,1.8915092070034447,0.3703400251249764,0.2118932604481495,0.2610668817443352,uncertainty_score,15.399370206178403,0.0944381751554633,0.5,0.1463262440092977,1.9083657163248733,0,228,228.jpg
Tomato___Late_blight/229.jpg,Tomato___Late_blight,Tomato_Late_blight,0.7169,Tomato_Late_blight,True,1.822657705698288,0.3409016395077952,0.3052809491740825,0.3074546814571255,uncertainty_score,10.27655172833097,0.0231584986644441,0.5,0.0781378696785219,1.6635238018466714,0,229,229.jpg
Tomato___Late_blight/230.jpg,Tomato___Late_blight,Tomato_Late_blight,0.8173,Tomato_Late_blight,True,1.8235462971668148,0.2102554564729105,0.3718147811213306,0.3342808360931399,density_score,12.80965736842461,0.0240784279500606,1.2,0.1118553157198042,2.415939829479828,3,230,230.jpg
Tomato___Late_blight/231.jpg,Tomato___Late_blight,Tomato_Late_blight,0.496,Tomato_Late_blight,True,2.219563377263988,0.6072816618337183,0.3723540320449457,0.4255287655459718,uncertainty_score,13.17076033779242,0.4340617808058736,0.5,0.1166618542598059,2.543116343001456,3,231,231.jpg
Tomato___Late_blight/232.jpg,Tomato___Late_blight,Tomato_Late_blight,0.578,Tomato_Late_blight,True,2.1676581948278164,0.5072245206528829,0.2044608811281186,0.1416686479022871,uncertainty_score,22.206890739411342,0.3803260663751914,0.5,0.2369392064618695,2.616060942443187,3,232,232.jpg
Tomato___Late_blight/233.jpg,Tomato___Late_blight,Tomato_Late_blight,0.3604,Tomato_Late_blight,True,2.37158109203658,0.7781204179633903,0.2481336583925522,0.3487153706701766,uncertainty_score,24.125962270337865,0.5914406806771947,0.5,0.2624834197663662,3.0766064910039383,6,233,233.jpg
Tomato___Late_blight/234.jpg,Tomato___Late_blight,Tomato_Late_blight,0.8309,Tomato_Late_blight,True,1.8426870736525007,0.1915835984047169,0.4754833530400432,0.4541489947857697,density_score,24.44270320242321,0.0438942392224927,1.2,0.2666994678922779,2.687837680283402,3,234,234.jpg
Tomato___Late_blight/235.jpg,Tomato___Late_blight,Tomato_Early_blight,0.3702,Tomato_Late_blight,False,2.3808012114207413,0.7649381182366526,0.2557731557595701,0.3074984957077865,uncertainty_score,20.3066910292083,0.6009859645773783,0.5,0.211646190575622,3.019441215018189,6,235,235.jpg
Tomato___Late_blight/236.jpg,Tomato___Late_blight,Tomato_Early_blight,0.308,Tomato_Late_blight,False,2.533398016533999,0.8428041164409136,0.3096925477690935,0.4404302578154509,uncertainty_score,35.68915472978225,0.758964377478325,0.5,0.4163977736114216,3.6425254153737834,12,236,236.jpg
Tomato___Late_blight/237.jpg,Tomato___Late_blight,Tomato_Late_blight,0.8908,Tomato_Late_blight,True,1.816514442731416,0.1202212611745073,0.4793493652391563,0.586232461277485,outlier_score,29.443996662929727,0.0167985821981767,0.7,0.3332702574093755,2.2335025505104165,0,237,237.jpg
Tomato___Late_blight/238.jpg,Tomato___Late_blight,Tomato_Leaf_Mold,0.3702,Tomato_Late_blight,False,2.500468774250089,0.7728166996190908,0.3724158952008867,0.6575831940731791,uncertainty_score,33.72829845243673,0.7248738247293219,0.5,0.3902973754757706,3.5351937126722994,12,238,238.jpg
Tomato___Late_blight/239.jpg,Tomato___Late_blight,Tomato_Late_blight,0.7437,Tomato_Late_blight,True,2.172215989312852,0.303461936828145,0.7064574323600471,0.8100737888526448,outlier_score,26.36783461198059,0.3850445998893119,0.7,0.2923243425112966,2.9085757135455683,6,239,239.jpg
Tomato___Late_blight/240.jpg,Tomato___Late_blight,Tomato_Late_blight,0.6804,Tomato_Late_blight,True,2.001030043854062,0.3732448188141309,0.3385313126458051,0.5392103675391096,outlier_score,11.482602778573002,0.2078214663220278,0.7,0.0941912709129309,2.256929839013452,0,240,240.jpg
Tomato___Late_blight/241.jpg,Tomato___Late_blight,Tomato_Late_blight,0.4939,Tomato_Late_blight,True,2.1313410847499963,0.600041438994197,0.3073894646917323,0.4184358110179028,uncertainty_score,10.799272992841509,0.3427281664258134,0.5,0.0850956632074619,2.31309982766282,0,241,241.jpg
Tomato___Late_blight/242.jpg,Tomato___Late_blight,Tomato_Late_blight,0.7181,Tomato_Late_blight,True,1.9162721473240936,0.3376439345556506,0.2133766362253005,0.3883703775702273,outlier_score,9.723664280094567,0.1200744262402318,0.7,0.0707785426896467,2.046316666514934,0,242,242.jpg
Tomato___Late_blight/243.jpg,Tomato___Late_blight,Tomato_Late_blight,0.7543,Tomato_Late_blight,True,1.897657818264692,0.2961071064993235,0.3224313986575824,0.3498327738950126,outlier_score,15.269944354508915,0.1008036285335716,0.7,0.144603493445349,2.1185124972351668,0,243,243.jpg
Tomato___Late_blight/244.jpg,Tomato___Late_blight,Tomato_Late_blight,0.6821,Tomato_Late_blight,True,2.1723361631966114,0.3809521170500844,0.4043028298784094,0.4376723521012111,outlier_score,42.10925002793213,0.3851690119267353,0.7,0.5018538293593597,3.22311876789251,12,244,244.jpg
Tomato___Late_blight/245.jpg,Tomato___Late_blight,Tomato_Tomato_yellow_Leaf_Curl_Virus,0.6932,Tomato_Late_blight,False,1.8995344837713248,0.3657788539502304,0.2118406519561452,0.549693390352407,outlier_score,15.58536069695062,0.1027464781106894,0.7,0.1488019103366491,2.1286958217263527,0,245,245.jpg
Tomato___Late_blight/246.jpg,Tomato___Late_blight,Tomato_Leaf_Mold,0.341,Tomato_Late_blight,False,2.4929957301985635,0.8082191082384608,0.2720564357432684,0.2160619767210184,uncertainty_score,28.255196053185195,0.7171372299957517,0.5,0.3174464718638887,3.4104441677873365,12,246,246.jpg
Tomato___Late_blight/247.jpg,Tomato___Late_blight,Tomato_Late_blight,0.8178,Tomato_Late_blight,True,1.8694615483272048,0.2201678589614078,0.3026552162930509,0.4296886326726969,outlier_score,19.13081585885989,0.0716129651304629,0.7,0.1959944518640693,2.1372176080570298,0,247,247.jpg
Tomato___Late_blight/248.jpg,Tomato___Late_blight,Tomato_Early_blight,0.2855,Tomato_Late_blight,False,2.4850937617610898,0.862241576183278,0.3976095884667897,0.7382126803054496,uncertainty_score,25.89624165328649,0.7089565840666384,0.5,0.2860471032653136,3.346983823031247,12,248,248.jpg
Tomato___Late_blight/249.jpg,Tomato___Late_blight,Tomato_Late_blight,0.7352,Tomato_Late_blight,True,1.8554302106186804,0.3073815720763249,0.2091440783497431,0.3005047104526158,uncertainty_score,45.35742336403797,0.0570867864177127,0.5,0.5450893373695317,2.431807578889723,3,249,249.jpg
Tomato___Late_blight/250.jpg,Tomato___Late_blight,Tomato_Leaf_Mold,0.3777,Tomato_Late_blight,False,2.383678887831388,0.7608534807166434,0.4546880176358813,0.671570904991293,uncertainty_score,32.24646086326588,0.6039651275543428,0.5,0.3705730583513711,3.263789842635742,12,250,250.jpg
Tomato___Late_blight/251.jpg,Tomato___Late_blight,Tomato_Late_blight,0.7031,Tomato_Late_blight,True,1.9972139727135927,0.354215394246438,0.2391636358469743,0.337749320248122,uncertainty_score,14.24403404573816,0.2038708143942828,0.5,0.1309478941952938,2.104163470081507,0,251,251.jpg
Tomato___Late_blight/252.jpg,Tomato___Late_blight,Tomato_Late_blight,0.562,Tomato_Late_blight,True,1.991162635372333,0.5279058891475871,0.1319360612757358,0.3184403508618325,uncertainty_score,9.279094765300576,0.1976060654803662,0.5,0.0648610047909465,1.992503638147152,0,252,252.jpg
Tomato___Late_blight/253.jpg,Tomato___Late_blight,Tomato_Late_blight,0.5957,Tomato_Late_blight,True,2.180065859803716,0.4871028889289387,0.2870389369578163,0.3647914249816621,uncertainty_score,24.985695339632517,0.393171310541637,0.5,0.2739270812209184,2.697233242914652,3,253,253.jpg
Tomato___Late_blight/254.jpg,Tomato___Late_blight,Tomato_Late_blight,0.3448,Tomato_Late_blight,True,2.249250847851687,0.7965814603210917,0.1799299610237897,0.2619511616237795,uncertainty_score,10.975982226717433,0.4647962348005514,0.5,0.0874477893738177,2.5607641536618297,3,254,254.jpg
Tomato___Late_blight/255.jpg,Tomato___Late_blight,Tomato_Late_blight,0.4862,Tomato_Late_blight,True,2.079812614436096,0.6233892235117228,0.2101830699061644,0.3232762083989564,uncertainty_score,13.071187506013494,0.2893824495652169,0.5,0.1153364687213807,2.2517696022125047,0,255,255.jpg
Tomato___Late_blight/256.jpg,Tomato___Late_blight,Tomato_Late_blight,0.5122,Tomato_Late_blight,True,2.1898411332859915,0.5953613006642137,0.2255097432955487,0.3057300999478533,uncertainty_score,22.711797949208997,0.4032913270731522,0.5,0.243659882193963,2.672072477437249,3,256,256.jpg
Tomato___Late_blight/257.jpg,Tomato___Late_blight,Tomato_Late_blight,0.756,Tomato_Late_blight,True,1.8189369936629745,0.2882954718514474,0.3123100881760022,0.4771636554002733,outlier_score,21.074446898664917,0.019306568856582,0.7,0.2218655697801641,2.0714114923834104,0,257,257.jpg
Tomato___Late_blight/258.jpg,Tomato___Late_blight,Tomato_Late_blight,0.3891,Tomato_Late_blight,True,2.362692013016117,0.7397615646974056,0.3135914999200313,0.4242535099222527,uncertainty_score,26.075002331395957,0.5822381118897185,0.5,0.2884265356202294,3.0971160272097813,12,258,258.jpg
Tomato___Late_blight/259.jpg,Tomato___Late_blight,Tomato_Late_blight,0.5968,Tomato_Late_blight,True,2.2791604334918256,0.4904938962090636,0.2617221630387805,0.4280894836460819,uncertainty_score,20.089102801922152,0.4957606371446704,0.5,0.2087499357978435,2.804646177986106,6,259,259.jpg
Tomato___Late_blight/260.jpg,Tomato___Late_blight,Tomato_Late_blight,0.9601,Tomato_Late_blight,True,1.8197685094862832,0.0348964656927172,0.603301531618668,0.6132602101209024,outlier_score,49.319934094362495,0.0201674096190793,0.7,0.5978331865099016,2.637084599003011,3,260,260.jpg
Tomato___Late_blight/261.jpg,Tomato___Late_blight,Tomato_Bacterial_spot,0.2726,Tomato_Late_blight,False,2.6246487697260514,0.8884390304782769,0.2427621628730699,0.447361511465366,uncertainty_score,49.399922179611686,0.853433256788066,0.5,0.5988978850781915,4.105213341193419,12,261,261.jpg
Tomato___Late_blight/262.jpg,Tomato___Late_blight,Tomato_Late_blight,0.7705,Tomato_Late_blight,True,1.9540570204701908,0.2703754714258257,0.2385965747043094,0.2515102785170436,uncertainty_score,21.30109686768511,0.159191852629688,0.5,0.2248824428152793,2.155707369482295,0,262,262.jpg
Tomato___Late_blight/263.jpg,Tomato___Late_blight,Tomato_Late_blight,0.6885,Tomato_Late_blight,True,1.975957569910857,0.3741177864985875,0.3488763014660058,0.6098341914318002,outlier_score,15.981768139300886,0.1818647653405882,0.7,0.1540783766380363,2.2948470956382314,0,263,263.jpg
Tomato___Leaf_Mold/1.jpg,Tomato___Leaf_Mold,Tomato_Leaf_Mold,0.6898,Tomato_Leaf_Mold,True,1.9185347476963777,0.3717311280221814,0.1868675125975925,0.1650115369182263,uncertainty_score,27.06926532497609,0.122416821387871,0.5,0.3016608864922455,2.19732497251411,0,1,1.jpg
Tomato___Leaf_Mold/2.jpg,Tomato___Leaf_Mold,Tomato_Leaf_Mold,0.799,Tomato_Leaf_Mold,True,1.829673020797036,0.2341014251895734,0.2782157346933906,0.290652350704563,outlier_score,36.96288392520479,0.0304212217894643,0.7,0.4333520193160254,2.410870472552967,3,2,2.jpg
Tomato___Leaf_Mold/3.jpg,Tomato___Leaf_Mold,Tomato_Leaf_Mold,0.8567,Tomato_Leaf_Mold,True,1.9629749235309828,0.1615123223002011,0.5294368800367324,0.5273045995672219,density_score,40.52577280578921,0.1684242619904395,1.2,0.4807766160958695,3.258013448124683,12,3,3.jpg
Tomato___Leaf_Mold/4.jpg,Tomato___Leaf_Mold,Tomato_Target_Spot,0.3288,Tomato_Leaf_Mold,False,2.475788989251673,0.8215211879395089,0.5336684830824192,0.6767872714954783,uncertainty_score,13.981940467104751,0.6993236615925997,0.5,0.1274592413908211,3.089836185271431,6,4,4.jpg
Tomato___Leaf_Mold/5.jpg,Tomato___Leaf_Mold,Tomato_Tomato_yellow_Leaf_Curl_Virus,0.3459,Tomato_Leaf_Mold,False,2.47808355214306,0.7876327656826606,0.4156770134117769,0.5121449147093233,uncertainty_score,44.63258515594801,0.7016991464765308,0.5,0.5354412229035951,3.706560127308454,12,5,5.jpg
Tomato___Leaf_Mold/6.jpg,Tomato___Leaf_Mold,Tomato_Tomato_yellow_Leaf_Curl_Virus,0.6076,Tomato_Leaf_Mold,False,2.09595360111591,0.4677827707036656,0.3542301688663388,0.7459441926906383,outlier_score,22.15221719832301,0.3060926779113461,0.7,0.2362114625642783,2.66650254966911,3,6,6.jpg
Tomato___Leaf_Mold/7.jpg,Tomato___Leaf_Mold,Tomato_Leaf_Mold,0.6866,Tomato_Leaf_Mold,True,1.8871587282507547,0.3759647331104879,0.3002294135009841,0.3428277383057568,uncertainty_score,33.103512564181486,0.0899342687453707,0.5,0.3819810288768888,2.2528400808060747,0,7,7.jpg
Tomato___Leaf_Mold/8.jpg,Tomato___Leaf_Mold,Tomato_Leaf_Mold,0.5066,Tomato_Leaf_Mold,True,2.132162505594911,0.5856008214497338,0.2074971315374029,0.2763487587072609,uncertainty_score,20.94715722183616,0.3435785561918839,0.5,0.2201712532296995,2.5174139922283176,3,8,8.jpg
Tomato___Leaf_Mold/9.jpg,Tomato___Leaf_Mold,Tomato_Leaf_Mold,0.2966,Tomato_Leaf_Mold,True,2.450350814778286,0.8593311666532552,0.2159933027465206,0.3704648087712966,uncertainty_score,20.06905193431709,0.6729883629772689,0.5,0.2084830444231397,3.1587012925892477,12,9,9.jpg
Tomato___Leaf_Mold/10.jpg,Tomato___Leaf_Mold,Tomato_Leaf_Mold,0.3683,Tomato_Leaf_Mold,True,2.464519197117876,0.760959812229927,0.3152821042407369,0.5563221530489693,uncertainty_score,23.25396421915277,0.6876564194527696,0.5,0.2508765026391952,3.251627592864332,12,10,10.jpg
Tomato___Leaf_Mold/11.jpg,Tomato___Leaf_Mold,Tomato_Leaf_Mold,0.2504,Tomato_Leaf_Mold,True,2.5146910830190983,0.9119515216970598,0.2110631172875294,0.2610975132140901,uncertainty_score,32.664213226236946,0.7395977094492393,0.5,0.3761336407977369,3.543395880095084,12,11,11.jpg
Tomato___Leaf_Mold/12.jpg,Tomato___Leaf_Mold,Tomato_Leaf_Mold,0.5442,Tomato_Leaf_Mold,True,2.404042617062766,0.5459665072728465,0.5675904429507592,0.6339561738967181,outlier_score,25.96332644370995,0.6250470212567042,0.7,0.2869400497597242,3.380504117152995,12,12,12.jpg
Tomato___Leaf_Mold/13.jpg,Tomato___Leaf_Mold,Tomato_Leaf_Mold,0.736,Tomato_Leaf_Mold,True,1.968600171204564,0.3246137058882166,0.2081551613108361,0.2948055094994085,uncertainty_score,33.16028171802785,0.1742478943986509,0.5,0.3827366668776606,2.422600789113793,3,13,13.jpg
Tomato___Leaf_Mold/14.jpg,Tomato___Leaf_Mold,Tomato_Leaf_Mold,0.8155,Tomato_Leaf_Mold,True,2.029727740791012,0.2186783310637208,0.441995581528848,0.4470161924062621,outlier_score,27.811210855995355,0.2375312404725867,0.7,0.3115367116500103,2.6423675484201885,3,14,14.jpg
Tomato___Leaf_Mold/15.jpg,Tomato___Leaf_Mold,Tomato_Leaf_Mold,0.6334,Tomato_Leaf_Mold,True,2.0054764681948964,0.4340526264881331,0.2028524256626683,0.0871983905307704,uncertainty_score,15.780756513037112,0.2124247020183967,0.5,0.1514027682642897,2.151953556433228,0,15,15.jpg
Tomato___Leaf_Mold/16.jpg,Tomato___Leaf_Mold,Tomato_Leaf_Mold,0.6438,Tomato_Leaf_Mold,True,1.9674171949269803,0.4244879627776156,0.1551857736054832,0.058989827859131,uncertainty_score,13.07403060087257,0.1730231982807117,0.5,0.1153743123454222,2.019107865079557,0,16,16.jpg
Tomato___Leaf_Mold/17.jpg,Tomato___Leaf_Mold,Tomato_Leaf_Mold,0.5199,Tomato_Leaf_Mold,True,2.307348471633789,0.5677367577548666,0.3296620278058056,0.4365567631723309,uncertainty_score,31.7248627258823,0.5249427784428033,0.5,0.3636302144469952,3.0953308785561,12,17,17.jpg
Tomato___Leaf_Mold/18.jpg,Tomato___Leaf_Mold,Tomato_Leaf_Mold,0.5536,Tomato_Leaf_Mold,True,2.2068301718476206,0.5453764006258116,0.3925018754798637,0.4546916500957277,uncertainty_score,34.27991318595779,0.4208795154148881,0.5,0.3976397617223959,2.93821867341337,6,18,18.jpg
Tomato___Leaf_Mold/19.jpg,Tomato___Leaf_Mold,Tomato_Leaf_Mold,0.3573,Tomato_Leaf_Mold,True,2.476792407119114,0.7813351912899491,0.3380449276821277,0.3779573253495114,uncertainty_score,15.081609479295825,0.7003624668418782,0.5,0.1420966216859643,3.1138698662127027,12,19,19.jpg
Tomato___Leaf_Mold/20.jpg,Tomato___Leaf_Mold,Tomato_Leaf_Mold,0.4023,Tomato_Leaf_Mold,True,2.575909382374765,0.7129193231995485,0.6532688814982645,0.7662760072547765,outlier_score,28.93840534672364,0.8029749850450507,0.7,0.3265404757321732,3.7957606836883615,12,20,20.jpg
Tomato___Leaf_Mold/21.jpg,Tomato___Leaf_Mold,Tomato_Leaf_Mold,0.2048,Tomato_Leaf_Mold,True,2.533073904617969,0.9695187675120946,0.1839746866961693,0.3965182503420006,uncertainty_score,12.745021199220204,0.7586288351577716,0.5,0.1109949621234243,3.18375011350068,12,21,21.jpg
Tomato___Leaf_Mold/22.jpg,Tomato___Leaf_Mold,Tomato_Leaf_Mold,0.7352,Tomato_Leaf_Mold,True,1.9373658690000213,0.3152755970211511,0.1362257787279317,0.0740300879986974,uncertainty_score,22.964810793841444,0.1419120569171263,0.5,0.247027663940456,2.1543656097449366,0,22,22.jpg
Tomato___Leaf_Mold/23.jpg,Tomato___Leaf_Mold,Tomato_Leaf_Mold,0.7848,Tomato_Leaf_Mold,True,1.803152938598324,0.2585691266044772,0.2215882378858408,0.1811911522549201,uncertainty_score,42.32713662718312,0.0029658599773633,0.5,0.504754055681185,2.263062803476504,0,23,23.jpg
Tomato___Leaf_Mold/24.jpg,Tomato___Leaf_Mold,Tomato_Tomato_mosaic_virus,0.3467,Tomato_Leaf_Mold,False,2.4386349926071995,0.8016589193925109,0.3370022146933246,0.4159749428401467,uncertainty_score,38.43263634000598,0.6608593607282097,0.5,0.4529154741343848,3.501091932657997,12,24,24.jpg
Tomato___Leaf_Mold/25.jpg,Tomato___Leaf_Mold,Tomato_Tomato_yellow_Leaf_Curl_Virus,0.3111,Tomato_Leaf_Mold,False,2.273352729797988,0.8374435007615006,0.190211337036868,0.4980754261298286,uncertainty_score,35.83076827807842,0.4897481140681192,0.5,0.4182827511259062,3.106920354825098,12,25,25.jpg
Tomato___Leaf_Mold/26.jpg,Tomato___Leaf_Mold,Tomato_Leaf_Mold,0.3672,Tomato_Leaf_Mold,True,2.481082026175248,0.7653860554385467,0.3622869979618912,0.4511319159309216,uncertainty_score,35.597497436151805,0.7048033672259637,0.5,0.415177749541616,3.5323733587643518,12,26,26.jpg
Tomato___Leaf_Mold/27.jpg,Tomato___Leaf_Mold,Tomato_Leaf_Mold,0.7598,Tomato_Leaf_Mold,True,1.8131596226724729,0.2748807797624603,0.3717782272545203,0.4189928712886331,outlier_score,32.67990631793256,0.0133254482220969,0.7,0.3763425270613387,2.291164687036202,0,27,27.jpg
Tomato___Leaf_Mold/28.jpg,Tomato___Leaf_Mold,Tomato_Leaf_Mold,0.7477,Tomato_Leaf_Mold,True,1.947455900871259,0.3061058894874932,0.3438358046645848,0.2763947607289626,density_score,42.94577640466322,0.1523579323727431,1.2,0.5129885931540892,3.27419875447662,12,28,28.jpg
Tomato___Leaf_Mold/29.jpg,Tomato___Leaf_Mold,Tomato_Tomato_mosaic_virus,0.6896,Tomato_Leaf_Mold,False,2.1402795202282814,0.3766349393825398,0.1828146265243596,0.4705574135116648,outlier_score,52.724385772988605,0.3519818323176317,0.7,0.643148870924068,3.3686869710213654,12,29,29.jpg
Tomato___Leaf_Mold/30.jpg,Tomato___Leaf_Mold,Tomato_Tomato_mosaic_virus,0.3884,Tomato_Leaf_Mold,False,2.448100802146643,0.7480453733340812,0.3553687031748653,0.589405836231016,uncertainty_score,31.41313357840016,0.6706589995001621,0.5,0.3594808767552061,3.380539314133133,12,30,30.jpg
Tomato___Leaf_Mold/31.jpg,Tomato___Leaf_Mold,Tomato_Leaf_Mold,0.3434,Tomato_Leaf_Mold,True,2.4718649436887263,0.7982560153968623,0.2962189741507413,0.4596678933796297,uncertainty_score,33.82117445979543,0.6952612273252163,0.5,0.3915336214961027,3.477822886894587,12,31,31.jpg
Tomato___Leaf_Mold/32.jpg,Tomato___Leaf_Mold,Tomato_Tomato_mosaic_virus,0.3398,Tomato_Leaf_Mold,False,2.222560758623431,0.8010433936762824,0.1564854056509972,0.4244627442838931,uncertainty_score,27.15302667432737,0.4371648703474417,0.5,0.3027758099018323,2.828493455547632,6,32,32.jpg
Tomato___Leaf_Mold/33.jpg,Tomato___Leaf_Mold,Tomato_Leaf_Mold,0.6908,Tomato_Leaf_Mold,True,2.079809110260538,0.3654399083967683,0.1799610001585165,0.227133598140823,uncertainty_score,29.838782116546724,0.2893788218084444,0.5,0.3385251338817685,2.586545344439542,3,33,33.jpg
Tomato___Leaf_Mold/34.jpg,Tomato___Leaf_Mold,Tomato_Tomato_mosaic_virus,0.3411,Tomato_Leaf_Mold,False,2.433615813492915,0.7953745717828973,0.3565448297032572,0.5257696572968351,uncertainty_score,39.28168627371676,0.6556631710048944,0.5,0.46421693542093,3.5076517451411835,12,34,34.jpg
Tomato___Leaf_Mold/35.jpg,Tomato___Leaf_Mold,Tomato_Leaf_Mold,0.7037,Tomato_Leaf_Mold,True,1.8035237928581973,0.353447428007691,0.3991667541702488,0.4886152339584584,outlier_score,28.351999488113425,0.0033497930967287,0.7,0.3187349947514232,2.184802078320592,0,35,35.jpg
Tomato___Leaf_Mold/36.jpg,Tomato___Leaf_Mold,Tomato_Leaf_Mold,0.6129,Tomato_Leaf_Mold,True,1.8996603997676464,0.4618577630169834,0.1141030914310249,0.255162449314365,uncertainty_score,21.694683078042207,0.1028768347668656,0.5,0.2301213565029918,2.050935704288219,0,36,36.jpg
Tomato___Leaf_Mold/37.jpg,Tomato___Leaf_Mold,Tomato_Leaf_Mold,0.6306,Tomato_Leaf_Mold,True,2.024836159966909,0.4448978497019208,0.3158440225707811,0.5019207653718594,outlier_score,25.395118978136384,0.2324671490285036,0.7,0.2793768023935298,2.583999501647302,3,37,37.jpg
Tomato___Leaf_Mold/38.jpg,Tomato___Leaf_Mold,Tomato_Tomato_yellow_Leaf_Curl_Virus,0.3303,Tomato_Leaf_Mold,False,2.3526275577954183,0.8147447153274845,0.2288696611549959,0.2393833750388771,uncertainty_score,36.21684401399812,0.5718187150923966,0.5,0.4234216950324223,3.2787699727334267,12,38,38.jpg
Tomato___Leaf_Mold/39.jpg,Tomato___Leaf_Mold,Tomato_Tomato_yellow_Leaf_Curl_Virus,0.4733,Tomato_Leaf_Mold,False,2.0065261645306625,0.6427321745636843,0.0997983153603762,0.3302217772274133,uncertainty_score,10.77072928690276,0.2135114178315435,0.5,0.0847157260861769,2.0540964247923523,0,39,39.jpg
Tomato___Leaf_Mold/40.jpg,Tomato___Leaf_Mold,Tomato_Leaf_Mold,0.6833,Tomato_Leaf_Mold,True,2.0993773965366582,0.3735890107452465,0.714771281669388,0.6081112231516601,density_score,18.984471370902614,0.3096372197925858,1.2,0.1940465021623127,3.110344192828641,12,40,40.jpg
Tomato___Leaf_Mold/41.jpg,Tomato___Leaf_Mold,Tomato_Leaf_Mold,0.6401,Tomato_Leaf_Mold,True,2.0705303801813546,0.4381368945449273,0.4906067674318493,0.6700733487375379,outlier_score,13.42541140188849,0.2797728601989748,0.7,0.1200514418779113,2.4396228832148164,3,41,41.jpg
Tomato___Leaf_Mold/42.jpg,Tomato___Leaf_Mold,Tomato_Leaf_Mold,0.8265,Tomato_Leaf_Mold,True,1.878380010057361,0.1963499694490867,0.352783841562207,0.41687852572011,outlier_score,20.090850562784485,0.0808459528630843,0.7,0.208773199743743,2.174851705341783,0,42,42.jpg
Tomato___Leaf_Mold/43.jpg,Tomato___Leaf_Mold,Tomato_Leaf_Mold,0.6616,Tomato_Leaf_Mold,True,2.0053461432147053,0.4041519684963151,0.2535479388471159,0.1242472620487371,uncertainty_score,20.6275051166957,0.2122897808874027,0.5,0.2159164553103134,2.2484542447402758,0,43,43.jpg
Tomato___Leaf_Mold/44.jpg,Tomato___Leaf_Mold,Tomato_Leaf_Mold,0.7678,Tomato_Leaf_Mold,True,2.06126302104271,0.2704720491102328,0.4483534187957884,0.5444329099104144,outlier_score,28.242141847234794,0.2701786705472352,0.7,0.31727271105511,2.716266407677136,6,44,44.jpg
Tomato___Leaf_Mold/45.jpg,Tomato___Leaf_Mold,Tomato_Leaf_Mold,0.983,Tomato_Leaf_Mold,True,1.8073461187993127,0.006083211835355,0.7531029351456614,0.6944001273540035,density_score,39.96184481884598,0.0073069204122014,1.2,0.4732703316480466,2.9245193382964727,6,45,45.jpg
Tomato___Leaf_Mold/46.jpg,Tomato___Leaf_Mold,Tomato_Leaf_Mold,0.8524,Tomato_Leaf_Mold,True,1.8037675041132308,0.1677776795005625,0.4896291026464665,0.5352440574251993,outlier_score,28.23551955385787,0.0036020992786814,0.7,0.3171845635984577,2.182981043955049,0,46,46.jpg
Tomato___Leaf_Mold/47.jpg,Tomato___Leaf_Mold,Tomato_Leaf_Mold,0.5345,Tomato_Leaf_Mold,True,2.165050087514949,0.5509327579165437,0.2432149363316886,0.2276074685661707,uncertainty_score,28.437048350832697,0.3776259793474431,0.5,0.3198670558839007,2.7350525425207373,6,47,47.jpg
Tomato___Leaf_Mold/48.jpg,Tomato___Leaf_Mold,Tomato_Leaf_Mold,0.3598,Tomato_Leaf_Mold,True,2.2236203286216707,0.7818204442765604,0.2300987181951036,0.3880564951478628,uncertainty_score,10.657837090866474,0.4382618080359808,0.5,0.0832130502924447,2.501343191510629,3,48,48.jpg
Tomato___Leaf_Mold/49.jpg,Tomato___Leaf_Mold,Tomato_Leaf_Mold,0.6902,Tomato_Leaf_Mold,True,1.963398398383524,0.3791979795977979,0.2242441182573842,0.3298072696036683,uncertainty_score,15.530362271829532,0.1688626714647286,0.5,0.1480698420004438,2.059830105930123,0,49,49.jpg
Tomato___Leaf_Mold/50.jpg,Tomato___Leaf_Mold,Tomato_Leaf_Mold,0.7086,Tomato_Leaf_Mold,True,1.801264753608468,0.3383224168037191,0.4708109200260651,0.6063497042067834,outlier_score,12.422823042610602,0.0010110846611996,0.7,0.1067062744397621,1.8620815809820424,0,50,50.jpg
Tomato___Leaf_Mold/51.jpg,Tomato___Leaf_Mold,Tomato_Leaf_Mold,0.3518,Tomato_Leaf_Mold,True,2.275827257942299,0.7890651745673051,0.256427671548989,0.2561884128968383,uncertainty_score,30.216942817025394,0.4923099110115537,0.5,0.3435587230110603,2.9999579065396977,6,51,51.jpg
Tomato___Leaf_Mold/52.jpg,Tomato___Leaf_Mold,Tomato_Leaf_Mold,0.561,Tomato_Leaf_Mold,True,1.9454431588535148,0.5211392442570822,0.2941034197521419,0.5056342592197021,uncertainty_score,21.455035594725462,0.1502742072953649,0.5,0.2269314772655184,2.1409456304890075,0,52,52.jpg
Tomato___Leaf_Mold/53.jpg,Tomato___Leaf_Mold,Tomato_Leaf_Mold,0.6348,Tomato_Leaf_Mold,True,1.827830949488472,0.4307594530673464,0.2529404616125178,0.4085751520880322,uncertainty_score,19.487070800843835,0.0285141864386171,0.5,0.2007364596955468,1.8581330624205543,0,53,53.jpg
Tomato___Leaf_Mold/54.jpg,Tomato___Leaf_Mold,Tomato_Leaf_Mold,0.5991,Tomato_Leaf_Mold,True,2.141519639732147,0.4792104157296156,0.17333968815922,0.1642566300250159,uncertainty_score,26.70241399852489,0.3532656869231249,0.5,0.2967778332121091,2.651698123664413,3,54,54.jpg
Tomato___Leaf_Mold/55.jpg,Tomato___Leaf_Mold,Tomato_Leaf_Mold,0.7991,Tomato_Leaf_Mold,True,1.9117664551952729,0.2350804288167416,0.1247534347821595,0.1912971355942532,uncertainty_score,37.85759710754847,0.1154098325680178,0.5,0.4452612910694852,2.3987116017402634,3,55,55.jpg
Tomato___Leaf_Mold/56.jpg,Tomato___Leaf_Mold,Tomato_Leaf_Mold,0.6939,Tomato_Leaf_Mold,True,2.026986373465061,0.3694467369636937,0.4887986088258153,0.4683667358309539,density_score,31.90427779202586,0.2346931937716037,1.2,0.3660183571742227,3.2184139233045417,12,56,56.jpg
Tomato___Leaf_Mold/57.jpg,Tomato___Leaf_Mold,Tomato_Tomato_yellow_Leaf_Curl_Virus,0.5697,Tomato_Leaf_Mold,False,1.9494495238034384,0.5231898389931035,0.190154057864428,0.44148296355917,uncertainty_score,15.916661742499953,0.1544218640947399,0.5,0.1532117639763564,2.0386613741540143,0,57,57.jpg
Tomato___Leaf_Mold/58.jpg,Tomato___Leaf_Mold,Tomato_Tomato_yellow_Leaf_Curl_Virus,0.271,Tomato_Leaf_Mold,False,2.4814859076664364,0.886040918642205,0.4891009079967063,0.5451625932645026,uncertainty_score,26.14890021300734,0.7052214923428733,0.5,0.2894101692264871,3.3445582385254777,12,58,58.jpg
Tomato___Leaf_Mold/59.jpg,Tomato___Leaf_Mold,Tomato_Leaf_Mold,0.674,Tomato_Leaf_Mold,True,2.114343422838425,0.3919540665596849,0.3916064560076727,0.5369005828184479,outlier_score,45.41321923102751,0.3251310506157944,0.7,0.5458320202267997,3.1690101315717887,12,59,59.jpg
Tomato___Leaf_Mold/60.jpg,Tomato___Leaf_Mold,Tomato_Leaf_Mold,0.3506,Tomato_Leaf_Mold,True,2.279339756033447,0.7835108862705771,0.1976163399455527,0.2252370388315319,uncertainty_score,32.95490614535939,0.4959462838264716,0.5,0.3800029712591114,3.0618970245416106,6,60,60.jpg
Tomato___Leaf_Mold/61.jpg,Tomato___Leaf_Mold,Tomato_Tomato_mosaic_virus,0.4732,Tomato_Leaf_Mold,False,2.109410514800216,0.644552519824103,0.1587918971904779,0.2817901756214717,uncertainty_score,20.29312408208064,0.3200241744771739,0.5,0.2114656048154068,2.457246756177458,3,61,61.jpg
Tomato___Leaf_Mold/62.jpg,Tomato___Leaf_Mold,Tomato_Leaf_Mold,0.7992,Tomato_Leaf_Mold,True,1.8696159574156128,0.2393073835671777,0.3916522854806729,0.3630261094337449,density_score,18.43393783461954,0.0717728197401716,1.2,0.1867185074234693,2.623623400615547,3,62,62.jpg
Tomato___Leaf_Mold/63.jpg,Tomato___Leaf_Mold,Tomato_Leaf_Mold,0.6393,Tomato_Leaf_Mold,True,2.0730324842842904,0.4329398032844836,0.2969424600466257,0.2788467230449943,uncertainty_score,26.163473940763048,0.2823632056180769,0.5,0.2896041559562333,2.499132645170504,3,63,63.jpg
Tomato___Leaf_Mold/64.jpg,Tomato___Leaf_Mold,Tomato_Leaf_Mold,0.7195,Tomato_Leaf_Mold,True,1.9821976391062988,0.3311078347113203,0.2530283982598624,0.2874150537196695,uncertainty_score,25.936638715085,0.188324902085629,0.5,0.2865848170226313,2.306527029705205,0,64,64.jpg
Tomato___Leaf_Mold/65.jpg,Tomato___Leaf_Mold,Tomato_Late_blight,0.4666,Tomato_Leaf_Mold,False,2.4607879105157977,0.6421689648387031,0.3563694064317433,0.4627159916564274,uncertainty_score,31.329906224632,0.6837935421465416,0.5,0.3583730612083848,3.40514667610566,12,65,65.jpg
Tomato___Leaf_Mold/66.jpg,Tomato___Leaf_Mold,Tomato_Leaf_Mold,0.248,Tomato_Leaf_Mold,True,2.602318327474898,0.9206090054294098,0.2377935227555548,0.3773076012670239,uncertainty_score,32.44708895514642,0.8303152903038061,0.5,0.3732435616084312,3.720495923020259,12,66,66.jpg
Tomato___Leaf_Mold/67.jpg,Tomato___Leaf_Mold,Tomato_healthy,0.5736,Tomato_Leaf_Mold,False,2.2204177037149417,0.51948604415514,0.4343283620022768,0.6851271310931466,outlier_score,28.79950564621245,0.4349462366548725,0.7,0.3246916214708235,3.05692990551598,6,67,67.jpg
Tomato___Leaf_Mold/68.jpg,Tomato___Leaf_Mold,Tomato_Leaf_Mold,0.7771,Tomato_Leaf_Mold,True,1.830657837907036,0.2568844482366149,0.2240719085178615,0.3127115679424557,outlier_score,25.359571196133675,0.0314407702912827,0.7,0.2789036360152341,2.181236994605417,0,68,68.jpg
Tomato___Leaf_Mold/69.jpg,Tomato___Leaf_Mold,Tomato_Spider_mites Two-spotted_spider_mite,0.5069,Tomato_Leaf_Mold,False,2.1876280366428675,0.5979131091977351,0.3417360267077148,0.5952587313051256,uncertainty_score,20.22311932207475,0.4010001814949885,0.5,0.2105337914394577,2.617801050149164,3,69,69.jpg
Tomato___Leaf_Mold/70.jpg,Tomato___Leaf_Mold,Tomato_Leaf_Mold,0.7496,Tomato_Leaf_Mold,True,1.8416247750690564,0.3014482884136261,0.3685169377688363,0.5314713340213886,outlier_score,17.022208196961852,0.0427944767201592,0.7,0.1679273772277138,2.0374800192818894,0,70,70.jpg
Tomato___Leaf_Mold/71.jpg,Tomato___Leaf_Mold,Tomato_Leaf_Mold,0.5438,Tomato_Leaf_Mold,True,2.282469886666893,0.5463160933669013,0.2929788873181584,0.3016884339013453,uncertainty_score,44.07941465967743,0.4991868042900383,0.5,0.5280781283431395,3.290490801094786,12,71,71.jpg
Tomato___Leaf_Mold/72.jpg,Tomato___Leaf_Mold,Tomato_Leaf_Mold,0.9009,Tomato_Leaf_Mold,True,1.8438681350602315,0.1059021970277866,0.7280183479108683,0.6586976472125625,density_score,24.24814487498679,0.0451169529391618,1.2,0.2641097575369778,2.6863985421837904,3,72,72.jpg
Tomato___Leaf_Mold/73.jpg,Tomato___Leaf_Mold,Tomato_Leaf_Mold,0.3548,Tomato_Leaf_Mold,True,2.445358943227733,0.7843643462972804,0.2721473143264866,0.2976642907021308,uncertainty_score,17.16313790216838,0.6678204438692874,0.5,0.1698032523020511,3.090345766191652,6,73,73.jpg
Tomato___Leaf_Mold/74.jpg,Tomato___Leaf_Mold,Tomato_Leaf_Mold,0.6724,Tomato_Leaf_Mold,True,2.0125154547218846,0.3946541776277166,0.2496337881177497,0.2796676517285537,uncertainty_score,14.759179684233295,0.2197119313882345,0.5,0.1378048507289817,2.146131138869942,0,74,74.jpg
Tomato___Leaf_Mold/75.jpg,Tomato___Leaf_Mold,Tomato_Leaf_Mold,0.6916,Tomato_Leaf_Mold,True,2.0099273291043307,0.3756320684316812,0.5617896058695919,0.5842399078856519,outlier_score,18.380411459891302,0.2170325307471398,0.7,0.186006033129812,2.413074111188997,3,75,75.jpg
Tomato___Leaf_Mold/76.jpg,Tomato___Leaf_Mold,Tomato_Tomato_mosaic_virus,0.4424,Tomato_Leaf_Mold,False,2.4050931911884224,0.6747783054451415,0.2247499892646665,0.2997546161489038,uncertainty_score,27.187267513730973,0.626134645816621,0.5,0.3032315799402885,3.207116661543675,12,76,76.jpg
Tomato___Leaf_Mold/77.jpg,Tomato___Leaf_Mold,Tomato_Leaf_Mold,0.682,Tomato_Leaf_Mold,True,1.8685606867372488,0.3863360828046869,0.3731039940277471,0.4506322834202093,outlier_score,15.863205630147608,0.0706803329949536,0.7,0.1525002249251267,2.0701110033775976,0,77,77.jpg
Tomato___Leaf_Mold/78.jpg,Tomato___Leaf_Mold,Tomato_Leaf_Mold,0.5663,Tomato_Leaf_Mold,True,1.9535230796143688,0.5318236031870488,0.4637488103031453,0.6330294478365073,outlier_score,9.082907262007344,0.1586390813647645,0.7,0.0622496089409025,2.1106525761408825,0,78,78.jpg
Tomato___Leaf_Mold/79.jpg,Tomato___Leaf_Mold,Tomato_Leaf_Mold,0.349,Tomato_Leaf_Mold,True,2.38152461126412,0.7981630584519624,0.2774829359887608,0.3426497824794538,uncertainty_score,40.8949791060585,0.6017348764505001,0.5,0.4856910157602163,3.432006276541325,12,79,79.jpg
Tomato___Leaf_Mold/80.jpg,Tomato___Leaf_Mold,Tomato_Leaf_Mold,0.4262,Tomato_Leaf_Mold,True,2.4593418428059177,0.7033765317113603,0.41864711241363,0.4141208412737093,uncertainty_score,38.30019969671257,0.6822964761916903,0.5,0.4511526477826307,3.5413219240573266,12,80,80.jpg
Tomato___Leaf_Mold/81.jpg,Tomato___Leaf_Mold,Tomato_Leaf_Mold,0.5646,Tomato_Leaf_Mold,True,2.211131210800037,0.5327182953085488,0.4924873451872487,0.5101567785933829,uncertainty_score,10.129759932018228,0.4253322384389617,0.5,0.0761839659829402,2.4649404258523337,3,81,81.jpg
Tomato___Leaf_Mold/82.jpg,Tomato___Leaf_Mold,Tomato_Tomato_mosaic_virus,0.2977,Tomato_Leaf_Mold,False,2.359525508675884,0.8539400333122814,0.2814547872959152,0.3295098469880634,uncertainty_score,8.80903532349441,0.5789599349335058,0.5,0.0586041777504805,2.7458261364927328,6,82,82.jpg
Tomato___Leaf_Mold/83.jpg,Tomato___Leaf_Mold,Tomato_Early_blight,0.2921,Tomato_Leaf_Mold,False,2.3493519307031505,0.864978116324311,0.1938562619058176,0.3232184548610685,uncertainty_score,8.067807219717976,0.5684275669690284,0.5,0.0487379020619388,2.709961987030965,6,83,83.jpg
Tomato___Leaf_Mold/84.jpg,Tomato___Leaf_Mold,Tomato_Tomato_yellow_Leaf_Curl_Virus,0.321,Tomato_Leaf_Mold,False,2.475173847877436,0.8307519307962886,0.3394408224931191,0.4500381801310013,uncertainty_score,36.65314616972474,0.6986868261232101,0.5,0.429229188474687,3.541217434958451,12,84,84.jpg
Tomato___Leaf_Mold/85.jpg,Tomato___Leaf_Mold,Tomato_Leaf_Mold,0.2427,Tomato_Leaf_Mold,True,2.449136523746961,0.9272195890578888,0.1958071635735547,0.2441092674825931,uncertainty_score,11.182222259735912,0.6717312477330397,0.5,0.0901929915773057,2.978751982832038,6,85,85.jpg
Tomato___Leaf_Mold/86.jpg,Tomato___Leaf_Mold,Tomato_Leaf_Mold,0.5367,Tomato_Leaf_Mold,True,2.1029531286724703,0.5604546377867616,0.1849661959850633,0.407632821380588,uncertainty_score,28.65207467141259,0.3133390567173841,0.5,0.3227292098528682,2.6107719282140707,3,86,86.jpg
Tomato___Leaf_Mold/87.jpg,Tomato___Leaf_Mold,Tomato_Leaf_Mold,0.55,Tomato_Leaf_Mold,True,2.094638132953601,0.5434375315660135,0.1476984567874827,0.3077491567568893,uncertainty_score,25.33024321627901,0.3047308173379933,0.5,0.2785132596477436,2.527231524147602,3,87,87.jpg
Tomato___Leaf_Mold/88.jpg,Tomato___Leaf_Mold,Tomato_Late_blight,0.5588,Tomato_Leaf_Mold,False,2.364688111827586,0.523567430398857,0.3762051389681973,0.5015149787526585,uncertainty_score,28.8772833836656,0.5843046068074547,0.5,0.3257268987305957,3.157199561710802,12,88,88.jpg
Tomato___Leaf_Mold/89.jpg,Tomato___Leaf_Mold,Tomato_Leaf_Mold,0.7402,Tomato_Leaf_Mold,True,1.883753719064642,0.3087191766999945,0.417353558150914,0.6573077570914743,outlier_score,18.331202329399847,0.0864091756299809,0.7,0.1853510244417327,2.150844887922561,0,89,89.jpg
Tomato___Leaf_Mold/90.jpg,Tomato___Leaf_Mold,Tomato_Leaf_Mold,0.8123,Tomato_Leaf_Mold,True,1.914373765598805,0.2182750250182016,0.4040127113791767,0.4147017964066133,outlier_score,32.53294416860258,0.1181090945819532,0.7,0.3743863558453759,2.49779772293197,3,90,90.jpg
Tomato___Leaf_Mold/91.jpg,Tomato___Leaf_Mold,Tomato_Leaf_Mold,0.543,Tomato_Leaf_Mold,True,2.153889289015876,0.5443973969986434,0.1814512357665422,0.1600193564805362,uncertainty_score,38.56451702418412,0.3660715747038978,0.5,0.4546709002730671,2.9141494998173965,6,91,91.jpg
Tomato___Leaf_Mold/92.jpg,Tomato___Leaf_Mold,Tomato_Leaf_Mold,0.6537,Tomato_Leaf_Mold,True,1.9204312071572405,0.4166793577281027,0.3652435509795882,0.4495238391642889,outlier_score,34.4179332644664,0.1243801629895233,0.7,0.3994769075863779,2.5479756873586137,3,92,92.jpg
Tomato___Leaf_Mold/93.jpg,Tomato___Leaf_Mold,Tomato_Tomato_mosaic_virus,0.5743,Tomato_Leaf_Mold,False,1.9499071467870328,0.5133932262761943,0.2612217063089777,0.4691170344800563,uncertainty_score,18.523203156799955,0.154895625996908,0.5,0.1879066926441474,2.091651290960037,0,93,93.jpg
Tomato___Leaf_Mold/94.jpg,Tomato___Leaf_Mold,Tomato_Leaf_Mold,0.7598,Tomato_Leaf_Mold,True,1.954045221614624,0.2815407975691094,0.2867202516035385,0.1676798251310352,density_score,51.44757371546581,0.1591796376657173,1.2,0.6261535901221225,3.4575896605146186,12,94,94.jpg
Tomato___Leaf_Mold/95.jpg,Tomato___Leaf_Mold,Tomato_Leaf_Mold,0.4318,Tomato_Leaf_Mold,True,2.406626429964942,0.6956062769435668,0.2074786432870617,0.2180147704177843,uncertainty_score,48.69835385889692,0.6277219570865588,0.5,0.5895595094401749,3.63978317833338,12,95,95.jpg
Tomato___Leaf_Mold/96.jpg,Tomato___Leaf_Mold,Tomato_Leaf_Mold,0.9825,Tomato_Leaf_Mold,True,1.888447241759332,0.0077305005258569,0.8836604574989281,0.7946532106663986,density_score,25.152164707683223,0.0912682240594115,1.2,0.276142907456483,2.796750809303548,6,96,96.jpg
Tomato___Leaf_Mold/97.jpg,Tomato___Leaf_Mold,Tomato_Leaf_Mold,0.9358,Tomato_Leaf_Mold,True,1.862214801998208,0.0662259857223157,0.7651548507800178,0.7606638708545512,density_score,34.51741768780137,0.0641106489259987,1.2,0.4008011163452439,2.9294229723698635,6,97,97.jpg
Tomato___Leaf_Mold/98.jpg,Tomato___Leaf_Mold,Tomato_Leaf_Mold,0.4642,Tomato_Leaf_Mold,True,2.247591032338029,0.6544451190842752,0.3183196971973012,0.4388283282321387,uncertainty_score,31.360815867773557,0.4630778828313771,0.5,0.3587844906443644,2.964332501629301,6,98,98.jpg
Tomato___Leaf_Mold/99.jpg,Tomato___Leaf_Mold,Tomato_Leaf_Mold,0.604,Tomato_Leaf_Mold,True,2.146760374650892,0.4686128067625364,0.2254292358530363,0.1775855308792622,uncertainty_score,42.98399656675616,0.358691246024991,0.5,0.5134973308208729,2.987628488281291,6,99,99.jpg
Tomato___Leaf_Mold/100.jpg,Tomato___Leaf_Mold,Tomato_Leaf_Mold,0.4838,Tomato_Leaf_Mold,True,1.8889616677705552,0.6307985866110817,0.3295607042818426,0.5214758875557617,uncertainty_score,16.021395248201134,0.0918007922527474,0.5,0.1546058417721263,1.9155103471636843,0,100,100.jpg
Tomato___Leaf_Mold/101.jpg,Tomato___Leaf_Mold,Tomato_Leaf_Mold,0.5476,Tomato_Leaf_Mold,True,2.116176617906732,0.5542310299296979,0.2065099664001433,0.3464958031287086,uncertainty_score,12.62084175231767,0.3270288966894,0.5,0.1093420449556201,2.31807086081223,3,101,101.jpg
Tomato___Leaf_Mold/102.jpg,Tomato___Leaf_Mold,Tomato_Tomato_yellow_Leaf_Curl_Virus,0.5297,Tomato_Leaf_Mold,False,2.1100405191627107,0.5667575324497695,0.1667286015495205,0.3529640299973919,uncertainty_score,15.927889719655944,0.3206763971055164,0.5,0.1533612163749922,2.3713946187735213,3,102,102.jpg
Tomato___Leaf_Mold/103.jpg,Tomato___Leaf_Mold,Tomato_Leaf_Mold,0.7709,Tomato_Leaf_Mold,True,1.8508507381246868,0.2698752921253275,0.1502541819861178,0.2989816342203417,outlier_score,22.261124631442726,0.0523458103796646,0.7,0.2376610983163715,2.1611832682338865,0,103,103.jpg
Tomato___Leaf_Mold/104.jpg,Tomato___Leaf_Mold,Tomato_Leaf_Mold,0.7368,Tomato_Leaf_Mold,True,1.951915392382101,0.3087396449621067,0.4098852700490859,0.4275373246561285,outlier_score,29.706391941695216,0.1569746960769712,0.7,0.336762926058179,2.519093781241211,3,104,104.jpg
Tomato___Leaf_Mold/105.jpg,Tomato___Leaf_Mold,Tomato_Spider_mites Two-spotted_spider_mite,0.2577,Tomato_Leaf_Mold,False,2.5949876499232767,0.9021608942842342,0.2159130571181278,0.6582621624923248,uncertainty_score,39.928093470459366,0.8227260828873453,0.5,0.4728210770847809,3.854683781401862,12,105,105.jpg
Tomato___Leaf_Mold/106.jpg,Tomato___Leaf_Mold,Tomato_Leaf_Mold,0.4455,Tomato_Leaf_Mold,True,2.171451224709201,0.6641399077391238,0.3081871999399995,0.3378596680409131,uncertainty_score,27.345146517872664,0.3842528644513519,0.5,0.3053330622941796,2.726505322343973,6,106,106.jpg
Tomato___Leaf_Mold/107.jpg,Tomato___Leaf_Mold,Tomato_Tomato_mosaic_virus,0.4287,Tomato_Leaf_Mold,False,2.199508467823753,0.6891511634359695,0.264000235656126,0.2842170841916732,uncertainty_score,19.26322860022939,0.4132995979941883,0.5,0.1977569600641377,2.6232346360845837,3,107,107.jpg
Tomato___Leaf_Mold/108.jpg,Tomato___Leaf_Mold,Tomato_Leaf_Mold,0.4625,Tomato_Leaf_Mold,True,2.059163362663873,0.649914170000518,0.3352348011481383,0.5446636380190928,uncertainty_score,9.413890983342467,0.2680049638429784,0.5,0.0666552387685821,2.13599278583883,0,108,108.jpg
Tomato___Leaf_Mold/109.jpg,Tomato___Leaf_Mold,Tomato_Target_Spot,0.3001,Tomato_Leaf_Mold,False,2.320886486506788,0.8572915080283988,0.3470598352466969,0.5912242976792388,uncertainty_score,10.659349375744808,0.5389582363803297,0.5,0.0832331798847432,2.702766242587774,6,109,109.jpg
Tomato___Leaf_Mold/110.jpg,Tomato___Leaf_Mold,Tomato_Leaf_Mold,0.61,Tomato_Leaf_Mold,True,2.0408401139289296,0.4690107186451163,0.2549712853144092,0.3232535197813258,uncertainty_score,26.551508255278154,0.2490355119452981,0.5,0.294769169943311,2.440224778805563,3,110,110.jpg
Tomato___Leaf_Mold/111.jpg,Tomato___Leaf_Mold,Tomato_Tomato_yellow_Leaf_Curl_Virus,0.4331,Tomato_Leaf_Mold,False,2.2746568205217974,0.6894924735540079,0.1455029788972424,0.3983941437496385,uncertainty_score,22.329843174227317,0.4910981959566186,0.5,0.2385757912220686,2.84006007874634,6,111,111.jpg
Tomato___Leaf_Mold/112.jpg,Tomato___Leaf_Mold,Tomato_Tomato_mosaic_virus,0.2842,Tomato_Leaf_Mold,False,2.375940598160903,0.873524613306868,0.1661868432361599,0.2377067468630256,uncertainty_score,39.68734342812246,0.5959539328258312,0.5,0.4696165219989413,3.3963326486500742,12,112,112.jpg
Tomato___Leaf_Mold/113.jpg,Tomato___Leaf_Mold,Tomato_Leaf_Mold,0.3874,Tomato_Leaf_Mold,True,2.3687997841722708,0.7363635376161953,0.2518696443543108,0.3196166948094902,uncertainty_score,15.600217251113008,0.5885612848611002,0.5,0.1489996616879553,2.900622062254133,6,113,113.jpg
Tomato___Leaf_Mold/114.jpg,Tomato___Leaf_Mold,Tomato_Leaf_Mold,0.8922,Tomato_Leaf_Mold,True,1.845532144352794,0.1176500188758756,0.4585267919935001,0.507007737376713,outlier_score,30.531555198952912,0.0468396465885886,0.7,0.3477464386134654,2.3152989510973754,0,114,114.jpg
Tomato___Leaf_Mold/115.jpg,Tomato___Leaf_Mold,Tomato_Tomato_mosaic_virus,0.3496,Tomato_Leaf_Mold,False,2.4534391171759324,0.7952459246914262,0.5023760359564917,0.5303574498232049,uncertainty_score,16.330384003284284,0.6761855800551513,0.5,0.1587187028830012,3.0904492144348046,6,115,115.jpg
Tomato___Leaf_Mold/116.jpg,Tomato___Leaf_Mold,Tomato_Tomato_mosaic_virus,0.4988,Tomato_Leaf_Mold,False,2.116031137100155,0.5992382259647369,0.2613960050790512,0.3857648404378864,uncertainty_score,13.069575846998388,0.3268782852338486,0.5,0.1153150163883162,2.326729095050172,3,116,116.jpg
Tomato___Leaf_Mold/117.jpg,Tomato___Leaf_Mold,Tomato_Leaf_Mold,0.5178,Tomato_Leaf_Mold,True,2.2912557936680544,0.5890980124578563,0.3645841550542961,0.6378375843726236,outlier_score,30.32397380531544,0.5082825625066577,0.7,0.3449833819417006,3.234040197925866,12,117,117.jpg
Tomato___Leaf_Mold/118.jpg,Tomato___Leaf_Mold,Tomato_Leaf_Mold,0.7007,Tomato_Leaf_Mold,True,1.9322008778922928,0.3597456674341895,0.5154523251203089,0.5788885344770316,outlier_score,51.00758715090836,0.136564912871477,0.7,0.6202970545657109,2.903575407591521,6,118,118.jpg
Tomato___Leaf_Mold/119.jpg,Tomato___Leaf_Mold,Tomato_Leaf_Mold,0.4582,Tomato_Leaf_Mold,True,2.244335383258706,0.652922339497236,0.2591156117292369,0.4586928099317992,uncertainty_score,15.613984704343112,0.4597074172824285,0.5,0.149182916327661,2.6431892090563487,3,119,119.jpg
Tomato___Leaf_Mold/120.jpg,Tomato___Leaf_Mold,Tomato_Leaf_Mold,0.8067,Tomato_Leaf_Mold,True,1.841039370881735,0.2293327634732705,0.2407956355961652,0.4138758476572294,outlier_score,49.813560825707576,0.04218842717443,0.7,0.6044037110135883,2.6909824208692426,3,120,120.jpg
Tomato___Leaf_Mold/121.jpg,Tomato___Leaf_Mold,Tomato_Leaf_Mold,0.6844,Tomato_Leaf_Mold,True,1.896706583320192,0.3880452935300267,0.298028345795254,0.4188263389484709,outlier_score,21.271713833734204,0.0998188465342598,0.7,0.2244913336384302,2.236374693526165,0,121,121.jpg
Tomato___Leaf_Mold/122.jpg,Tomato___Leaf_Mold,Tomato_Leaf_Mold,0.5047,Tomato_Leaf_Mold,True,2.076004128767796,0.5978435023280247,0.1511493507348281,0.0495292758081965,uncertainty_score,18.873996727096397,0.2854396506253079,0.5,0.1925760057161682,2.359743309824869,3,122,122.jpg
Tomato___Leaf_Mold/123.jpg,Tomato___Leaf_Mold,Tomato_Leaf_Mold,0.3905,Tomato_Leaf_Mold,True,2.338581809814923,0.7363679711747756,0.2453358086507829,0.3030500657068827,uncertainty_score,31.83803143068913,0.5572776179028558,0.5,0.3651365707700364,3.162260091960766,12,123,123.jpg
Tomato___Leaf_Mold/124.jpg,Tomato___Leaf_Mold,Tomato_Early_blight,0.3591,Tomato_Leaf_Mold,False,2.3245759137038933,0.7759983690415837,0.2710260429902758,0.4076686383279634,uncertainty_score,25.962736511423604,0.5427777780324612,0.5,0.2869321973394706,3.015953852074128,6,124,124.jpg
Tomato___Leaf_Mold/125.jpg,Tomato___Leaf_Mold,Tomato_Leaf_Mold,0.4517,Tomato_Leaf_Mold,True,2.3442330188999523,0.6623306463751558,0.2410922000498848,0.2638240753076383,uncertainty_score,24.437640431937197,0.5631281272995741,0.5,0.2666320787996243,3.026204372798585,6,125,125.jpg
Tomato___Leaf_Mold/126.jpg,Tomato___Leaf_Mold,Tomato_Leaf_Mold,0.6462,Tomato_Leaf_Mold,True,1.9553467109120224,0.4268764685700968,0.1941413915100256,0.3486133735314974,uncertainty_score,23.7748717382791,0.160527026383705,0.5,0.2578101539211018,2.2077692836490628,0,126,126.jpg
Tomato___Leaf_Mold/127.jpg,Tomato___Leaf_Mold,Tomato_Leaf_Mold,0.543,Tomato_Leaf_Mold,True,2.0530176390983064,0.548231907922082,0.1760073491843597,0.2363553707132393,uncertainty_score,30.07686922122042,0.261642500000465,0.5,0.3416942433645707,2.535826365047786,3,127,127.jpg
Tomato___Leaf_Mold/128.jpg,Tomato___Leaf_Mold,Tomato_Leaf_Mold,0.5608,Tomato_Leaf_Mold,True,1.875596207855215,0.5228057450347654,0.2497931654480829,0.4003059210690556,uncertainty_score,19.5687825749661,0.0779639747417286,0.5,0.2018241017943592,1.958664102174996,0,128,128.jpg
Tomato___Leaf_Mold/129.jpg,Tomato___Leaf_Mold,Tomato_Late_blight,0.3775,Tomato_Leaf_Mold,False,2.3901846080930005,0.7558135591078705,0.1832819338689876,0.3592571583598206,uncertainty_score,13.868101507061608,0.6107002840403796,0.5,0.1259439634916694,2.910316513318264,6,129,129.jpg
Tomato___Leaf_Mold/130.jpg,Tomato___Leaf_Mold,Tomato_Leaf_Mold,0.7722,Tomato_Leaf_Mold,True,1.8788728771445533,0.2635824468617683,0.3909105961804572,0.5479190857535721,outlier_score,41.32108874795735,0.0813562018171692,0.7,0.49136283956061,2.599756662975253,3,130,130.jpg
Tomato___Leaf_Mold/131.jpg,Tomato___Leaf_Mold,Tomato_Late_blight,0.9369,Tomato_Leaf_Mold,False,1.8185661961695725,0.0641771644097267,0.6814993717527912,0.8707717008068037,outlier_score,21.45946480314101,0.0189226945056622,0.7,0.2269904331943171,2.0783310388028,0,131,131.jpg
Tomato___Leaf_Mold/132.jpg,Tomato___Leaf_Mold,Tomato_Leaf_Mold,0.6875,Tomato_Leaf_Mold,True,1.9506692522092048,0.3722811848567078,0.4345581036027571,0.5551352929627869,outlier_score,34.26744620494055,0.1556846084724493,0.7,0.3974738172970655,2.6075799428904967,3,132,132.jpg
Tomato___Leaf_Mold/133.jpg,Tomato___Leaf_Mold,Tomato_Leaf_Mold,0.5,Tomato_Leaf_Mold,True,2.225479547609724,0.6137373664824597,0.2880772392679949,0.3066155650258049,uncertainty_score,31.07859809784913,0.4401865958108625,0.5,0.3550279704745361,2.9129151473335293,6,133,133.jpg
Tomato___Leaf_Mold/134.jpg,Tomato___Leaf_Mold,Tomato_Leaf_Mold,0.3218,Tomato_Leaf_Mold,True,2.510924049598088,0.8233745632113507,0.3149338705389559,0.3401283257332543,uncertainty_score,22.805664654789545,0.7356978246465768,0.5,0.2449093151155083,3.338759621966416,12,134,134.jpg
Tomato___Leaf_Mold/135.jpg,Tomato___Leaf_Mold,Tomato_Leaf_Mold,0.9465,Tomato_Leaf_Mold,True,1.8003241503857983,0.055075733678205,0.5248115812098488,0.4537447324002442,density_score,36.96976240827094,3.730933099795169e-05,1.2,0.4334435768404957,2.85023998392274,6,135,135.jpg
Tomato___Leaf_Mold/136.jpg,Tomato___Leaf_Mold,Tomato_Leaf_Mold,0.4331,Tomato_Leaf_Mold,True,2.441348229297003,0.6888074148607121,0.5540091429388332,0.5517304206971472,uncertainty_score,60.918595907454815,0.6636682847142762,0.5,0.7522196627958114,3.955666063622269,12,136,136.jpg
Tomato___Leaf_Mold/137.jpg,Tomato___Leaf_Mold,Tomato_Tomato_mosaic_virus,0.6525,Tomato_Leaf_Mold,False,2.1031126809159284,0.4226805487297227,0.5033953153708917,0.5980447416372738,outlier_score,33.30210788337859,0.313504235864992,0.7,0.3846244744770621,2.903945183445577,6,137,137.jpg
Tomato___Leaf_Mold/138.jpg,Tomato___Leaf_Mold,Tomato_Leaf_Mold,0.7084,Tomato_Leaf_Mold,True,1.941597601630053,0.3462477722291792,0.3383168280406956,0.3856028980864501,outlier_score,36.18757297495512,0.1462930294035251,0.7,0.4230320765878208,2.627134173688781,3,138,138.jpg
Tomato___Leaf_Mold/139.jpg,Tomato___Leaf_Mold,Tomato_Leaf_Mold,0.4958,Tomato_Leaf_Mold,True,2.211602367338994,0.6088248357902268,0.1533882774829692,0.2332638954669027,uncertainty_score,25.415369483061323,0.4258200111822842,0.5,0.2796463510836074,2.77110954898998,6,139,139.jpg
Tomato___Leaf_Mold/140.jpg,Tomato___Leaf_Mold,Tomato_Tomato_yellow_Leaf_Curl_Virus,0.4698,Tomato_Leaf_Mold,False,2.3748385739206146,0.6359575492677351,0.2524489159076062,0.4129552456844157,uncertainty_score,31.712485215657004,0.5948130436680935,0.5,0.3634654609418349,3.234824278748939,12,140,140.jpg
Tomato___Leaf_Mold/141.jpg,Tomato___Leaf_Mold,Tomato_Leaf_Mold,0.7354,Tomato_Leaf_Mold,True,1.804836681964572,0.3179080224281906,0.361820386563022,0.4755164185180682,outlier_score,34.65540448041976,0.0047089836589825,0.7,0.4026378191502435,2.31337469604333,0,141,141.jpg
Tomato___Leaf_Mold/142.jpg,Tomato___Leaf_Mold,Tomato_Leaf_Mold,0.8736,Tomato_Leaf_Mold,True,1.841593242778876,0.1422692002089388,0.3750719569603236,0.2359702519910099,density_score,30.25211191017912,0.0427618323856061,1.2,0.3440268487701928,2.8015639379265016,6,142,142.jpg
Tomato___Leaf_Mold/143.jpg,Tomato___Leaf_Mold,Tomato_Leaf_Mold,0.7162,Tomato_Leaf_Mold,True,1.971904516061834,0.3255998771017562,0.3432307922239666,0.3637877284252068,outlier_score,32.03546932313312,0.1776687730719723,0.7,0.3677646101931133,2.6069844614336146,3,143,143.jpg
Tomato___Leaf_Mold/144.jpg,Tomato___Leaf_Mold,Tomato_Leaf_Mold,0.3311,Tomato_Leaf_Mold,True,2.5469193833523915,0.8143786511740396,0.3264636818139433,0.5317103209124119,uncertainty_score,31.11963436358372,0.7729626002368929,0.5,0.3555741924929714,3.5792864892132426,12,144,144.jpg
Tomato___Leaf_Mold/145.jpg,Tomato___Leaf_Mold,Tomato_Leaf_Mold,0.6599,Tomato_Leaf_Mold,True,1.9811148269329184,0.4008980320689637,0.3111394328703986,0.4057642469142787,outlier_score,28.02523420048681,0.1872039025437743,0.7,0.3143855152905875,2.5459860780234296,3,145,145.jpg
Tomato___Leaf_Mold/146.jpg,Tomato___Leaf_Mold,Tomato_Tomato_mosaic_virus,0.4927,Tomato_Leaf_Mold,False,2.296103070967001,0.5987873330571227,0.6717493504444093,0.8927869645841988,outlier_score,28.406878392819756,0.5133007879800551,0.7,0.3194654721855076,3.205799784238372,12,146,146.jpg
Tomato___Leaf_Mold/147.jpg,Tomato___Leaf_Mold,Tomato_Leaf_Mold,0.5859,Tomato_Leaf_Mold,True,2.0204768761923253,0.494485946247388,0.2198052307388903,0.2811963747077754,uncertainty_score,27.82484702423532,0.2279541270711797,0.5,0.3117182187926906,2.4234855823313954,3,147,147.jpg
Tomato___Leaf_Mold/148.jpg,Tomato___Leaf_Mold,Tomato_Leaf_Mold,0.5463,Tomato_Leaf_Mold,True,2.015316338658004,0.5531242659227746,0.1991178991649472,0.3275141613996945,uncertainty_score,20.385989848023577,0.2226115936624185,0.5,0.2127017145151774,2.264275759097603,0,148,148.jpg
Tomato___Leaf_Mold/149.jpg,Tomato___Leaf_Mold,Tomato_Leaf_Mold,0.6285,Tomato_Leaf_Mold,True,1.943780884233805,0.4538467660182809,0.366853105764383,0.4947904520791441,outlier_score,19.23697384884086,0.1485533094952282,0.7,0.1974074905634353,2.293217854835609,0,149,149.jpg
Tomato___Leaf_Mold/150.jpg,Tomato___Leaf_Mold,Tomato_Leaf_Mold,0.6321,Tomato_Leaf_Mold,True,2.008698101550349,0.4422923951095779,0.3348767107280834,0.3662484334377977,uncertainty_score,20.492396325175967,0.2157599522162326,0.5,0.2141180607563456,2.252696995566984,0,150,150.jpg
Tomato___Leaf_Mold/151.jpg,Tomato___Leaf_Mold,Tomato_Leaf_Mold,0.5848,Tomato_Leaf_Mold,True,2.282085028917124,0.4947199642477836,0.4382632246996395,0.3949037658655427,uncertainty_score,39.46467620838408,0.4987883738218775,0.5,0.4666526622025478,3.197555740947577,12,151,151.jpg
Tomato___Leaf_Mold/152.jpg,Tomato___Leaf_Mold,Tomato_Late_blight,0.4906,Tomato_Leaf_Mold,False,2.2537994636663203,0.6248361892470392,0.1726205577750158,0.3242737740065256,uncertainty_score,26.538390727009144,0.4695052659415282,0.5,0.2945945662692262,2.880902381286896,6,152,152.jpg
Tomato___Leaf_Mold/153.jpg,Tomato___Leaf_Mold,Tomato_Leaf_Mold,0.714,Tomato_Leaf_Mold,True,1.8327388183065023,0.3394212742978407,0.3015723235200774,0.455402265195195,outlier_score,35.393846188603646,0.0335951403027759,0.7,0.4124670059224944,2.3858907894892933,3,153,153.jpg
Tomato___Leaf_Mold/154.jpg,Tomato___Leaf_Mold,Tomato_Leaf_Mold,0.5523,Tomato_Leaf_Mold,True,2.0629063679149544,0.5393599877397327,0.3402076769410308,0.5396573407402421,outlier_score,35.50424663386417,0.2718799730779809,0.7,0.4139365147329787,2.8646647182554297,6,154,154.jpg
Tomato___Leaf_Mold/155.jpg,Tomato___Leaf_Mold,Tomato_Leaf_Mold,0.3832,Tomato_Leaf_Mold,True,2.3898931941747428,0.7536622486994341,0.3772227414830993,0.4154440430709022,uncertainty_score,24.521160014145583,0.6103985928727995,0.5,0.2677437841157902,3.122412861919284,12,155,155.jpg
Tomato___Leaf_Mold/156.jpg,Tomato___Leaf_Mold,Tomato_Leaf_Mold,0.6932,Tomato_Leaf_Mold,True,1.9363413102510605,0.3714804102844667,0.6040453646348471,0.7747034609043064,outlier_score,36.39284467396589,0.1408513652141481,0.7,0.4257643895737656,2.6203493147889443,3,156,156.jpg
Tomato___Leaf_Mold/157.jpg,Tomato___Leaf_Mold,Tomato_Leaf_Mold,0.7451,Tomato_Leaf_Mold,True,1.9951139475855304,0.3020662525870737,0.4421098713857322,0.4467616487485641,outlier_score,25.02072970362622,0.2016967280067129,0.7,0.2743934136386635,2.514983576471421,3,157,157.jpg
Tomato___Leaf_Mold/158.jpg,Tomato___Leaf_Mold,Tomato_Leaf_Mold,0.4461,Tomato_Leaf_Mold,True,2.1749923753382974,0.6714127911268533,0.1724936494488581,0.259843194836136,uncertainty_score,22.89715091844127,0.3879189002888168,0.5,0.2461270626540916,2.645028394558772,3,158,158.jpg
Tomato___Septoria_leaf_spot/1.jpg,Tomato___Septoria_leaf_spot,Tomato_Septoria_leaf_spot,0.7255,Tomato_Septoria_leaf_spot,True,2.056929487384853,0.3326484224253235,0.5065491126768491,0.4260884853086362,density_score,40.27528545756505,0.265692306831999,1.2,0.4774424505111054,3.447548289430656,12,1,1.jpg
Tomato___Septoria_leaf_spot/2.jpg,Tomato___Septoria_leaf_spot,Tomato_Early_blight,0.4348,Tomato_Septoria_leaf_spot,False,2.452014644015833,0.6878986831370413,0.4688946441456767,0.5067375648038186,uncertainty_score,20.835197795939735,0.6747108702217081,0.5,0.2186809932730181,3.177443230352944,12,2,2.jpg
Tomato___Septoria_leaf_spot/3.jpg,Tomato___Septoria_leaf_spot,Tomato_Early_blight,0.4908,Tomato_Septoria_leaf_spot,False,2.3216133878086245,0.6138710382736551,0.5594776156201791,0.6212901493199579,outlier_score,19.314224726263745,0.5397107731973,0.7,0.198435754939749,3.077075178804224,6,3,3.jpg
Tomato___Septoria_leaf_spot/4.jpg,Tomato___Septoria_leaf_spot,Tomato_Septoria_leaf_spot,0.4044,Tomato_Septoria_leaf_spot,True,2.423278866076563,0.7161265594765209,0.1154659717808672,0.2191342392516805,uncertainty_score,28.078819172237317,0.6449616720720448,0.5,0.3150987695524802,3.26257149847281,12,4,4.jpg
Tomato___Septoria_leaf_spot/5.jpg,Tomato___Septoria_leaf_spot,Tomato_Septoria_leaf_spot,0.6338,Tomato_Septoria_leaf_spot,True,2.0467357415171867,0.4362723614839918,0.3749409565456887,0.3416390188607498,uncertainty_score,27.62750619824547,0.2551390597145755,0.5,0.3090914713934748,2.4739153265193634,3,5,5.jpg
Tomato___Septoria_leaf_spot/6.jpg,Tomato___Septoria_leaf_spot,Tomato_Septoria_leaf_spot,0.4172,Tomato_Septoria_leaf_spot,True,2.4321936673239346,0.7110251591887682,0.3615562783584612,0.3937010149497724,uncertainty_score,29.427852955923985,0.6541908702282043,0.5,0.3330553731340192,3.3079648001574378,12,6,6.jpg
Tomato___Septoria_leaf_spot/7.jpg,Tomato___Septoria_leaf_spot,Tomato_Septoria_leaf_spot,0.7484,Tomato_Septoria_leaf_spot,True,2.0305037148731,0.2996971066670597,0.3746771419054798,0.3149695318633632,density_score,37.43975431682262,0.238334580711916,1.2,0.4396995049650902,3.3362184188714674,12,7,7.jpg
Tomato___Septoria_leaf_spot/8.jpg,Tomato___Septoria_leaf_spot,Tomato_Septoria_leaf_spot,0.276,Tomato_Septoria_leaf_spot,True,2.4280440454403003,0.8791987554705495,0.1989330899239135,0.2361573332595574,uncertainty_score,23.06444184520615,0.6498949042751228,0.5,0.2483538244231675,3.1723205451849967,12,8,8.jpg
Tomato___Septoria_leaf_spot/9.jpg,Tomato___Septoria_leaf_spot,Tomato_Septoria_leaf_spot,0.4901,Tomato_Septoria_leaf_spot,True,2.271201410591927,0.6230652042721475,0.1013743078451329,0.2168551235143601,uncertainty_score,19.340477990616534,0.4875209246222815,0.5,0.1987852046469433,2.773219656214978,6,9,9.jpg
Tomato___Septoria_leaf_spot/10.jpg,Tomato___Septoria_leaf_spot,Tomato_Early_blight,0.5808,Tomato_Septoria_leaf_spot,False,2.311540652164341,0.503033108263732,0.3568284269113116,0.5171109474458033,outlier_score,39.39409669073172,0.529282803951983,0.7,0.4657131983916445,3.457135405491433,12,10,10.jpg
Tomato___Septoria_leaf_spot/11.jpg,Tomato___Septoria_leaf_spot,Tomato_Septoria_leaf_spot,0.6969,Tomato_Septoria_leaf_spot,True,1.9285361977845792,0.3608154112269673,0.2772529187839251,0.3468100799835685,uncertainty_score,19.73213328334267,0.1327709910604891,0.5,0.2039984164412954,2.0715396067829213,0,11,11.jpg
Tomato___Septoria_leaf_spot/12.jpg,Tomato___Septoria_leaf_spot,Tomato_Septoria_leaf_spot,0.6903,Tomato_Septoria_leaf_spot,True,1.832682257926212,0.3689430108163312,0.5475182406408714,0.6902046817193992,outlier_score,29.083858276229165,0.0335365852163526,0.7,0.3284765581538948,2.2597880076635475,0,12,12.jpg
Tomato___Septoria_leaf_spot/13.jpg,Tomato___Septoria_leaf_spot,Tomato_Septoria_leaf_spot,0.5949,Tomato_Septoria_leaf_spot,True,2.3262059104824817,0.478977949474723,0.4593377409597725,0.4992219654800854,outlier_score,29.489052051473184,0.5444652596538748,0.7,0.3338699768241673,3.2897354845440003,12,13,13.jpg
Tomato___Septoria_leaf_spot/14.jpg,Tomato___Septoria_leaf_spot,Tomato_Septoria_leaf_spot,0.794,Tomato_Septoria_leaf_spot,True,1.8535407825049164,0.2381343378594793,0.5166478730371832,0.4550093878957141,density_score,16.49816229294075,0.0551307241365835,1.2,0.1609519518003979,2.551689375973764,3,14,14.jpg
Tomato___Septoria_leaf_spot/15.jpg,Tomato___Septoria_leaf_spot,Tomato_Late_blight,0.5077,Tomato_Septoria_leaf_spot,False,2.2209436987095925,0.5964422022460851,0.3102418274968743,0.5344606863384231,uncertainty_score,13.30181988051342,0.4354907818331749,0.5,0.1184063504189662,2.548591089294799,3,15,15.jpg
Tomato___Septoria_leaf_spot/16.jpg,Tomato___Septoria_leaf_spot,Tomato_Septoria_leaf_spot,0.3573,Tomato_Septoria_leaf_spot,True,2.3829504805740416,0.7857764347050986,0.2930020665195273,0.3938285256623782,uncertainty_score,13.785387942387116,0.6032110316715638,0.5,0.1248429868448007,2.8936865436103285,6,16,16.jpg
Tomato___Septoria_leaf_spot/17.jpg,Tomato___Septoria_leaf_spot,Tomato_Septoria_leaf_spot,0.3052,Tomato_Septoria_leaf_spot,True,2.5331142426993383,0.8581029231412325,0.2561855490686221,0.2780113071288075,uncertainty_score,42.185439413247934,0.7586705958359816,0.5,0.5028679645172638,3.771643138447859,12,17,17.jpg
Tomato___Septoria_leaf_spot/18.jpg,Tomato___Septoria_leaf_spot,Tomato_Septoria_leaf_spot,0.5949,Tomato_Septoria_leaf_spot,True,2.0143393082438914,0.4825964722026591,0.34767211102228,0.5319040684026064,outlier_score,16.67206272461633,0.2216001064686798,0.7,0.163266690802503,2.388100249141114,3,18,18.jpg
Tomato___Septoria_leaf_spot/19.jpg,Tomato___Septoria_leaf_spot,Tomato_Septoria_leaf_spot,0.6185,Tomato_Septoria_leaf_spot,True,2.245509256162861,0.4683837395692222,0.3590149364177538,0.3714604792413365,uncertainty_score,38.30012589652112,0.4609226889796843,0.5,0.4511516654493503,3.098572876133394,12,19,19.jpg
Tomato___Septoria_leaf_spot/20.jpg,Tomato___Septoria_leaf_spot,Tomato_Septoria_leaf_spot,0.5413,Tomato_Septoria_leaf_spot,True,2.218051296956416,0.5674497587294367,0.52753790323098,0.5560058815316358,uncertainty_score,13.763377242578173,0.4324963741973163,0.5,0.1245500087031108,2.551817761449299,3,20,20.jpg
Tomato___Septoria_leaf_spot/21.jpg,Tomato___Septoria_leaf_spot,Tomato_Septoria_leaf_spot,0.7432,Tomato_Septoria_leaf_spot,True,1.989226423829796,0.3007580572353201,0.4897557452191152,0.4715285400551053,density_score,15.688938651715972,0.1956015698665592,1.2,0.1501806069237911,2.816474050118805,6,21,21.jpg
Tomato___Septoria_leaf_spot/22.jpg,Tomato___Septoria_leaf_spot,Tomato_Septoria_leaf_spot,0.7074,Tomato_Septoria_leaf_spot,True,1.9720966559765127,0.3635004481958261,0.4122440428203981,0.3884707552602913,density_score,19.50749257724135,0.1778676891551324,1.2,0.2010082881313024,2.8572478105072183,6,22,22.jpg
Tomato___Septoria_leaf_spot/23.jpg,Tomato___Septoria_leaf_spot,Tomato_Tomato_yellow_Leaf_Curl_Virus,0.4425,Tomato_Septoria_leaf_spot,False,2.3484753981459576,0.6765928131867629,0.246990404643462,0.4935318288932718,uncertainty_score,18.024190719185807,0.567520121874496,0.5,0.1812644805417884,2.9069369645616745,6,23,23.jpg
Tomato___Septoria_leaf_spot/24.jpg,Tomato___Septoria_leaf_spot,Tomato_Septoria_leaf_spot,0.4473,Tomato_Septoria_leaf_spot,True,2.3518567795693066,0.669840060113143,0.2929111326221626,0.3007333270772509,uncertainty_score,16.19107478224304,0.5710207539504882,0.5,0.156864397610783,2.877338104317151,6,24,24.jpg
Tomato___Septoria_leaf_spot/25.jpg,Tomato___Septoria_leaf_spot,Tomato_Tomato_mosaic_virus,0.5059,Tomato_Septoria_leaf_spot,False,2.2665228115934086,0.5999005996166302,0.4962600419672365,0.5880174231169093,uncertainty_score,15.141933285803535,0.4826773262006937,0.5,0.1428995746535528,2.679704014381717,3,25,25.jpg
Tomato___Septoria_leaf_spot/26.jpg,Tomato___Septoria_leaf_spot,Tomato_Septoria_leaf_spot,0.7586,Tomato_Septoria_leaf_spot,True,1.9892545509614168,0.2815792217434718,0.2501793543985978,0.1482607992307728,uncertainty_score,19.67080836493857,0.1956306889533553,0.5,0.2031821379590447,2.1960345848452776,0,26,26.jpg
Tomato___Septoria_leaf_spot/27.jpg,Tomato___Septoria_leaf_spot,Tomato_Early_blight,0.3275,Tomato_Septoria_leaf_spot,False,2.5052890652923985,0.8263216973849468,0.2953297688815468,0.3194934865167656,uncertainty_score,23.08301310094034,0.7298641122259671,0.5,0.2486010211066478,3.3326297561119063,12,27,27.jpg
Tomato___Septoria_leaf_spot/28.jpg,Tomato___Septoria_leaf_spot,Tomato_Septoria_leaf_spot,0.6031,Tomato_Septoria_leaf_spot,True,2.0931123705445533,0.4851929118925554,0.3809288357122429,0.5843883787388429,outlier_score,14.488300994971006,0.3031512461034164,0.7,0.1341992618248423,2.507601384944097,3,28,28.jpg
Tomato___Septoria_leaf_spot/29.jpg,Tomato___Septoria_leaf_spot,Tomato_Septoria_leaf_spot,0.5229,Tomato_Septoria_leaf_spot,True,2.2631043871306424,0.5740145289192529,0.5628474906650026,0.6830626566454432,outlier_score,27.20498841697955,0.4791383446941755,0.7,0.3034674578245858,3.1134778761252293,12,29,29.jpg
Tomato___Septoria_leaf_spot/30.jpg,Tomato___Septoria_leaf_spot,Tomato_Late_blight,0.5787,Tomato_Septoria_leaf_spot,False,2.141012257777024,0.5032031352352857,0.2333223671970992,0.5927368008198202,outlier_score,26.4471589178825,0.3527404112075199,0.7,0.2933802057021863,2.8455511309683192,6,30,30.jpg
Tomato___Septoria_leaf_spot/31.jpg,Tomato___Septoria_leaf_spot,Tomato_Septoria_leaf_spot,0.6995,Tomato_Septoria_leaf_spot,True,2.001795105327046,0.3633735745277872,0.3356553206109285,0.2762521247312694,uncertainty_score,36.2883165015906,0.2086135090989656,0.5,0.4243730449112795,2.5537865855648505,3,31,31.jpg
Tomato___Septoria_leaf_spot/32.jpg,Tomato___Septoria_leaf_spot,Tomato_Septoria_leaf_spot,0.6087,Tomato_Septoria_leaf_spot,True,2.373289419486759,0.480129344638021,0.7162716117621061,0.7238843866820295,outlier_score,29.36197954925405,0.5932092554458084,0.7,0.3321785510229338,3.3846863374260177,12,32,32.jpg
Tomato___Septoria_leaf_spot/33.jpg,Tomato___Septoria_leaf_spot,Tomato_Septoria_leaf_spot,0.7435,Tomato_Septoria_leaf_spot,True,1.8040947048802456,0.3128702437060648,0.3232358492421255,0.3546709262650998,outlier_score,9.730853147805568,0.0039408393842465,0.7,0.0708742316555181,1.8141930262517705,0,33,33.jpg
Tomato___Septoria_leaf_spot/34.jpg,Tomato___Septoria_leaf_spot,Tomato_Septoria_leaf_spot,0.4737,Tomato_Septoria_leaf_spot,True,2.173712293410386,0.6320788505437797,0.4476978963234365,0.4507180964246438,uncertainty_score,15.201690738297502,0.3865936739106856,0.5,0.1436949890445433,2.4887298313881865,3,34,34.jpg
Tomato___Septoria_leaf_spot/35.jpg,Tomato___Septoria_leaf_spot,Tomato_Septoria_leaf_spot,0.7893,Tomato_Septoria_leaf_spot,True,1.948861066356994,0.2548468586057626,0.3592035389623336,0.3274031908668121,density_score,29.21898901008417,0.1538126536110733,1.2,0.3302752447760234,3.0030381743861816,6,35,35.jpg
Tomato___Septoria_leaf_spot/36.jpg,Tomato___Septoria_leaf_spot,Tomato_Septoria_leaf_spot,0.661,Tomato_Septoria_leaf_spot,True,1.955113797186982,0.4026898547691826,0.3017093395830736,0.2900557197409045,uncertainty_score,18.50281435670729,0.1602858985265562,0.5,0.1876353031465718,2.10202475177297,0,36,36.jpg
Tomato___Septoria_leaf_spot/37.jpg,Tomato___Septoria_leaf_spot,Tomato_Septoria_leaf_spot,0.5218,Tomato_Septoria_leaf_spot,True,1.8545872742264808,0.5809361266821383,0.1279135568552445,0.5607032170770399,uncertainty_score,4.406253066171723,0.0562141223188982,0.5,0.0,1.6124282446377964,0,37,37.jpg
Tomato___Septoria_leaf_spot/38.jpg,Tomato___Septoria_leaf_spot,Tomato_Septoria_leaf_spot,0.6524,Tomato_Septoria_leaf_spot,True,2.1347607471728187,0.4186978830570598,0.4443757753101904,0.5185787993897999,outlier_score,14.298731947089902,0.3462684295513326,0.7,0.131675962345397,2.5900508026207607,3,38,38.jpg
Tomato___Septoria_leaf_spot/39.jpg,Tomato___Septoria_leaf_spot,Tomato_Septoria_leaf_spot,0.6169,Tomato_Septoria_leaf_spot,True,1.8017628610463323,0.4578243330985764,0.2484258439141891,0.6277118007058657,outlier_score,5.559762394081459,0.0015267587765885,0.7,0.0153540333677021,1.7260845676047305,0,39,39.jpg
Tomato___Septoria_leaf_spot/40.jpg,Tomato___Septoria_leaf_spot,Tomato_Early_blight,0.2613,Tomato_Septoria_leaf_spot,False,2.629919830951551,0.892314699603869,0.3366349868988006,0.3460321567254394,uncertainty_score,11.375550489225851,0.858890211709829,0.5,0.0927663284500003,3.3569299160946584,12,40,40.jpg
Tomato___Septoria_leaf_spot/41.jpg,Tomato___Septoria_leaf_spot,Tomato_Early_blight,0.2851,Tomato_Septoria_leaf_spot,False,2.579724598233473,0.8650874774359578,0.2889151414410291,0.2647414490427249,uncertainty_score,13.66749949243881,0.8069247515279458,0.5,0.1232738073415426,3.298760214068205,12,41,41.jpg
Tomato___Septoria_leaf_spot/42.jpg,Tomato___Septoria_leaf_spot,Tomato_Septoria_leaf_spot,0.8106,Tomato_Septoria_leaf_spot,True,1.9011522670334349,0.2291508397861931,0.4731702364602944,0.5759290669109591,outlier_score,24.47425389349097,0.1044213154834389,0.7,0.2671194301342013,2.30952177616818,0,42,42.jpg
Tomato___Septoria_leaf_spot/43.jpg,Tomato___Septoria_leaf_spot,Tomato_Late_blight,0.4075,Tomato_Septoria_leaf_spot,False,2.541938333491882,0.7145989029750435,0.4681565674878095,0.7240967502415081,outlier_score,22.4042582263827,0.7678058844658142,0.7,0.2395663087377991,3.594961232038327,12,43,43.jpg
Tomato___Septoria_leaf_spot/44.jpg,Tomato___Septoria_leaf_spot,Tomato_Septoria_leaf_spot,0.7265,Tomato_Septoria_leaf_spot,True,2.071435649577662,0.319500482777583,0.4314341143395938,0.3615979807004295,density_score,34.70704181387714,0.2807100555902564,1.2,0.4033251489548152,3.366407834612736,12,44,44.jpg
Tomato___Septoria_leaf_spot/45.jpg,Tomato___Septoria_leaf_spot,Tomato_Late_blight,0.4704,Tomato_Septoria_leaf_spot,False,2.4503018832064107,0.6391073709610928,0.3723872772125911,0.4644896837488726,uncertainty_score,30.98582629158744,0.6729377057432603,0.5,0.3537931114452596,3.3765650786544104,12,45,45.jpg
Tomato___Septoria_leaf_spot/46.jpg,Tomato___Septoria_leaf_spot,Tomato_Septoria_leaf_spot,0.6228,Tomato_Septoria_leaf_spot,True,2.056256906894502,0.4493348812364189,0.2545859030135573,0.1052234825647668,uncertainty_score,22.97794075185489,0.2649960065501226,0.5,0.2472024330633207,2.4007956626952263,3,46,46.jpg
Tomato___Septoria_leaf_spot/47.jpg,Tomato___Septoria_leaf_spot,Tomato_Septoria_leaf_spot,0.5108,Tomato_Septoria_leaf_spot,True,2.181674768758312,0.5861136363921858,0.3495209038163894,0.2440704956380125,uncertainty_score,18.1319749118204,0.3948369606380495,0.5,0.1826991651604392,2.563722669016758,3,47,47.jpg
Tomato___Septoria_leaf_spot/48.jpg,Tomato___Septoria_leaf_spot,Tomato_Early_blight,0.5919,Tomato_Septoria_leaf_spot,False,2.1657575191101754,0.4850375156643166,0.2220881246611749,0.5150491396003174,outlier_score,14.542704343237654,0.378358359822689,0.7,0.1349234092629168,2.6591018335397534,3,48,48.jpg
Tomato___Septoria_leaf_spot/49.jpg,Tomato___Septoria_leaf_spot,Tomato_Septoria_leaf_spot,0.3988,Tomato_Septoria_leaf_spot,True,2.654966587678783,0.739223700148975,0.5299602619397722,0.3755877971781893,uncertainty_score,42.2072938276105,0.8848202885102409,0.5,0.5031588623879922,4.024378870602471,12,49,49.jpg
Tomato___Septoria_leaf_spot/50.jpg,Tomato___Septoria_leaf_spot,Tomato_Septoria_leaf_spot,0.5015,Tomato_Septoria_leaf_spot,True,2.275048361573909,0.6081906152353181,0.2288506817865991,0.3402258273646781,uncertainty_score,16.462494218204785,0.4915035454261061,0.5,0.1604771842398701,2.7237228672120173,6,50,50.jpg
Tomato___Septoria_leaf_spot/51.jpg,Tomato___Septoria_leaf_spot,Tomato_Septoria_leaf_spot,0.317,Tomato_Septoria_leaf_spot,True,2.5509733075089507,0.8345302833110436,0.371453242716579,0.4781577782567439,uncertainty_score,24.84869043490293,0.7771594935060455,0.5,0.2721034480453041,3.462474159080047,12,51,51.jpg
Tomato___Septoria_leaf_spot/52.jpg,Tomato___Septoria_leaf_spot,Tomato_Septoria_leaf_spot,0.8667,Tomato_Septoria_leaf_spot,True,1.89310874891882,0.155813573886399,0.4710002708537432,0.4188125697487575,density_score,21.14160934231892,0.0960941278667405,1.2,0.2227595498945588,2.7263275805753198,6,52,52.jpg
Tomato___Septoria_leaf_spot/53.jpg,Tomato___Septoria_leaf_spot,Tomato_Tomato_yellow_Leaf_Curl_Virus,0.4938,Tomato_Septoria_leaf_spot,False,2.1104838918360995,0.6148094748398137,0.1419525329196044,0.4350589088812041,uncertainty_score,23.74396238058493,0.3211354061340056,0.5,0.2573987282846308,2.5283689046949576,3,53,53.jpg
Tomato___Septoria_leaf_spot/54.jpg,Tomato___Septoria_leaf_spot,Tomato_Tomato_yellow_Leaf_Curl_Virus,0.3241,Tomato_Septoria_leaf_spot,False,2.293885983822622,0.8201371048433894,0.1496423017575269,0.4941265106422038,uncertainty_score,24.67761940806089,0.5110055111682492,0.5,0.2698263704432188,2.9267505780013265,6,54,54.jpg
Tomato___Septoria_leaf_spot/55.jpg,Tomato___Septoria_leaf_spot,Tomato_Tomato_yellow_Leaf_Curl_Virus,0.3249,Tomato_Septoria_leaf_spot,False,2.4150825907718767,0.8226653416237923,0.1082626605244325,0.4019971950637755,uncertainty_score,33.59006936480661,0.6364763400012157,0.5,0.3884574475510386,3.355638851328989,12,55,55.jpg
Tomato___Septoria_leaf_spot/56.jpg,Tomato___Septoria_leaf_spot,Tomato_Septoria_leaf_spot,0.5177,Tomato_Septoria_leaf_spot,True,2.326654651539584,0.5796923657150846,0.3614539338454247,0.5360501828214315,uncertainty_score,29.93429015230645,0.544929826392031,0.5,0.3397964140807729,3.099554273905221,12,56,56.jpg
Tomato___Septoria_leaf_spot/57.jpg,Tomato___Septoria_leaf_spot,Tomato_Septoria_leaf_spot,0.8037,Tomato_Septoria_leaf_spot,True,1.999097596951928,0.2307329551655649,0.2809739095284482,0.2652609731442132,density_score,25.0335239276208,0.2058208681156115,1.2,0.2745637139018461,3.0234873070839923,6,57,57.jpg
Tomato___Septoria_leaf_spot/58.jpg,Tomato___Septoria_leaf_spot,Tomato_Septoria_leaf_spot,0.5856,Tomato_Septoria_leaf_spot,True,2.132840378579523,0.4985300167063877,0.2893471820683999,0.2279543836385906,uncertainty_score,39.77136696573965,0.3442803356175933,0.5,0.470734935321688,2.894663074217718,6,58,58.jpg
Tomato___Septoria_leaf_spot/59.jpg,Tomato___Septoria_leaf_spot,Tomato_Septoria_leaf_spot,0.5681,Tomato_Septoria_leaf_spot,True,2.1804792366295462,0.5223006888198288,0.3059015550463986,0.2407484246559742,uncertainty_score,48.18955921495508,0.3935992658636779,0.5,0.5827870891819467,3.161379165500276,12,59,59.jpg
Tomato___Septoria_leaf_spot/60.jpg,Tomato___Septoria_leaf_spot,Tomato_Late_blight,0.3861,Tomato_Septoria_leaf_spot,False,2.422250862930081,0.7503045670013043,0.3005196118711988,0.4993513123006981,uncertainty_score,18.698851916946847,0.6438974144985139,0.5,0.190244703147433,3.0731618837181776,6,60,60.jpg
Tomato___Septoria_leaf_spot/61.jpg,Tomato___Septoria_leaf_spot,Tomato_Septoria_leaf_spot,0.8321,Tomato_Septoria_leaf_spot,True,1.855009289587904,0.1909589838933989,0.4730524502584969,0.4958877908722476,outlier_score,24.32716481272231,0.0566510208304232,0.7,0.2651615693700936,2.211044395715987,0,61,61.jpg
Tomato___Septoria_leaf_spot/62.jpg,Tomato___Septoria_leaf_spot,Tomato_Septoria_leaf_spot,0.8009,Tomato_Septoria_leaf_spot,True,1.840629072403958,0.2303716940339154,0.4081091156197609,0.5447780444747297,outlier_score,14.863564597940686,0.0417636587640641,0.7,0.1391942885162359,1.992318750302482,0,62,62.jpg
Tomato___Septoria_leaf_spot/63.jpg,Tomato___Septoria_leaf_spot,Tomato_Septoria_leaf_spot,0.4704,Tomato_Septoria_leaf_spot,True,2.371907834217418,0.6365610304831537,0.3251272493713997,0.2183034844379069,uncertainty_score,19.1459960129703,0.5917789460236956,0.5,0.1961965105619045,2.977852657890248,6,63,63.jpg
Tomato___Septoria_leaf_spot/64.jpg,Tomato___Septoria_leaf_spot,Tomato_Septoria_leaf_spot,0.7443,Tomato_Septoria_leaf_spot,True,1.9763520902244829,0.3082990231318702,0.6439808955126428,0.684998530194697,outlier_score,39.82383835323154,0.1822731991407425,0.7,0.4714333669814128,2.7716964487536044,6,64,64.jpg
Tomato___Septoria_leaf_spot/65.jpg,Tomato___Septoria_leaf_spot,Tomato_Early_blight,0.3745,Tomato_Septoria_leaf_spot,False,2.5362139703848987,0.758173837910724,0.3195747261835561,0.4780288584133648,uncertainty_score,35.88189148815346,0.7618796411356293,0.5,0.418963237580904,3.652204138642615,12,65,65.jpg
Tomato___Septoria_leaf_spot/66.jpg,Tomato___Septoria_leaf_spot,Tomato_Leaf_Mold,0.4684,Tomato_Septoria_leaf_spot,False,2.362531854985982,0.6480916079608091,0.364211779011771,0.638805131288011,uncertainty_score,33.89293556285947,0.5820723055912493,0.5,0.3924888130531099,3.252877830762164,12,66,66.jpg
Tomato___Septoria_leaf_spot/67.jpg,Tomato___Septoria_leaf_spot,Tomato_Septoria_leaf_spot,0.8786,Tomato_Septoria_leaf_spot,True,1.942286911994328,0.1333174020795015,0.5558428454461687,0.5892201835801236,outlier_score,22.48523565024351,0.1470066495691867,0.7,0.2406441761099186,2.3549795633032518,3,67,67.jpg
Tomato___Septoria_leaf_spot/68.jpg,Tomato___Septoria_leaf_spot,Tomato_Septoria_leaf_spot,0.9253,Tomato_Septoria_leaf_spot,True,1.8526598576858653,0.0786427576675255,0.4564599087619835,0.5721670783006401,outlier_score,26.16318605924796,0.0542187318789772,0.7,0.2896003240475684,2.2428379498293074,0,68,68.jpg
Tomato___Septoria_leaf_spot/69.jpg,Tomato___Septoria_leaf_spot,Tomato_Septoria_leaf_spot,0.4574,Tomato_Septoria_leaf_spot,True,2.2892124111347067,0.6521959748165006,0.2857686732856449,0.352743655413995,uncertainty_score,37.90673968525697,0.5061671163193788,0.5,0.4459154138924697,3.181207353477462,12,69,69.jpg
Tomato___Septoria_leaf_spot/70.jpg,Tomato___Septoria_leaf_spot,Tomato_Leaf_Mold,0.2296,Tomato_Septoria_leaf_spot,False,2.4357932605412635,0.938634746227171,0.1504014464591606,0.4235562322398766,uncertainty_score,24.16477412710841,0.6579174097395695,0.5,0.2630000333120905,3.210334869447274,12,70,70.jpg
Tomato___Septoria_leaf_spot/71.jpg,Tomato___Septoria_leaf_spot,Tomato_Leaf_Mold,0.4814,Tomato_Septoria_leaf_spot,False,2.241142612218966,0.6186853656433349,0.3413991017637945,0.5705535334957688,uncertainty_score,28.976124857370813,0.4564020472831034,0.5,0.327042549370485,2.9033679186219343,6,71,71.jpg
Tomato___Septoria_leaf_spot/72.jpg,Tomato___Septoria_leaf_spot,Tomato_Septoria_leaf_spot,0.7318,Tomato_Septoria_leaf_spot,True,1.9795247834745897,0.3195847942832513,0.3585992597794524,0.3520858484601942,density_score,17.80042866872721,0.1855577832701508,1.2,0.1782860477662231,2.8385446381896364,6,72,72.jpg
Tomato___Septoria_leaf_spot/73.jpg,Tomato___Septoria_leaf_spot,Tomato_Septoria_leaf_spot,0.6287,Tomato_Septoria_leaf_spot,True,2.235901997814591,0.4480923025516533,0.3408959519639991,0.4707194356794239,outlier_score,17.128833004111037,0.4509766129457688,0.7,0.169346629597142,2.8559731702872506,6,73,73.jpg
Tomato___Septoria_leaf_spot/74.jpg,Tomato___Septoria_leaf_spot,Tomato_Septoria_leaf_spot,0.4914,Tomato_Septoria_leaf_spot,True,2.2184680374871286,0.6174595605885314,0.1800074987327705,0.4415384075495976,uncertainty_score,9.594166143327373,0.4329278118514968,0.5,0.0690548299593979,2.4694378686420904,3,74,74.jpg
Tomato___Septoria_leaf_spot/75.jpg,Tomato___Septoria_leaf_spot,Tomato_Septoria_leaf_spot,0.6219,Tomato_Septoria_leaf_spot,True,2.048495046549429,0.4580686960689927,0.225864363907484,0.464150643215906,outlier_score,9.993463297463329,0.2569604098837094,0.7,0.0743697603894288,2.325475460351562,3,75,75.jpg
Tomato___Septoria_leaf_spot/76.jpg,Tomato___Septoria_leaf_spot,Tomato_Septoria_leaf_spot,0.6694,Tomato_Septoria_leaf_spot,True,2.043939675238101,0.3840599677222157,0.3752508865676821,0.4022132381748615,outlier_score,25.941544979265338,0.2522443850009865,0.7,0.2866501229045284,2.6344639543587656,3,76,76.jpg
Tomato___Septoria_leaf_spot/77.jpg,Tomato___Septoria_leaf_spot,Tomato_Septoria_leaf_spot,0.2116,Tomato_Septoria_leaf_spot,True,2.5287459941743715,0.9651673775508388,0.2415003037119354,0.3330936798120708,uncertainty_score,22.690196389422216,0.7541482929698177,0.5,0.2433723499983096,3.3733551109371,12,77,77.jpg
Tomato___Septoria_leaf_spot/78.jpg,Tomato___Septoria_leaf_spot,Tomato_Bacterial_spot,0.3234,Tomato_Septoria_leaf_spot,False,2.3617469826430826,0.8288493430242058,0.149642054607635,0.3171532243857328,uncertainty_score,32.3141743507687,0.5812597532775289,0.5,0.371474373253129,3.219731066434752,12,78,78.jpg
Tomato___Septoria_leaf_spot/79.jpg,Tomato___Septoria_leaf_spot,Tomato_Bacterial_spot,0.5184,Tomato_Septoria_leaf_spot,False,2.1596480879875983,0.5929305282799338,0.1721334716789401,0.4015505119170527,uncertainty_score,29.912686900557446,0.3720334683431063,0.5,0.3395088593638933,2.7533302257320527,6,79,79.jpg
Tomato___Septoria_leaf_spot/80.jpg,Tomato___Septoria_leaf_spot,Tomato_Early_blight,0.324,Tomato_Septoria_leaf_spot,False,2.701130645941797,0.8292182150980848,0.4658983717992131,0.4690363217105974,uncertainty_score,22.826316131652234,0.9326124074346506,0.5,0.2451842010285825,3.7330011164121752,12,80,80.jpg
Tomato___Septoria_leaf_spot/81.jpg,Tomato___Septoria_leaf_spot,Tomato_Early_blight,0.2944,Tomato_Septoria_leaf_spot,False,2.582420639321165,0.8597615912987571,0.2707953204668258,0.2131611588492166,uncertainty_score,26.03248877149232,0.8097158734772761,0.5,0.2878606497608381,3.551222721595809,12,81,81.jpg
Tomato___Septoria_leaf_spot/82.jpg,Tomato___Septoria_leaf_spot,Tomato_Septoria_leaf_spot,0.7889,Tomato_Septoria_leaf_spot,True,1.8314275353012952,0.247412593685711,0.507871693997838,0.565728600837726,outlier_score,18.344944615020125,0.0322376124838097,0.7,0.1855339440825687,2.0427761410914727,0,82,82.jpg
Tomato___Septoria_leaf_spot/83.jpg,Tomato___Septoria_leaf_spot,Tomato_Septoria_leaf_spot,0.6963,Tomato_Septoria_leaf_spot,True,2.035027615654303,0.3605696442963341,0.4981812786954728,0.6469124501121348,outlier_score,21.867952821530302,0.2430180251982232,0.7,0.2324277005946779,2.534677601288464,3,83,83.jpg
Tomato___Septoria_leaf_spot/84.jpg,Tomato___Septoria_leaf_spot,Tomato_Septoria_leaf_spot,0.798,Tomato_Septoria_leaf_spot,True,1.846376714276083,0.2408134634168977,0.2774495936476653,0.3704824137034814,outlier_score,8.998885653700901,0.0477140018279795,0.7,0.0611312212986605,1.88712483560395,0,84,84.jpg
Tomato___Septoria_leaf_spot/85.jpg,Tomato___Septoria_leaf_spot,Tomato_Septoria_leaf_spot,0.6337,Tomato_Septoria_leaf_spot,True,2.0200625231519664,0.4450023338991293,0.2414098159687713,0.3453960936627264,uncertainty_score,8.600290578434073,0.2275251611066041,0.5,0.0558256360400318,2.038788776273256,0,85,85.jpg
Tomato___Septoria_leaf_spot/86.jpg,Tomato___Septoria_leaf_spot,Tomato_Leaf_Mold,0.5076,Tomato_Septoria_leaf_spot,False,2.259124163374257,0.5852220477616922,0.4569150014777524,0.5165343435895633,uncertainty_score,12.46567001792433,0.4750177510057448,0.5,0.107276598296496,2.6109503994562338,3,86,86.jpg
Tomato___Septoria_leaf_spot/87.jpg,Tomato___Septoria_leaf_spot,Tomato_Septoria_leaf_spot,0.759,Tomato_Septoria_leaf_spot,True,2.0600042134497363,0.2826926360882653,0.4254235360517739,0.5160513479556934,outlier_score,15.591055899209277,0.2688754687827024,0.7,0.148877717548086,2.461067513887534,3,87,87.jpg
Tomato___Septoria_leaf_spot/88.jpg,Tomato___Septoria_leaf_spot,Tomato_Septoria_leaf_spot,0.4781,Tomato_Septoria_leaf_spot,True,2.365516725881053,0.6295622149083284,0.4428164103921143,0.4871713688087598,uncertainty_score,42.79131321306984,0.5851624434638446,0.5,0.5109325777059054,3.436723753486548,12,88,88.jpg
Tomato___Septoria_leaf_spot/89.jpg,Tomato___Septoria_leaf_spot,Tomato_Septoria_leaf_spot,0.7105,Tomato_Septoria_leaf_spot,True,1.910891041179806,0.3363320445717467,0.4215736645861442,0.5681291942437605,outlier_score,30.1883221839351,0.1145035454626484,0.7,0.3431777619344217,2.443773733826929,3,89,89.jpg
Tomato___Septoria_leaf_spot/90.jpg,Tomato___Septoria_leaf_spot,Tomato_Septoria_leaf_spot,0.51,Tomato_Septoria_leaf_spot,True,2.181618435309955,0.5954270651164877,0.3577986823268194,0.5255470545394945,uncertainty_score,30.77487508030693,0.3947786404867329,0.5,0.3509852000928414,2.8160350811127275,6,90,90.jpg
Tomato___Septoria_leaf_spot/91.jpg,Tomato___Septoria_leaf_spot,Tomato_Septoria_leaf_spot,0.4257,Tomato_Septoria_leaf_spot,True,2.340165814909223,0.695656819511382,0.3360386231281267,0.3744080039498259,uncertainty_score,42.17247226522536,0.5589174858584056,0.5,0.5026953625117097,3.371878015484376,12,91,91.jpg
Tomato___Septoria_leaf_spot/92.jpg,Tomato___Septoria_leaf_spot,Tomato_Septoria_leaf_spot,0.6287,Tomato_Septoria_leaf_spot,True,2.0046673085347138,0.4421154222295819,0.4459959617932182,0.4747859843466035,outlier_score,41.32129580754857,0.2115870058503527,0.7,0.4913655956717188,2.860222405208284,6,92,92.jpg
Tomato___Septoria_leaf_spot/93.jpg,Tomato___Septoria_leaf_spot,Tomato_Septoria_leaf_spot,0.7531,Tomato_Septoria_leaf_spot,True,2.096394207042308,0.2865464329915281,0.4658278919123966,0.545582542698763,outlier_score,19.247151353844103,0.3065488226184086,0.7,0.1975429604271276,2.6094120858775085,3,93,93.jpg
Tomato___Septoria_leaf_spot/94.jpg,Tomato___Septoria_leaf_spot,Tomato_Leaf_Mold,0.239,Tomato_Septoria_leaf_spot,False,2.4938920990734084,0.9297901663227334,0.1702217355896949,0.1548210233024192,uncertainty_score,23.479321769948555,0.718065210972265,0.5,0.2538761726642761,3.316944680940944,12,94,94.jpg
Tomato___Septoria_leaf_spot/95.jpg,Tomato___Septoria_leaf_spot,Tomato_Early_blight,0.2644,Tomato_Septoria_leaf_spot,False,2.597895605968108,0.9000692152387024,0.5874635190130003,0.5615259999692306,uncertainty_score,41.394293133539705,0.8257365933656426,0.5,0.4923372422391998,3.889979050090085,12,95,95.jpg
Tomato___Septoria_leaf_spot/96.jpg,Tomato___Septoria_leaf_spot,Tomato_Septoria_leaf_spot,0.3367,Tomato_Septoria_leaf_spot,True,2.478212134750888,0.8072606467660479,0.1680097795095196,0.1185752657278045,uncertainty_score,23.815881177271105,0.7018322637871863,0.5,0.2583560188564248,3.29119855585901,12,96,96.jpg
Tomato___Septoria_leaf_spot/97.jpg,Tomato___Septoria_leaf_spot,Tomato_Septoria_leaf_spot,0.6817,Tomato_Septoria_leaf_spot,True,1.954492208295885,0.3758153960789756,0.5070070994088816,0.5288299180053926,outlier_score,31.33697922118694,0.1596423881567324,0.7,0.358467207846376,2.556985588083029,3,97,97.jpg
Tomato___Septoria_leaf_spot/98.jpg,Tomato___Septoria_leaf_spot,Tomato_Septoria_leaf_spot,0.7285,Tomato_Septoria_leaf_spot,True,1.9286629505559525,0.3242885043663532,0.3859704551145225,0.4082234623891138,outlier_score,14.753893407759138,0.1329022140021326,0.7,0.1377344866119249,2.1724061579221523,0,98,98.jpg
Tomato___Septoria_leaf_spot/99.jpg,Tomato___Septoria_leaf_spot,Tomato_Leaf_Mold,0.4171,Tomato_Septoria_leaf_spot,False,2.40872756034795,0.7141997349175325,0.3038592987330706,0.2787853480542193,uncertainty_score,34.283498471270875,0.6298971877079287,0.5,0.3976874844316951,3.3563256020634,12,99,99.jpg
Tomato___Septoria_leaf_spot/100.jpg,Tomato___Septoria_leaf_spot,Tomato_Septoria_leaf_spot,0.7056,Tomato_Septoria_leaf_spot,True,2.0869350809105205,0.3473049542726463,0.4089235380317723,0.3361661000059805,density_score,33.00817854549841,0.2967561029568107,1.2,0.3807120649695145,3.3645803033678927,12,100,100.jpg
Tomato___Septoria_leaf_spot/101.jpg,Tomato___Septoria_leaf_spot,Tomato_Septoria_leaf_spot,0.8747,Tomato_Septoria_leaf_spot,True,1.8558034108627115,0.1384764386287978,0.4457982529254731,0.4494465595900181,outlier_score,15.554841663107505,0.0574731482566944,0.7,0.1483956801895324,2.0375398167976875,0,101,101.jpg
Tomato___Septoria_leaf_spot/102.jpg,Tomato___Septoria_leaf_spot,Tomato_Septoria_leaf_spot,0.733,Tomato_Septoria_leaf_spot,True,1.95371768616873,0.322828237955296,0.2485656062822306,0.3058150802748616,uncertainty_score,13.456291295224892,0.158840551078205,0.5,0.1204624753227274,1.9983748151405007,0,102,102.jpg
Tomato___Septoria_leaf_spot/103.jpg,Tomato___Septoria_leaf_spot,Tomato_Septoria_leaf_spot,0.3273,Tomato_Septoria_leaf_spot,True,2.341966476108154,0.8111928437635386,0.1749228245504865,0.0954444879520463,uncertainty_score,11.828808702624784,0.560781650695725,0.5,0.0987995191354395,2.7697625800946093,6,103,103.jpg
Tomato___Septoria_leaf_spot/104.jpg,Tomato___Septoria_leaf_spot,Tomato_Septoria_leaf_spot,0.4188,Tomato_Septoria_leaf_spot,True,2.290367203367208,0.708765965521545,0.2450867267629535,0.2664270079209289,uncertainty_score,14.10916208823109,0.5073626344299019,0.5,0.1291526520712588,2.708454246966693,6,104,104.jpg
Tomato___Septoria_leaf_spot/105.jpg,Tomato___Septoria_leaf_spot,Tomato_Septoria_leaf_spot,0.7987,Tomato_Septoria_leaf_spot,True,1.957269350934932,0.2325941630575652,0.4835055661405995,0.4684277502425193,density_score,17.20541471345633,0.162517471853213,1.2,0.1703659868682046,2.780583924008733,6,105,105.jpg
Tomato___Septoria_leaf_spot/106.jpg,Tomato___Septoria_leaf_spot,Tomato_Septoria_leaf_spot,0.7676,Tomato_Septoria_leaf_spot,True,2.035761433582724,0.2749047948714368,0.3221214255350574,0.1972033750677584,density_score,27.45915111180185,0.2437777225693716,1.2,0.3068505448987045,3.1478312624868003,12,106,106.jpg
Tomato___Septoria_leaf_spot/107.jpg,Tomato___Septoria_leaf_spot,Tomato_Leaf_Mold,0.3075,Tomato_Septoria_leaf_spot,False,2.5777768901537628,0.8421995268358499,0.3499286514885288,0.437145406514111,uncertainty_score,30.61303261080016,0.8049083539303775,0.5,0.3488309611829391,3.633063149635164,12,107,107.jpg
Tomato___Septoria_leaf_spot/108.jpg,Tomato___Septoria_leaf_spot,Tomato_Late_blight,0.3971,Tomato_Septoria_leaf_spot,False,2.5397402010353893,0.7282875150916487,0.6336545689058791,0.6581351544297596,uncertainty_score,37.26881325492067,0.7655302308139239,0.5,0.4374241572892209,3.68719669756168,12,108,108.jpg
Tomato___Septoria_leaf_spot/109.jpg,Tomato___Septoria_leaf_spot,Tomato_Septoria_leaf_spot,0.604,Tomato_Septoria_leaf_spot,True,2.1341702894396883,0.480353756594826,0.3732297462527824,0.323062805778104,uncertainty_score,31.927270993564136,0.3456571482371806,0.5,0.3663244131159538,2.740800916148292,6,109,109.jpg
Tomato___Septoria_leaf_spot/110.jpg,Tomato___Septoria_leaf_spot,Tomato_Septoria_leaf_spot,0.925,Tomato_Septoria_leaf_spot,True,1.805159333169044,0.0795770562456758,0.4991499332754151,0.5434467171079063,outlier_score,21.72000795155218,0.0050430137532905,0.7,0.230458448664708,2.055773700503643,0,110,110.jpg
Tomato___Septoria_leaf_spot/111.jpg,Tomato___Septoria_leaf_spot,Tomato_Septoria_leaf_spot,0.6587,Tomato_Septoria_leaf_spot,True,2.069704723685515,0.4103766108503809,0.2356422961631089,0.4053925995669672,uncertainty_score,10.28718602456351,0.2789180854039369,0.5,0.0782794197598657,2.1752553004476725,0,111,111.jpg
Tomato___Septoria_leaf_spot/112.jpg,Tomato___Septoria_leaf_spot,Tomato_Septoria_leaf_spot,0.7256,Tomato_Septoria_leaf_spot,True,1.9721743186709968,0.3252027780382494,0.4068701905739297,0.4896615245882749,outlier_score,9.022895328144331,0.1779480907677814,0.7,0.0614508072210562,2.148072392367148,0,112,112.jpg
Tomato___Septoria_leaf_spot/113.jpg,Tomato___Septoria_leaf_spot,Tomato_Septoria_leaf_spot,0.6018,Tomato_Septoria_leaf_spot,True,2.1089012449813493,0.4766529174625827,0.3729242528143192,0.4256155281507394,uncertainty_score,9.496052662896393,0.3194969443188284,0.5,0.0677488694301593,2.240617192782896,0,113,113.jpg
Tomato___Septoria_leaf_spot/114.jpg,Tomato___Septoria_leaf_spot,Tomato_Spider_mites Two-spotted_spider_mite,0.2153,Tomato_Septoria_leaf_spot,False,2.728803693619541,0.9578759471097152,0.2085193241860168,0.3295715586215829,uncertainty_score,53.33936163449381,0.9612613961799752,0.5,0.6513346390573806,4.399524750946021,12,114,114.jpg
Tomato___Septoria_leaf_spot/115.jpg,Tomato___Septoria_leaf_spot,Tomato_Septoria_leaf_spot,0.7936,Tomato_Septoria_leaf_spot,True,1.858257144742892,0.2419356709862089,0.3087555576039048,0.2709905299139397,density_score,20.344238592311022,0.0600134175879197,1.2,0.2121459754692559,2.638245798379724,3,115,115.jpg
Tomato___Septoria_leaf_spot/116.jpg,Tomato___Septoria_leaf_spot,Tomato_Septoria_leaf_spot,0.5917,Tomato_Septoria_leaf_spot,True,2.0373384601614024,0.4883705172196829,0.4058020529605453,0.5104059960871639,outlier_score,15.595016227485305,0.2454103658990752,0.7,0.1489304323472002,2.414216380318951,3,116,116.jpg
Tomato___Septoria_leaf_spot/117.jpg,Tomato___Septoria_leaf_spot,Tomato_Septoria_leaf_spot,0.7722,Tomato_Septoria_leaf_spot,True,1.9307456571263968,0.2659575780858657,0.2710279361246024,0.3967527521223701,outlier_score,11.972435710540712,0.135058371061207,0.7,0.1007112972361338,2.1211836879766146,0,117,117.jpg
Tomato___Septoria_leaf_spot/118.jpg,Tomato___Septoria_leaf_spot,Tomato_Septoria_leaf_spot,0.602,Tomato_Septoria_leaf_spot,True,2.156713240479422,0.4760254211381876,0.4758600653152957,0.5987746315603946,outlier_score,10.96280005816938,0.3689951180244095,0.7,0.0872723252914317,2.568898723985966,3,118,118.jpg
Tomato___Septoria_leaf_spot/119.jpg,Tomato___Septoria_leaf_spot,Tomato_Tomato_mosaic_virus,0.5352,Tomato_Septoria_leaf_spot,False,2.229972273414578,0.5590721064361454,0.3451563649277686,0.4082134888807932,uncertainty_score,16.514692302563702,0.4448377658777795,0.5,0.1611719780396127,2.631433498814978,3,119,119.jpg
Tomato___Septoria_leaf_spot/120.jpg,Tomato___Septoria_leaf_spot,Tomato_Septoria_leaf_spot,0.4969,Tomato_Septoria_leaf_spot,True,2.2826734152912938,0.6058692039626852,0.3396124572108386,0.3616254797050519,uncertainty_score,15.136002461186274,0.4993975107267744,0.5,0.1428206311401644,2.713025968163796,6,120,120.jpg
Tomato___Septoria_leaf_spot/121.jpg,Tomato___Septoria_leaf_spot,Tomato_Septoria_leaf_spot,0.7061,Tomato_Septoria_leaf_spot,True,2.030627354705669,0.3484674333323949,0.4412853867935161,0.5442124577392404,outlier_score,9.969046245117145,0.2384625809312262,0.7,0.0740447519760651,2.28799228982655,0,121,121.jpg
Tomato___Septoria_leaf_spot/122.jpg,Tomato___Septoria_leaf_spot,Tomato_Early_blight,0.3821,Tomato_Septoria_leaf_spot,False,2.482952981820357,0.7494289391816996,0.4389237357679144,0.3709140472290363,uncertainty_score,24.96471875236898,0.7067403055727596,0.5,0.2736478678561089,3.3239524129296822,12,122,122.jpg
Tomato___Septoria_leaf_spot/123.jpg,Tomato___Septoria_leaf_spot,Tomato_Septoria_leaf_spot,0.6004,Tomato_Septoria_leaf_spot,True,2.2467984884646404,0.4857240522104725,0.3904597478605639,0.3611987989463275,uncertainty_score,28.35807728587009,0.4622573884364953,0.5,0.3188158945823133,2.902738618746461,6,123,123.jpg
Tomato___Septoria_leaf_spot/124.jpg,Tomato___Septoria_leaf_spot,Tomato_Septoria_leaf_spot,0.8234,Tomato_Septoria_leaf_spot,True,1.93042334096056,0.2058066021155316,0.4078228408080994,0.4349850752662266,outlier_score,14.01615730362882,0.1347246878212898,0.7,0.1279146919338,2.16132141354328,0,124,124.jpg
Tomato___Septoria_leaf_spot/125.jpg,Tomato___Septoria_leaf_spot,Tomato_Septoria_leaf_spot,0.5382,Tomato_Septoria_leaf_spot,True,2.1971811201163662,0.5660879912115047,0.3201137642322487,0.1718379235578576,uncertainty_score,14.370538602034392,0.4108901720772518,0.5,0.1326317602304809,2.520727984500225,3,125,125.jpg
Tomato___Septoria_leaf_spot/126.jpg,Tomato___Septoria_leaf_spot,Tomato_Septoria_leaf_spot,0.3857,Tomato_Septoria_leaf_spot,True,2.430038940639438,0.7492891343011349,0.3407969446860502,0.3589578620762224,uncertainty_score,43.7673710991864,0.6519601531329189,0.5,0.5239246055895457,3.5898072146501563,12,126,126.jpg
Tomato___Septoria_leaf_spot/127.jpg,Tomato___Septoria_leaf_spot,Tomato_Tomato_yellow_Leaf_Curl_Virus,0.2244,Tomato_Septoria_leaf_spot,False,2.555428330491324,0.947164247901837,0.2059295545328358,0.3550722269091734,uncertainty_score,18.58849043657318,0.7817716310909067,0.5,0.1887757129874342,3.3467068316629645,12,127,127.jpg
Tomato___Septoria_leaf_spot/128.jpg,Tomato___Septoria_leaf_spot,Tomato_Septoria_leaf_spot,0.7257,Tomato_Septoria_leaf_spot,True,2.0042774424025342,0.3327885967691033,0.2652762067450011,0.1522548765077781,uncertainty_score,53.60055927800167,0.2111833903699379,0.5,0.6548113663251628,2.90458383022762,6,128,128.jpg
Tomato___Septoria_leaf_spot/129.jpg,Tomato___Septoria_leaf_spot,Tomato_Septoria_leaf_spot,0.5328,Tomato_Septoria_leaf_spot,True,2.3984376458514176,0.5552821527764386,0.4170919113734973,0.4097116301572197,uncertainty_score,29.98750095875011,0.619244380397565,0.5,0.3405046879350804,3.249245792697751,12,129,129.jpg
Tomato___Septoria_leaf_spot/130.jpg,Tomato___Septoria_leaf_spot,Tomato_Septoria_leaf_spot,0.7423,Tomato_Septoria_leaf_spot,True,1.9538082214994936,0.3072456096131963,0.3488345023143915,0.4403538736792238,outlier_score,23.210322753240987,0.1589342793043948,0.7,0.2502956035449163,2.393311963926164,3,130,130.jpg
Tomato___Septoria_leaf_spot/131.jpg,Tomato___Septoria_leaf_spot,Tomato_Septoria_leaf_spot,0.696,Tomato_Septoria_leaf_spot,True,2.076312746086105,0.3614063306930752,0.3357279726729649,0.3148471160649684,uncertainty_score,24.155644406577853,0.2857591519025725,0.5,0.2628785102083996,2.4658360691177448,3,131,131.jpg
Tomato___Septoria_leaf_spot/132.jpg,Tomato___Septoria_leaf_spot,Tomato_Septoria_leaf_spot,0.6712,Tomato_Septoria_leaf_spot,True,2.0509171242003497,0.3886511393100216,0.3347354122296959,0.3078278134004478,uncertainty_score,27.164263147375355,0.259467906570362,0.5,0.3029253753868611,2.4733238762210155,3,132,132.jpg
Tomato___Septoria_leaf_spot/133.jpg,Tomato___Septoria_leaf_spot,Tomato_Leaf_Mold,0.3934,Tomato_Septoria_leaf_spot,False,2.346636051070278,0.7369079786098534,0.3482258332168563,0.4425865144286838,uncertainty_score,35.20724829891788,0.5656159068316305,0.5,0.4099832546816009,3.2462066956856623,12,133,133.jpg
Tomato___Septoria_leaf_spot/134.jpg,Tomato___Septoria_leaf_spot,Tomato_Septoria_leaf_spot,0.6835,Tomato_Septoria_leaf_spot,True,1.9533365992371536,0.3777561124548488,0.3711257316914033,0.4515372757472828,outlier_score,23.92737735978385,0.1584460244130953,0.7,0.2598401127126698,2.4066522178951955,3,134,134.jpg
Tomato___Septoria_leaf_spot/135.jpg,Tomato___Septoria_leaf_spot,Tomato_Leaf_Mold,0.2635,Tomato_Septoria_leaf_spot,False,2.6261997796229,0.9010815444478656,0.1646392515249243,0.2802946281648477,uncertainty_score,21.0376510066183,0.855038965909669,0.5,0.221375790165376,3.5421416170674025,12,135,135.jpg
Tomato___Septoria_leaf_spot/136.jpg,Tomato___Septoria_leaf_spot,Tomato_Septoria_leaf_spot,0.743,Tomato_Septoria_leaf_spot,True,1.939423368791112,0.2975906490929272,0.2891722715757796,0.13007889721943,uncertainty_score,31.07311122198401,0.1440421182332809,0.5,0.354954936236252,2.32051664082094,3,136,136.jpg
Tomato___Septoria_leaf_spot/137.jpg,Tomato___Septoria_leaf_spot,Tomato_Septoria_leaf_spot,0.4787,Tomato_Septoria_leaf_spot,True,2.340023046400644,0.6342071064475987,0.4408850770845471,0.453753027124189,uncertainty_score,31.94185528872184,0.558769682355044,0.5,0.3665185405053712,3.1673171754681446,12,137,137.jpg
Tomato___Septoria_leaf_spot/138.jpg,Tomato___Septoria_leaf_spot,Tomato_Septoria_leaf_spot,0.6648,Tomato_Septoria_leaf_spot,True,1.8405376646490923,0.4050192464472602,0.5706431133538835,0.4854350872182102,density_score,39.479288479657285,0.0416690273461271,1.2,0.4668471619740523,2.983608797653332,6,138,138.jpg
Tomato___Septoria_leaf_spot/139.jpg,Tomato___Septoria_leaf_spot,Tomato_Septoria_leaf_spot,0.2435,Tomato_Septoria_leaf_spot,True,2.501429686127876,0.9203443958748102,0.1235317045662963,0.1354127848813794,uncertainty_score,15.732442570037737,0.7258686249368218,0.5,0.1507596751613653,3.177876762615692,12,139,139.jpg
Tomato___Septoria_leaf_spot/140.jpg,Tomato___Septoria_leaf_spot,Tomato_Septoria_leaf_spot,0.2269,Tomato_Septoria_leaf_spot,True,2.499357717429757,0.9392855926267556,0.1058468912086005,0.1326801932030463,uncertainty_score,18.52963335267053,0.7237235844409455,0.5,0.1879922831457315,3.2294355936004884,12,140,140.jpg
Tomato___Septoria_leaf_spot/141.jpg,Tomato___Septoria_leaf_spot,Tomato_Septoria_leaf_spot,0.7633,Tomato_Septoria_leaf_spot,True,1.8541224697870733,0.2827337203977759,0.346260902902812,0.5722388351538592,outlier_score,14.176516198993562,0.0557329256936319,0.7,0.1300491834118184,2.0065396265049915,0,141,141.jpg
Tomato___Septoria_leaf_spot/142.jpg,Tomato___Septoria_leaf_spot,Tomato_Septoria_leaf_spot,0.7411,Tomato_Septoria_leaf_spot,True,1.82084986072424,0.309911877850732,0.4179161862496264,0.5612627431009323,outlier_score,13.30886733177224,0.0212868967029281,0.7,0.1185001570308132,1.920324028952076,0,142,142.jpg
Tomato___Septoria_leaf_spot/143.jpg,Tomato___Septoria_leaf_spot,Tomato_Tomato_mosaic_virus,0.6693,Tomato_Septoria_leaf_spot,False,2.190073123950228,0.3949588369948246,0.4446903606065256,0.6121207301917733,outlier_score,25.47492058905153,0.4035314993160552,0.7,0.2804390188551929,2.9277215269149,6,143,143.jpg
Tomato___Septoria_leaf_spot/144.jpg,Tomato___Septoria_leaf_spot,Tomato_Septoria_leaf_spot,0.7851,Tomato_Septoria_leaf_spot,True,2.067028190649588,0.2502242826446798,0.5141639626339105,0.6262725231112696,outlier_score,25.002517491308076,0.2761471594937986,0.7,0.2741509960795968,2.6635208131069925,3,144,144.jpg
Tomato___Septoria_leaf_spot/145.jpg,Tomato___Septoria_leaf_spot,Tomato_Bacterial_spot,0.5251,Tomato_Septoria_leaf_spot,False,2.1579886785551903,0.5689682525431816,0.1706391429959765,0.4044959677326401,uncertainty_score,25.08250640566642,0.3703155367763864,0.5,0.2752157056839222,2.653454632078656,3,145,145.jpg
Tomato___Septoria_leaf_spot/146.jpg,Tomato___Septoria_leaf_spot,Tomato_Septoria_leaf_spot,0.3304,Tomato_Septoria_leaf_spot,True,2.514575802495634,0.817409284034231,0.3028590499325352,0.2747147771218568,uncertainty_score,17.242912633912436,0.7394783633454874,0.5,0.170865110982741,3.2352543931650866,12,146,146.jpg
Tomato___Septoria_leaf_spot/147.jpg,Tomato___Septoria_leaf_spot,Tomato_Late_blight,0.2845,Tomato_Septoria_leaf_spot,False,2.6978283580236067,0.8705608532885958,0.5484999651835962,0.6280741799316856,uncertainty_score,22.86774022568497,0.9291936582421596,0.5,0.2457355853187798,3.726990694462489,12,147,147.jpg
Tomato___Septoria_leaf_spot/148.jpg,Tomato___Septoria_leaf_spot,Tomato_Septoria_leaf_spot,0.394,Tomato_Septoria_leaf_spot,True,2.4256268905368623,0.7409070484492631,0.2341123728771997,0.342796545274255,uncertainty_score,29.706258024666635,0.6473925039457222,0.5,0.3367611435268413,3.2999267231817067,12,148,148.jpg
Tomato___Septoria_leaf_spot/149.jpg,Tomato___Septoria_leaf_spot,Tomato_Septoria_leaf_spot,0.6255,Tomato_Septoria_leaf_spot,True,2.166135912471248,0.4505303903075907,0.2798053919992738,0.1940170569387628,uncertainty_score,23.14313069336586,0.378750097923563,0.5,0.2494012292174569,2.6316020396733117,3,149,149.jpg
Tomato___Septoria_leaf_spot/150.jpg,Tomato___Septoria_leaf_spot,Tomato_Leaf_Mold,0.5181,Tomato_Septoria_leaf_spot,False,2.116580742198379,0.5833518249672452,0.3783310484414066,0.4415860160738161,uncertainty_score,34.877056757022416,0.3274472731695745,0.5,0.4055881693282965,2.763276800331594,6,150,150.jpg
Tomato___Septoria_leaf_spot/151.jpg,Tomato___Septoria_leaf_spot,Tomato_Late_blight,0.3482,Tomato_Septoria_leaf_spot,False,2.519797328446046,0.7877980635250619,0.3262304932565493,0.618025929488005,uncertainty_score,27.971985046650087,0.7448840360393222,0.5,0.313676731005078,3.460283168586261,12,151,151.jpg
Tomato___Septoria_leaf_spot/152.jpg,Tomato___Septoria_leaf_spot,Tomato_Septoria_leaf_spot,0.3608,Tomato_Septoria_leaf_spot,True,2.360079300768315,0.7751268792099872,0.3474049214103961,0.4818975991405473,uncertainty_score,12.51220399429006,0.5795332575255115,0.5,0.1078959987716929,2.820910513208563,6,152,152.jpg
Tomato___Septoria_leaf_spot/153.jpg,Tomato___Septoria_leaf_spot,Tomato_Septoria_leaf_spot,0.5186,Tomato_Septoria_leaf_spot,True,2.135076499374163,0.5823515402588918,0.4137312043015636,0.4643647792936701,uncertainty_score,17.632953701371132,0.3465953173364428,0.5,0.1760568362853765,2.4572758891009503,3,153,153.jpg
Tomato___Septoria_leaf_spot/154.jpg,Tomato___Septoria_leaf_spot,Tomato_Septoria_leaf_spot,0.4124,Tomato_Septoria_leaf_spot,True,2.394089497577639,0.7225712541214546,0.5008929665613325,0.5905020541532509,uncertainty_score,14.850921757844466,0.6147428866550209,0.5,0.1390260032809083,2.938024778231404,6,154,154.jpg
Tomato___Septoria_leaf_spot/155.jpg,Tomato___Septoria_leaf_spot,Tomato_Tomato_mosaic_virus,0.3665,Tomato_Septoria_leaf_spot,False,2.472105994085785,0.7782197296755884,0.4460230936788083,0.4031006696371755,uncertainty_score,45.11570057934975,0.6955107788091296,0.5,0.5418718343879456,3.7038293092001777,12,155,155.jpg
Tomato___Septoria_leaf_spot/156.jpg,Tomato___Septoria_leaf_spot,Tomato_Septoria_leaf_spot,0.6187,Tomato_Septoria_leaf_spot,True,2.0090911196543937,0.4622969808870029,0.3214658708143971,0.349382050347963,uncertainty_score,11.623434465143982,0.2161668308286142,0.5,0.0960658412891921,2.0764324235910165,0,156,156.jpg
Tomato___Septoria_leaf_spot/157.jpg,Tomato___Septoria_leaf_spot,Tomato_Septoria_leaf_spot,0.6517,Tomato_Septoria_leaf_spot,True,1.949642418580176,0.4174403780584073,0.5572709171374024,0.5051213851751228,density_score,9.066702432910803,0.1546215616615616,1.2,0.0620339110868444,2.602293989953389,3,157,157.jpg
Tomato___Septoria_leaf_spot/158.jpg,Tomato___Septoria_leaf_spot,Tomato_Septoria_leaf_spot,0.8282,Tomato_Septoria_leaf_spot,True,1.906210055197612,0.1991100813432382,0.6943229924388904,0.5741109608333386,density_score,22.856954567248795,0.1096574758760032,1.2,0.2455920204983533,2.7877029824995363,6,158,158.jpg
Tomato___Septoria_leaf_spot/159.jpg,Tomato___Septoria_leaf_spot,Tomato_Septoria_leaf_spot,0.7961,Tomato_Septoria_leaf_spot,True,1.84885964976834,0.2386838774455047,0.6005546932567705,0.6506650065164428,outlier_score,9.961668664203671,0.050284502619992,0.7,0.0739465511026281,1.9114888318939265,0,159,159.jpg
Tomato___Septoria_leaf_spot/160.jpg,Tomato___Septoria_leaf_spot,Tomato_Septoria_leaf_spot,0.4023,Tomato_Septoria_leaf_spot,True,2.3576891870911623,0.7236645696673509,0.4360714322173866,0.4395341803725646,uncertainty_score,12.5797691069022,0.5770588520811172,0.5,0.108795338697638,2.817310712208692,6,160,160.jpg
Tomato___Septoria_leaf_spot/161.jpg,Tomato___Septoria_leaf_spot,Tomato_Late_blight,0.4641,Tomato_Septoria_leaf_spot,False,2.3937692771984542,0.6502503815261891,0.3952083345242229,0.5741119890862534,uncertainty_score,28.1856352991126,0.6144113731135377,0.5,0.3165205685241657,3.203603599013324,12,161,161.jpg
Tomato___Septoria_leaf_spot/162.jpg,Tomato___Septoria_leaf_spot,Tomato_Septoria_leaf_spot,0.8763,Tomato_Septoria_leaf_spot,True,1.8317617808674096,0.137629924510537,0.7089292118399034,0.66729715676708,density_score,32.291557489094586,0.0325836458363084,1.2,0.3711733266638948,2.821927281668459,6,162,162.jpg
Tomato___Septoria_leaf_spot/163.jpg,Tomato___Septoria_leaf_spot,Tomato_Leaf_Mold,0.2298,Tomato_Septoria_leaf_spot,False,2.496243972841156,0.940683789217689,0.2629163107089838,0.3309012360632766,uncertainty_score,43.60276917343745,0.7205000279063178,0.5,0.521733636345355,3.723600510330668,12,163,163.jpg
Tomato___Septoria_leaf_spot/164.jpg,Tomato___Septoria_leaf_spot,Tomato_Septoria_leaf_spot,0.5276,Tomato_Septoria_leaf_spot,True,2.224192514978092,0.5687365252147192,0.3216914784995546,0.3417665434454902,uncertainty_score,12.872221809371268,0.4388541735996238,0.5,0.1126880931327683,2.5467404868984,3,164,164.jpg
Tomato___Septoria_leaf_spot/165.jpg,Tomato___Septoria_leaf_spot,Tomato_Tomato_yellow_Leaf_Curl_Virus,0.2126,Tomato_Septoria_leaf_spot,False,2.470236265700337,0.9626361111720726,0.317565248842094,0.3489984623803703,uncertainty_score,35.15423746752335,0.6935751110035707,0.5,0.4092776426380848,3.5010666859642687,12,165,165.jpg
Tomato___Septoria_leaf_spot/166.jpg,Tomato___Septoria_leaf_spot,Tomato_Bacterial_spot,0.4931,Tomato_Septoria_leaf_spot,False,2.1152615805101034,0.6136200249653684,0.2139789356690736,0.4431459048385195,uncertainty_score,24.48075389867134,0.3260815888112495,0.5,0.2672059498475793,2.552972102393868,3,166,166.jpg
Tomato___Septoria_leaf_spot/167.jpg,Tomato___Septoria_leaf_spot,Tomato_Septoria_leaf_spot,0.8565,Tomato_Septoria_leaf_spot,True,1.9387314764138863,0.1653573998715893,0.291324928862736,0.3247397564601265,outlier_score,30.383002905512868,0.1433258249952197,0.7,0.345769101443197,2.505305302155235,3,167,167.jpg
Tomato___Septoria_leaf_spot/168.jpg,Tomato___Septoria_leaf_spot,Tomato_Septoria_leaf_spot,0.9032,Tomato_Septoria_leaf_spot,True,1.9695602221223307,0.1052345769982399,0.3944244934297655,0.3287950283420697,density_score,38.801161656012496,0.1752418032827873,1.2,0.4578208094116127,3.2372148206829934,12,168,168.jpg
Tomato___Septoria_leaf_spot/169.jpg,Tomato___Septoria_leaf_spot,Tomato_Septoria_leaf_spot,0.8646,Tomato_Septoria_leaf_spot,True,1.857050629410788,0.1566595707561589,0.3551191546855538,0.3714151561117755,outlier_score,16.136865324881143,0.0587643522672863,0.7,0.156142830999191,2.051742951033359,0,169,169.jpg
Tomato___Septoria_leaf_spot/170.jpg,Tomato___Septoria_leaf_spot,Tomato_Septoria_leaf_spot,0.8891,Tomato_Septoria_leaf_spot,True,1.8772049987714217,0.123657786322723,0.3726878935219712,0.4013092821268473,outlier_score,20.42210565808722,0.0796295026369105,0.7,0.2131824417528354,2.1790326679030745,0,170,170.jpg
Tomato___Septoria_leaf_spot/171.jpg,Tomato___Septoria_leaf_spot,Tomato_Septoria_leaf_spot,0.9272,Tomato_Septoria_leaf_spot,True,1.8011924893023432,0.0745685390101799,0.3964738189379679,0.4125542468808578,outlier_score,39.47511196491258,0.0009362718210322,0.7,0.4667915695785689,2.402059898009918,3,171,171.jpg
Tomato___Septoria_leaf_spot/172.jpg,Tomato___Septoria_leaf_spot,Tomato_Septoria_leaf_spot,0.479,Tomato_Septoria_leaf_spot,True,2.264468295213076,0.6279483256924646,0.2607029600191005,0.211216577844958,uncertainty_score,30.76645188421239,0.4805503535107804,0.5,0.3508730813342244,2.987410329022897,6,172,172.jpg
Tomato___Septoria_leaf_spot/173.jpg,Tomato___Septoria_leaf_spot,Tomato_Septoria_leaf_spot,0.8191,Tomato_Septoria_leaf_spot,True,2.023804030744497,0.2087914954297031,0.4314603749629844,0.3032523046561938,density_score,44.16454670534013,0.2313986198653645,1.2,0.5292112967000305,3.4566141847807748,12,173,173.jpg
Tomato___Septoria_leaf_spot/174.jpg,Tomato___Septoria_leaf_spot,Tomato_Septoria_leaf_spot,0.8578,Tomato_Septoria_leaf_spot,True,1.9296425803952977,0.1611189178688445,0.3118133639739627,0.1925012487098168,density_score,17.653312390521048,0.1339163922946289,1.2,0.176327824984789,2.7323245220664414,6,174,174.jpg
Tomato___Septoria_leaf_spot/175.jpg,Tomato___Septoria_leaf_spot,Tomato_Septoria_leaf_spot,0.5452,Tomato_Septoria_leaf_spot,True,2.09453380266738,0.5476834028330587,0.2993029006617889,0.3316765863078874,uncertainty_score,15.552407595167072,0.304622807651798,0.5,0.1483632810060388,2.331790536812654,3,175,175.jpg
Tomato___Septoria_leaf_spot/176.jpg,Tomato___Septoria_leaf_spot,Tomato_Leaf_Mold,0.3714,Tomato_Septoria_leaf_spot,False,2.469998579482307,0.7661935542413011,0.320119972314811,0.3917430966409015,uncertainty_score,18.683220688228342,0.6933290423426641,0.5,0.1900366403242593,3.171713045171717,12,176,176.jpg
Tomato___Septoria_leaf_spot/177.jpg,Tomato___Septoria_leaf_spot,Tomato_Septoria_leaf_spot,0.752,Tomato_Septoria_leaf_spot,True,2.060192825315084,0.298643397577814,0.4415318810502283,0.4690951705010176,outlier_score,15.87655980943593,0.2690707323933646,0.7,0.152677978593372,2.467158432676787,3,177,177.jpg
Tomato___Septoria_leaf_spot/178.jpg,Tomato___Septoria_leaf_spot,Tomato_Septoria_leaf_spot,0.5425,Tomato_Septoria_leaf_spot,True,2.350384216032447,0.5418312532923791,0.3988900429785953,0.4081467110792773,uncertainty_score,14.239206703781688,0.569496257744449,0.5,0.1308836388245884,2.8353179737257803,6,178,178.jpg
Tomato___Septoria_leaf_spot/179.jpg,Tomato___Septoria_leaf_spot,Tomato_Septoria_leaf_spot,0.684,Tomato_Septoria_leaf_spot,True,2.119416698338206,0.373614060351225,0.3467004316309077,0.4778626779006118,outlier_score,24.232848341930577,0.3303832445334182,0.7,0.2639061497522182,2.756625713695164,6,179,179.jpg
Tomato___Septoria_leaf_spot/180.jpg,Tomato___Septoria_leaf_spot,Tomato_Septoria_leaf_spot,0.6866,Tomato_Septoria_leaf_spot,True,1.8991270908323763,0.3887297610821785,0.4395096643344249,0.6652214565180758,outlier_score,22.30486597193742,0.1023247177083378,0.7,0.238243326812712,2.262014425635744,0,180,180.jpg
Tomato___Septoria_leaf_spot/181.jpg,Tomato___Septoria_leaf_spot,Tomato_Septoria_leaf_spot,0.7055,Tomato_Septoria_leaf_spot,True,1.877875543869905,0.3515372292933787,0.4085525265559907,0.5344376592015723,outlier_score,20.22127921705282,0.0803236957450709,0.7,0.2105092983268116,2.176411338980359,0,181,181.jpg
Tomato___Septoria_leaf_spot/182.jpg,Tomato___Septoria_leaf_spot,Tomato_Septoria_leaf_spot,0.3415,Tomato_Septoria_leaf_spot,True,2.4226192582996964,0.801500050210051,0.2256948495037699,0.1992387401647327,uncertainty_score,36.32227356134074,0.6442788020103211,0.5,0.42482503763978,3.4257951604803125,12,182,182.jpg
Tomato___Septoria_leaf_spot/183.jpg,Tomato___Septoria_leaf_spot,Tomato_Bacterial_spot,0.428,Tomato_Septoria_leaf_spot,False,2.265605423394724,0.6945377893257201,0.4150379223775795,0.4871517476608111,uncertainty_score,26.1079679311924,0.4817275846151167,0.5,0.2888653313083217,2.896753166192716,6,183,183.jpg
Tomato___Septoria_leaf_spot/184.jpg,Tomato___Septoria_leaf_spot,Tomato_Tomato_yellow_Leaf_Curl_Virus,0.2657,Tomato_Septoria_leaf_spot,False,2.6782750346995803,0.8988459964264041,0.3987650038714916,0.5076502657462802,uncertainty_score,16.83161270735107,0.9089507509062156,0.5,0.1653904150754264,3.5659871244255714,12,184,184.jpg
Tomato___Septoria_leaf_spot/185.jpg,Tomato___Septoria_leaf_spot,Tomato_Tomato_yellow_Leaf_Curl_Virus,0.3786,Tomato_Septoria_leaf_spot,False,2.314692320385705,0.7626569045618141,0.2465303036313588,0.4372856128652472,uncertainty_score,22.08271932554525,0.5325456215662304,0.5,0.23528639621952,2.9180208374617407,6,185,185.jpg
Tomato___Septoria_leaf_spot/186.jpg,Tomato___Septoria_leaf_spot,Tomato_Septoria_leaf_spot,0.5708,Tomato_Septoria_leaf_spot,True,2.06637241096876,0.5171898302737715,0.4252763065448176,0.4905185245104416,uncertainty_score,12.625833449925606,0.2754682525329807,0.5,0.1094084880174829,2.215049237092186,0,186,186.jpg
Tomato___Septoria_leaf_spot/187.jpg,Tomato___Septoria_leaf_spot,Tomato_Septoria_leaf_spot,0.6697,Tomato_Septoria_leaf_spot,True,1.9141837076304784,0.3907785085021245,0.3915311868314182,0.5012770587615762,outlier_score,15.876168104374807,0.1179123338688235,0.7,0.1526727647191248,2.164833814816334,0,187,187.jpg
Tomato___Septoria_leaf_spot/188.jpg,Tomato___Septoria_leaf_spot,Tomato_Septoria_leaf_spot,0.7695,Tomato_Septoria_leaf_spot,True,1.9464424960515203,0.2765426253036341,0.6475473999961735,0.6503162319160478,outlier_score,22.60217045075709,0.1513087879628737,0.7,0.2422006618577925,2.365918568712436,3,188,188.jpg
Tomato___Septoria_leaf_spot/189.jpg,Tomato___Septoria_leaf_spot,Tomato_Early_blight,0.4576,Tomato_Septoria_leaf_spot,False,2.339588483125356,0.662701291872467,0.4500828560986794,0.4163739695595107,uncertainty_score,67.52462465159556,0.5583197934043278,0.5,0.8401506255643011,3.8768655251551074,12,189,189.jpg
Tomato___Septoria_leaf_spot/190.jpg,Tomato___Septoria_leaf_spot,Tomato_Septoria_leaf_spot,0.8792,Tomato_Septoria_leaf_spot,True,1.8284507009560893,0.1353840315190546,0.4820752295729842,0.6482259640627885,outlier_score,12.78562711788016,0.0291557945848333,0.7,0.1115354559148017,1.925614773041869,0,190,190.jpg
Tomato___Septoria_leaf_spot/191.jpg,Tomato___Septoria_leaf_spot,Tomato_Septoria_leaf_spot,0.6405,Tomato_Septoria_leaf_spot,True,2.1138717592499283,0.4367372939937769,0.5611103056663047,0.6512424288831586,outlier_score,12.02375847268155,0.324642752940895,0.7,0.1013944398717127,2.501377165689359,3,191,191.jpg
Tomato___Septoria_leaf_spot/192.jpg,Tomato___Septoria_leaf_spot,Tomato_Septoria_leaf_spot,0.3635,Tomato_Septoria_leaf_spot,True,2.610200467984212,0.7686886132249949,0.3871938100175738,0.3625670357358979,uncertainty_score,27.473300629039777,0.8384754090363017,0.5,0.3070388850833492,3.637509145697627,12,192,192.jpg
Tomato___Septoria_leaf_spot/193.jpg,Tomato___Septoria_leaf_spot,Tomato_Septoria_leaf_spot,0.7479,Tomato_Septoria_leaf_spot,True,1.884958542535119,0.299877700286563,0.2261330653164081,0.4020893779238174,outlier_score,8.318567410824894,0.0876564894223666,0.7,0.0520756993804259,1.953426527915372,0,193,193.jpg
Tomato___Septoria_leaf_spot/194.jpg,Tomato___Septoria_leaf_spot,Tomato_Septoria_leaf_spot,0.5038,Tomato_Septoria_leaf_spot,True,2.165127714072092,0.5984974522186156,0.2880700665282917,0.498678086779382,uncertainty_score,9.367835487960642,0.3777063435483013,0.5,0.0660422072171684,2.3544759979223557,3,194,194.jpg
Tomato___Septoria_leaf_spot/195.jpg,Tomato___Septoria_leaf_spot,Tomato_Septoria_leaf_spot,0.7704,Tomato_Septoria_leaf_spot,True,1.899874785620108,0.2676291774559162,0.549509594860383,0.6128797013175455,outlier_score,15.017381078055802,0.1030987813318356,0.7,0.1412416957725514,2.118060106322498,0,195,195.jpg
Tomato___Septoria_leaf_spot/196.jpg,Tomato___Septoria_leaf_spot,Tomato_Leaf_Mold,0.2069,Tomato_Septoria_leaf_spot,False,2.594013344329215,0.9641275602784778,0.1433613555485574,0.2334910136571785,uncertainty_score,35.22453325971442,0.8217174166094624,0.5,0.4102133298603689,3.7587548280094794,12,196,196.jpg
Tomato___Septoria_leaf_spot/197.jpg,Tomato___Septoria_leaf_spot,Tomato_Septoria_leaf_spot,0.2883,Tomato_Septoria_leaf_spot,True,2.572461445494408,0.868628265103453,0.3517239059014372,0.4024157972631036,uncertainty_score,31.113947866727983,0.7994054503111018,0.5,0.3554985011566676,3.632058652357205,12,197,197.jpg
Tomato___Septoria_leaf_spot/198.jpg,Tomato___Septoria_leaf_spot,Tomato_Septoria_leaf_spot,0.4487,Tomato_Septoria_leaf_spot,True,2.2771299941885736,0.6635144804087327,0.2507053488585166,0.4066422330228567,uncertainty_score,33.006167292667655,0.4936585906543695,0.5,0.3806852937572433,3.058345121944604,6,198,198.jpg
Tomato___Septoria_leaf_spot/199.jpg,Tomato___Septoria_leaf_spot,Tomato_Early_blight,0.3211,Tomato_Septoria_leaf_spot,False,2.5594362326601905,0.8237445436748748,0.3247766554396047,0.3868617691462798,uncertainty_score,47.43557994542306,0.7859208793220859,0.5,0.5727510863661495,3.930968388193396,12,199,199.jpg
Tomato___Septoria_leaf_spot/200.jpg,Tomato___Septoria_leaf_spot,Tomato_Septoria_leaf_spot,0.6257,Tomato_Septoria_leaf_spot,True,2.088602313809668,0.4460154020347225,0.3255000701906034,0.0774566968581046,uncertainty_score,33.75846741782249,0.2984821338992545,0.5,0.3906989459615865,2.6830126867408888,3,200,200.jpg
Tomato___Septoria_leaf_spot/201.jpg,Tomato___Septoria_leaf_spot,Tomato_Septoria_leaf_spot,0.2796,Tomato_Septoria_leaf_spot,True,2.445428287131328,0.8801701481554882,0.2322218195064854,0.2540528193798456,uncertainty_score,55.52097400681531,0.6678922333135434,0.5,0.6803734585532879,3.8563446544570175,12,201,201.jpg
Tomato___Septoria_leaf_spot/202.jpg,Tomato___Septoria_leaf_spot,Tomato_Septoria_leaf_spot,0.5339,Tomato_Septoria_leaf_spot,True,2.092312747596156,0.5612986395551605,0.4554879162593021,0.5551147717820943,uncertainty_score,14.54433758021277,0.3023234229768886,0.5,0.134945148814047,2.307064569174848,0,202,202.jpg
Tomato___Septoria_leaf_spot/203.jpg,Tomato___Septoria_leaf_spot,Tomato_Septoria_leaf_spot,0.53,Tomato_Septoria_leaf_spot,True,2.077926542947223,0.5629984659148386,0.3467974554381192,0.418753939375374,uncertainty_score,15.19080952793097,0.2874298622865462,0.5,0.1435501523596494,2.290184953112566,0,203,203.jpg
Tomato___Septoria_leaf_spot/204.jpg,Tomato___Septoria_leaf_spot,Tomato_Leaf_Mold,0.3724,Tomato_Septoria_leaf_spot,False,2.386971724261177,0.7675670706894708,0.2493167022942918,0.3198030082072706,uncertainty_score,25.01755411193665,0.6073740919342615,0.5,0.2743511442442302,3.1262749002348684,12,204,204.jpg
Tomato___Septoria_leaf_spot/205.jpg,Tomato___Septoria_leaf_spot,Tomato_Septoria_leaf_spot,0.3847,Tomato_Septoria_leaf_spot,True,2.431584367723046,0.7431851586330955,0.4335354507906216,0.4184707363620907,uncertainty_score,43.35245306259175,0.6535600825530752,0.5,0.5184017500524518,3.584722790184828,12,205,205.jpg
Tomato___Septoria_leaf_spot/206.jpg,Tomato___Septoria_leaf_spot,Tomato_Septoria_leaf_spot,0.7766,Tomato_Septoria_leaf_spot,True,1.9674669379536296,0.2620240510208009,0.3320051586237416,0.2294608060067878,density_score,19.86358892150261,0.1730746955869437,1.2,0.2057481849137687,2.854771668544541,6,206,206.jpg
Tomato___Septoria_leaf_spot/207.jpg,Tomato___Septoria_leaf_spot,Tomato_Septoria_leaf_spot,0.9176,Tomato_Septoria_leaf_spot,True,1.856120318637148,0.0860376378088555,0.5601806677045067,0.4923189061709722,density_score,60.47074714942234,0.0578012323683131,1.2,0.7462584758265001,3.4349901784763763,12,207,207.jpg
Tomato___Septoria_leaf_spot/208.jpg,Tomato___Septoria_leaf_spot,Tomato_Septoria_leaf_spot,0.8398,Tomato_Septoria_leaf_spot,True,1.843974280057788,0.1865169276591764,0.5875852522145257,0.629817376142422,outlier_score,43.05839714622845,0.0452268413358351,0.7,0.5144876556948502,2.562185166213945,3,208,208.jpg
Tomato___Septoria_leaf_spot/209.jpg,Tomato___Septoria_leaf_spot,Tomato_Septoria_leaf_spot,0.3481,Tomato_Septoria_leaf_spot,True,2.376326025324333,0.7919983430313733,0.2948526546348958,0.3285299016380008,uncertainty_score,35.95228900086803,0.5963529527890762,0.5,0.4199002787760379,3.322556323742209,12,209,209.jpg
Tomato___Septoria_leaf_spot/210.jpg,Tomato___Septoria_leaf_spot,Tomato_Early_blight,0.1954,Tomato_Septoria_leaf_spot,False,2.635110819553804,0.9842115067544897,0.3004000443851398,0.2609962333626425,uncertainty_score,20.82562375933211,0.8642642700995982,0.5,0.2185535560048657,3.556358874206495,12,210,210.jpg
Tomato___Septoria_leaf_spot/211.jpg,Tomato___Septoria_leaf_spot,Tomato_Early_blight,0.3552,Tomato_Septoria_leaf_spot,False,2.4392815869250355,0.7887087903500938,0.3903750667864472,0.4407369587577565,uncertainty_score,18.600048654175406,0.6615287583872674,0.5,0.188929561122375,3.1064518584580973,12,211,211.jpg
Tomato___Septoria_leaf_spot/212.jpg,Tomato___Septoria_leaf_spot,Tomato_Septoria_leaf_spot,0.4809,Tomato_Septoria_leaf_spot,True,2.301610218731176,0.6237821845872213,0.4472629893281264,0.3848367260835607,uncertainty_score,30.148930577610336,0.519002155467727,0.5,0.3426534315078843,3.0519844581972806,6,212,212.jpg
Tomato___Septoria_leaf_spot/213.jpg,Tomato___Septoria_leaf_spot,Tomato_Septoria_leaf_spot,0.2588,Tomato_Septoria_leaf_spot,True,2.5275149592943853,0.898573997607504,0.2247031053439976,0.2827838404799471,uncertainty_score,17.223140844626506,0.752873843374221,0.5,0.1706019343398737,3.2616505882582527,12,213,213.jpg
Tomato___Septoria_leaf_spot/214.jpg,Tomato___Septoria_leaf_spot,Tomato_Septoria_leaf_spot,0.2848,Tomato_Septoria_leaf_spot,True,2.5109787364963663,0.8773459713398517,0.3157405531199097,0.2908876641848184,uncertainty_score,8.760258521100404,0.7357544401791896,0.5,0.0579549236582882,3.0584412658458118,6,214,214.jpg
Tomato___Septoria_leaf_spot/215.jpg,Tomato___Septoria_leaf_spot,Tomato_Septoria_leaf_spot,0.3951,Tomato_Septoria_leaf_spot,True,2.365176479607148,0.7309593991700527,0.0992164881576893,0.1311766557423667,uncertainty_score,27.059218022645645,0.5848101977775273,0.5,0.3015271497191614,3.121911120133797,12,215,215.jpg
Tomato___Septoria_leaf_spot/216.jpg,Tomato___Septoria_leaf_spot,Tomato_Septoria_leaf_spot,0.3688,Tomato_Septoria_leaf_spot,True,2.0604592439088325,0.7709578562916667,0.0921805178724585,0.5188009297770211,uncertainty_score,4.709913992816915,0.2693465467302142,0.5,0.0040419439074899,2.044756009321663,0,216,216.jpg
Tomato___Septoria_leaf_spot/217.jpg,Tomato___Septoria_leaf_spot,Tomato_Early_blight,0.3589,Tomato_Septoria_leaf_spot,False,2.1246463268910523,0.7800129563360245,0.2308748244170302,0.5354913239459198,uncertainty_score,5.820989019321849,0.3357973055829069,0.5,0.0188311464030525,2.199841330770393,0,217,217.jpg
Tomato___Septoria_leaf_spot/218.jpg,Tomato___Septoria_leaf_spot,Tomato_Late_blight,0.3441,Tomato_Septoria_leaf_spot,False,2.392255447683852,0.7915630414714331,0.3426278413488688,0.4981844919409094,uncertainty_score,8.635700165357212,0.6128441556089378,0.5,0.0562969629430744,2.810133755632487,6,218,218.jpg
Tomato___Septoria_leaf_spot/219.jpg,Tomato___Septoria_leaf_spot,Tomato_Septoria_leaf_spot,0.7024,Tomato_Septoria_leaf_spot,True,2.002730195798275,0.3609643787952646,0.3886563890653309,0.3725150743918698,density_score,35.138470928947505,0.2095815772603788,1.2,0.4090677787440274,3.2327648226367987,12,219,219.jpg
Tomato___Septoria_leaf_spot/220.jpg,Tomato___Septoria_leaf_spot,Tomato_Septoria_leaf_spot,0.3149,Tomato_Septoria_leaf_spot,True,2.384420185811462,0.8376518041221307,0.1980150387969822,0.2071921691648259,uncertainty_score,17.28661182549371,0.6047325687749625,0.5,0.1714467784469273,2.966635305220316,6,220,220.jpg
Tomato___Septoria_leaf_spot/221.jpg,Tomato___Septoria_leaf_spot,Tomato_Septoria_leaf_spot,0.8262,Tomato_Septoria_leaf_spot,True,1.828010370282472,0.2038106140426908,0.3895898586417555,0.3861348935379148,density_score,36.66192811312088,0.0286999348378481,1.2,0.4293460824162227,2.9014189933000303,6,221,221.jpg
Tomato___Septoria_leaf_spot/222.jpg,Tomato___Septoria_leaf_spot,Tomato_Leaf_Mold,0.3328,Tomato_Septoria_leaf_spot,False,2.4273707857493525,0.8171067675537701,0.3156394807811464,0.4366762521656277,uncertainty_score,17.449465404586988,0.6491979008393878,0.5,0.1736144759478907,3.0588175156006114,6,222,222.jpg
Tomato___Septoria_leaf_spot/223.jpg,Tomato___Septoria_leaf_spot,Tomato_Leaf_Mold,0.2982,Tomato_Septoria_leaf_spot,False,2.5319492909058106,0.849131691246685,0.2694497539864982,0.469326704292736,uncertainty_score,29.93092747358489,0.7574645598687736,0.5,0.3397516544242652,3.5245566013739453,12,223,223.jpg
Tomato___Septoria_leaf_spot/224.jpg,Tomato___Septoria_leaf_spot,Tomato_Bacterial_spot,0.3794,Tomato_Septoria_leaf_spot,False,2.435201071152507,0.7502384330858152,0.5451413201522618,0.5362675026825314,uncertainty_score,39.34265415713664,0.6573043356997619,0.5,0.4650284615124296,3.5121513636681683,12,224,224.jpg
Tomato___Septoria_leaf_spot/225.jpg,Tomato___Septoria_leaf_spot,Tomato_Late_blight,0.2662,Tomato_Septoria_leaf_spot,False,2.51988648106666,0.8934448136859816,0.2473704272668559,0.3460796766662168,uncertainty_score,13.11749120836348,0.7449763327915385,0.5,0.115952804084891,3.163881871710414,12,225,225.jpg
Tomato___Septoria_leaf_spot/226.jpg,Tomato___Septoria_leaf_spot,Tomato_Septoria_leaf_spot,0.7799,Tomato_Septoria_leaf_spot,True,2.0327630550615554,0.254949273808967,0.4820317087535223,0.3801248998228677,density_score,41.54578098834328,0.2406736006993304,1.2,0.4943536538287537,3.422877682141792,12,226,226.jpg
Tomato___Septoria_leaf_spot/227.jpg,Tomato___Septoria_leaf_spot,Tomato_Septoria_leaf_spot,0.6955,Tomato_Septoria_leaf_spot,True,1.9950264550176515,0.3723388950108943,0.3684050577013583,0.5489969157707479,outlier_score,39.561858851819885,0.2016061498520532,0.7,0.4679462326262728,2.805131648643515,6,227,227.jpg
Tomato___Septoria_leaf_spot/228.jpg,Tomato___Septoria_leaf_spot,Tomato_Tomato_mosaic_virus,0.3275,Tomato_Septoria_leaf_spot,False,2.452726327608389,0.8185082893136386,0.1901402562629657,0.3993401284172502,uncertainty_score,25.28369156319115,0.6754476526488121,0.5,0.2778936238827447,3.267735741121741,12,228,228.jpg
Tomato___Septoria_leaf_spot/229.jpg,Tomato___Septoria_leaf_spot,Tomato_Leaf_Mold,0.8403,Tomato_Septoria_leaf_spot,False,1.8558449733654625,0.181756911382105,0.3139168796537159,0.6078737234549216,outlier_score,38.81960010744711,0.0575161765377643,0.7,0.4580662383749734,2.502131710637989,3,229,229.jpg
Tomato___Septoria_leaf_spot/230.jpg,Tomato___Septoria_leaf_spot,Tomato_Septoria_leaf_spot,0.4958,Tomato_Septoria_leaf_spot,True,2.264928327799644,0.6120419736813618,0.3073929011679642,0.2301344343401972,uncertainty_score,27.45094783655205,0.4810266099950154,0.5,0.3067413534436703,2.922165250155536,6,230,230.jpg
Tomato___Septoria_leaf_spot/231.jpg,Tomato___Septoria_leaf_spot,Tomato_Septoria_leaf_spot,0.7097,Tomato_Septoria_leaf_spot,True,1.985661759517983,0.3431580252545841,0.3624231850502515,0.4040741750088489,outlier_score,27.941691624106205,0.1919111910929872,0.7,0.3132735039055594,2.553732638044313,3,231,231.jpg
Tomato___Septoria_leaf_spot/232.jpg,Tomato___Septoria_leaf_spot,Tomato_Septoria_leaf_spot,0.5627,Tomato_Septoria_leaf_spot,True,2.2300217719255,0.5316366548002471,0.503857077376756,0.8155197503096052,outlier_score,16.566503649422668,0.4448890100449862,0.7,0.1618616240868967,2.8325704562203176,6,232,232.jpg
Tomato___Septoria_leaf_spot/233.jpg,Tomato___Septoria_leaf_spot,Tomato_Septoria_leaf_spot,0.6843,Tomato_Septoria_leaf_spot,True,2.0662806183082365,0.3827610089508375,0.4157828584696025,0.3731496910479274,density_score,17.34103290399297,0.2753732226349782,1.2,0.1721711618870666,3.0090031881005563,6,233,233.jpg
Tomato___Septoria_leaf_spot/234.jpg,Tomato___Septoria_leaf_spot,Tomato_Target_Spot,0.4974,Tomato_Septoria_leaf_spot,False,2.269469474136435,0.6123554262729874,0.4616693103946381,0.6566500083881823,outlier_score,11.634175460481467,0.4857279082332367,0.7,0.0962088116118621,2.815769033884266,6,234,234.jpg
Tomato___Septoria_leaf_spot/235.jpg,Tomato___Septoria_leaf_spot,Tomato_Septoria_leaf_spot,0.464,Tomato_Septoria_leaf_spot,True,2.309818257070506,0.6462997113679472,0.3828749475393873,0.3966552464070498,uncertainty_score,20.177156959250617,0.5274996654183127,0.5,0.2099219995489326,2.8698823301600243,6,235,235.jpg
Tomato___Septoria_leaf_spot/236.jpg,Tomato___Septoria_leaf_spot,Tomato_Early_blight,0.2825,Tomato_Septoria_leaf_spot,False,2.4989005263269464,0.8714814078351474,0.2678899394548824,0.5676875709611078,uncertainty_score,25.02125348923187,0.7232502696506333,0.5,0.2744003855993335,3.358101117700267,12,236,236.jpg
Tomato___Septoria_leaf_spot/237.jpg,Tomato___Septoria_leaf_spot,Tomato_Leaf_Mold,0.5094,Tomato_Septoria_leaf_spot,False,1.996758950096384,0.5867497042631695,0.2836033678520271,0.5436730790366202,uncertainty_score,9.47050533639549,0.2033997445652172,0.5,0.0674088162601852,2.0079127135207124,0,237,237.jpg
Tomato___Septoria_leaf_spot/238.jpg,Tomato___Septoria_leaf_spot,Tomato_Leaf_Mold,0.5474,Tomato_Septoria_leaf_spot,False,1.907712267615385,0.538451994942492,0.3172773842253055,0.540044200887172,outlier_score,7.53007523646677,0.111212666585427,0.7,0.0415803051410011,1.9847957908823557,0,238,238.jpg
Tomato___Septoria_leaf_spot/239.jpg,Tomato___Septoria_leaf_spot,Tomato_Leaf_Mold,0.5475,Tomato_Septoria_leaf_spot,False,2.1098361519688424,0.5464420064305812,0.2650621552917134,0.5995767231785054,outlier_score,38.98653832066056,0.3204648225256136,0.7,0.4602883052746566,3.0313621029632127,6,239,239.jpg
Tomato___Septoria_leaf_spot/240.jpg,Tomato___Septoria_leaf_spot,Tomato_Leaf_Mold,0.4114,Tomato_Septoria_leaf_spot,False,2.084416070611228,0.7176194864357862,0.3396969326295066,0.5701018115458909,uncertainty_score,7.747446519874822,0.2941482551131549,0.5,0.0444736722407499,2.1550070185874346,0,240,240.jpg
Tomato___Septoria_leaf_spot/241.jpg,Tomato___Septoria_leaf_spot,Tomato_Septoria_leaf_spot,0.4524,Tomato_Septoria_leaf_spot,True,2.079952027410532,0.6696463136031848,0.2546469441545498,0.3784393207789053,uncertainty_score,10.970667362551389,0.2895267791953348,0.5,0.0873770447341553,2.210119125491903,0,241,241.jpg
Tomato___Septoria_leaf_spot/242.jpg,Tomato___Septoria_leaf_spot,Tomato_Leaf_Mold,0.4655,Tomato_Septoria_leaf_spot,False,2.1448197290110125,0.6443618768051511,0.1827589664881566,0.367179899117217,uncertainty_score,52.69589013081968,0.3566821599372201,0.5,0.6427695735659023,3.1775186802232938,12,242,242.jpg
Tomato___Septoria_leaf_spot/243.jpg,Tomato___Septoria_leaf_spot,Tomato_Septoria_leaf_spot,0.6422,Tomato_Septoria_leaf_spot,True,2.18090997508538,0.4297361877470185,0.4509823088281264,0.4094571566171721,density_score,61.14573352272484,0.3940451951056273,1.2,0.7552430267509481,4.120954930337677,12,243,243.jpg
Tomato___Septoria_leaf_spot/244.jpg,Tomato___Septoria_leaf_spot,Tomato_Septoria_leaf_spot,0.4405,Tomato_Septoria_leaf_spot,True,2.519545292124647,0.6763367751787519,0.5174227860716382,0.5156091609090971,uncertainty_score,20.65057679922992,0.7446231111921837,0.5,0.2162235558901772,3.313581556219633,12,244,244.jpg
Tomato___Septoria_leaf_spot/245.jpg,Tomato___Septoria_leaf_spot,Tomato_Septoria_leaf_spot,0.4179,Tomato_Septoria_leaf_spot,True,2.3120968876153687,0.7101481274089464,0.3610303896832748,0.4133521163974482,uncertainty_score,13.85199869053392,0.5298586560721329,0.5,0.1257296234977933,2.748311747390956,6,245,245.jpg
Tomato___Septoria_leaf_spot/246.jpg,Tomato___Septoria_leaf_spot,Tomato_Early_blight,0.3953,Tomato_Septoria_leaf_spot,False,2.1001478185226827,0.7369271906970345,0.1441938248681551,0.509115023135067,uncertainty_score,5.527692920681578,0.3104348121309432,0.5,0.0149271657622544,2.143260372905268,0,246,246.jpg
Tomato___Septoria_leaf_spot/247.jpg,Tomato___Septoria_leaf_spot,Tomato_Septoria_leaf_spot,0.7096,Tomato_Septoria_leaf_spot,True,1.9958254122248344,0.3483911022321712,0.3261597423621869,0.343356737970122,uncertainty_score,13.8586531200595,0.2024332837587746,0.5,0.1258181987095464,2.0935938655818687,0,247,247.jpg
Tomato___Septoria_leaf_spot/248.jpg,Tomato___Septoria_leaf_spot,Tomato_Tomato_mosaic_virus,0.7875,Tomato_Septoria_leaf_spot,False,2.0327469326458645,0.2406610228943792,0.3622677417459,0.5965798576235994,outlier_score,23.17229382777291,0.2406569096969133,0.7,0.2497894113742532,2.555997936455207,3,248,248.jpg
Tomato___Septoria_leaf_spot/249.jpg,Tomato___Septoria_leaf_spot,Tomato_Septoria_leaf_spot,0.3173,Tomato_Septoria_leaf_spot,True,2.4245914219013134,0.8350855126305804,0.3396413424053964,0.3806063397979652,uncertainty_score,16.145940756938476,0.6463205175988829,0.5,0.1562636314845127,3.027036482424535,6,249,249.jpg
Tomato___Septoria_leaf_spot/250.jpg,Tomato___Septoria_leaf_spot,Tomato_Septoria_leaf_spot,0.5596,Tomato_Septoria_leaf_spot,True,2.1025534671599173,0.5374955285714402,0.20181448590145,0.2347727250344673,uncertainty_score,11.59963694195556,0.31292530040444,0.5,0.0957490792515883,2.2694742196862623,0,250,250.jpg
Tomato___Septoria_leaf_spot/251.jpg,Tomato___Septoria_leaf_spot,Tomato_Septoria_leaf_spot,0.4516,Tomato_Septoria_leaf_spot,True,2.117588139563586,0.674899341594383,0.1179828767510407,0.283095562517596,uncertainty_score,11.02399594576346,0.3284901982609476,0.5,0.088086886281405,2.2891107259440027,0,251,251.jpg
Tomato___Septoria_leaf_spot/252.jpg,Tomato___Septoria_leaf_spot,Tomato_Septoria_leaf_spot,0.4407,Tomato_Septoria_leaf_spot,True,2.1679407669993074,0.6793272104411487,0.1402320015986773,0.2960200570281864,uncertainty_score,11.570464490043848,0.3806186039754969,0.5,0.0953607730721473,2.4042783675592148,3,252,252.jpg
Tomato___Septoria_leaf_spot/253.jpg,Tomato___Septoria_leaf_spot,Tomato_Septoria_leaf_spot,0.8675,Tomato_Septoria_leaf_spot,True,1.894480524646807,0.1539759377475172,0.4409457964230342,0.4866487869884576,outlier_score,23.585625259063026,0.0975142817959305,0.7,0.2552911480610718,2.277965285683469,0,253,253.jpg
Tomato___Septoria_leaf_spot/254.jpg,Tomato___Septoria_leaf_spot,Tomato_Septoria_leaf_spot,0.9269,Tomato_Septoria_leaf_spot,True,1.811861046477352,0.0755547102237195,0.4022698928024607,0.5018992462464409,outlier_score,18.77273214557546,0.0119810753423115,0.7,0.1912281017798765,2.010804303354438,0,254,254.jpg
Tomato___Septoria_leaf_spot/255.jpg,Tomato___Septoria_leaf_spot,Tomato_Septoria_leaf_spot,0.309,Tomato_Septoria_leaf_spot,True,2.5120849560238847,0.8418369356366262,0.2247746835301476,0.2408417243318972,uncertainty_score,37.44728899521967,0.7368996725786994,0.5,0.4397997969182838,3.633499040534824,12,255,255.jpg
Tomato___Septoria_leaf_spot/256.jpg,Tomato___Septoria_leaf_spot,Tomato_Leaf_Mold,0.6149,Tomato_Septoria_leaf_spot,False,2.0953996028765607,0.4665319899355264,0.4898018556897684,0.6315424681469364,outlier_score,13.595851976958572,0.3055191419022706,0.7,0.1223201277164373,2.494518475379197,3,256,256.jpg
Tomato___Septoria_leaf_spot/257.jpg,Tomato___Septoria_leaf_spot,Tomato_Septoria_leaf_spot,0.8199,Tomato_Septoria_leaf_spot,True,1.9815778677366187,0.2116274950682203,0.3615325870644492,0.3372820519046322,density_score,22.396041522868668,0.1876832733354672,1.2,0.2394569385429732,2.9345519544853937,6,257,257.jpg
Tomato___Septoria_leaf_spot/258.jpg,Tomato___Septoria_leaf_spot,Tomato_Septoria_leaf_spot,0.7787,Tomato_Septoria_leaf_spot,True,1.964211550363664,0.2600213387174469,0.3559538804910217,0.2656714850701009,density_score,21.23120584538487,0.1697045007492568,1.2,0.223952143369461,2.8753372165527047,6,258,258.jpg
Tomato___Septoria_leaf_spot/259.jpg,Tomato___Septoria_leaf_spot,Tomato_Tomato_mosaic_virus,0.6727,Tomato_Septoria_leaf_spot,False,1.9276352085418569,0.3971371921106007,0.3760840404847461,0.5562596209821118,outlier_score,26.765556563731288,0.1318382267703033,0.7,0.2976183058720556,2.4101039123486903,3,259,259.jpg
Tomato___Septoria_leaf_spot/260.jpg,Tomato___Septoria_leaf_spot,Tomato_Septoria_leaf_spot,0.7624,Tomato_Septoria_leaf_spot,True,1.894436837333617,0.2839912253964285,0.4068623712340251,0.4148654216549465,outlier_score,12.916910554091045,0.0974690537690621,0.7,0.1132829322562902,2.06486250592256,0,260,260.jpg
Tomato___Septoria_leaf_spot/261.jpg,Tomato___Septoria_leaf_spot,Tomato_Septoria_leaf_spot,0.7181,Tomato_Septoria_leaf_spot,True,2.020855728936809,0.3376720137599924,0.471877092410461,0.4526425242580275,density_score,13.430597164336753,0.2283463407564683,1.2,0.1201204680814635,2.8368733836351314,6,261,261.jpg
Tomato___Septoria_leaf_spot/262.jpg,Tomato___Septoria_leaf_spot,Tomato_Late_blight,0.2928,Tomato_Septoria_leaf_spot,False,2.571261177265317,0.8579930447810846,0.3124341395012622,0.3595717012480514,uncertainty_score,17.312551665888023,0.7981628524090911,0.5,0.1717920562572844,3.354013789204109,12,262,262.jpg
Tomato___Septoria_leaf_spot/263.jpg,Tomato___Septoria_leaf_spot,Tomato_Early_blight,0.5049,Tomato_Septoria_leaf_spot,False,2.307005142615881,0.5846023101648125,0.356806686982137,0.4816639113914037,uncertainty_score,19.02232205061634,0.5245873412938297,0.5,0.194550321754624,2.841000165219595,6,263,263.jpg
Tomato___Septoria_leaf_spot/264.jpg,Tomato___Septoria_leaf_spot,Tomato_Septoria_leaf_spot,0.24,Tomato_Septoria_leaf_spot,True,2.656195739666251,0.9248070681564312,0.3600009386126245,0.2786988025866664,uncertainty_score,40.04044711151826,0.886092788809642,0.5,0.4743165843269522,3.983660454109713,12,264,264.jpg
Tomato___Septoria_leaf_spot/265.jpg,Tomato___Septoria_leaf_spot,Tomato_Septoria_leaf_spot,0.7735,Tomato_Septoria_leaf_spot,True,1.8993028273477544,0.2632275404974171,0.5409771389653238,0.5209069493093361,density_score,22.12331943549141,0.1025066518960658,1.2,0.2358268126927664,2.758753522831281,6,265,265.jpg
Tomato___Septoria_leaf_spot/266.jpg,Tomato___Septoria_leaf_spot,Tomato_Tomato_yellow_Leaf_Curl_Virus,0.4177,Tomato_Septoria_leaf_spot,False,2.300123814485837,0.7030117976254895,0.3108526099983574,0.5817640554644357,uncertainty_score,19.268935601807453,0.5174633304350955,0.5,0.1978329243329467,2.831676047369611,6,266,266.jpg
Tomato___Septoria_leaf_spot/267.jpg,Tomato___Septoria_leaf_spot,Tomato_Septoria_leaf_spot,0.8711,Tomato_Septoria_leaf_spot,True,1.80753920666881,0.1422200616013407,0.4038079267575455,0.4831389130088718,outlier_score,22.38738917769928,0.0075068178815552,0.7,0.2393417696464368,2.0740262902327657,0,267,267.jpg
Tomato___Septoria_leaf_spot/268.jpg,Tomato___Septoria_leaf_spot,Tomato_Septoria_leaf_spot,0.4827,Tomato_Septoria_leaf_spot,True,2.3497404953245207,0.6274725309641579,0.474927996367113,0.4554775299025494,uncertainty_score,22.24733480343848,0.5688298350384545,0.5,0.2374775458524345,2.9938759888555606,6,268,268.jpg
Tomato___Septoria_leaf_spot/269.jpg,Tomato___Septoria_leaf_spot,Tomato_Early_blight,0.2551,Tomato_Septoria_leaf_spot,False,2.5750749060191307,0.9030617933877464,0.4468819305539998,0.5835899518030119,uncertainty_score,16.701286563381327,0.802111079341595,0.5,0.1636556809776784,3.349705680149708,12,269,269.jpg
Tomato___Septoria_leaf_spot/270.jpg,Tomato___Septoria_leaf_spot,Tomato_Septoria_leaf_spot,0.4635,Tomato_Septoria_leaf_spot,True,2.2271641569017087,0.6497822716327548,0.3996739909645068,0.4351093700572708,uncertainty_score,10.987334078740917,0.4419306159566865,0.5,0.0875988906354518,2.5152595678665506,3,270,270.jpg
Tomato___Septoria_leaf_spot/271.jpg,Tomato___Septoria_leaf_spot,Tomato_Early_blight,0.3236,Tomato_Septoria_leaf_spot,False,2.6784526311665653,0.8149577478172668,0.3561655204242517,0.5407705044271007,uncertainty_score,22.8482547857716,0.9091346106401746,0.5,0.2454762201906656,3.686483551566348,12,271,271.jpg
Tomato___Septoria_leaf_spot/272.jpg,Tomato___Septoria_leaf_spot,Tomato_Septoria_leaf_spot,0.7485,Tomato_Septoria_leaf_spot,True,1.982761287418392,0.301604645246224,0.4456745260966482,0.5295549554227894,outlier_score,27.682834594439047,0.1889084284950626,0.7,0.3098279318804282,2.542558754810768,3,272,272.jpg
Tomato___Septoria_leaf_spot/273.jpg,Tomato___Septoria_leaf_spot,Tomato_Late_blight,0.2469,Tomato_Septoria_leaf_spot,False,2.507618699184324,0.9203490511113196,0.4226834171113224,0.4841316545017933,uncertainty_score,10.299137034781022,0.7322759049539572,0.5,0.0784384962451768,3.0822095542756798,6,273,273.jpg
Tomato___Septoria_leaf_spot/274.jpg,Tomato___Septoria_leaf_spot,Tomato_Spider_mites Two-spotted_spider_mite,0.3367,Tomato_Septoria_leaf_spot,False,2.5785507822406872,0.8091240714373383,0.371205098929961,0.3841983117253183,uncertainty_score,29.40456632575861,0.8057095387491434,0.5,0.3327454114475989,3.6105371946696847,12,274,274.jpg
Tomato___Septoria_leaf_spot/275.jpg,Tomato___Septoria_leaf_spot,Tomato_Septoria_leaf_spot,0.9055,Tomato_Septoria_leaf_spot,True,1.886017110701173,0.1028431155000385,0.3672250281668878,0.4473553509711259,outlier_score,14.540239764113084,0.08875238994726,0.7,0.1348906039537611,2.079840685825162,0,275,275.jpg
Tomato___Septoria_leaf_spot/276.jpg,Tomato___Septoria_leaf_spot,Tomato_Septoria_leaf_spot,0.4175,Tomato_Septoria_leaf_spot,True,2.334844070073783,0.7099573366047085,0.3718119285135937,0.4664625418032278,uncertainty_score,14.153039188064565,0.5534080598757146,0.5,0.1297366876214021,2.8014211511835327,6,276,276.jpg
Tomato___Septoria_leaf_spot/277.jpg,Tomato___Septoria_leaf_spot,Tomato_Septoria_leaf_spot,0.3679,Tomato_Septoria_leaf_spot,True,2.36936264851584,0.7762342343580544,0.2879805850018324,0.2853402366411371,uncertainty_score,22.85945668234195,0.5891439996539137,0.5,0.2456253254380712,3.0467259874649346,6,277,277.jpg
Tomato___Septoria_leaf_spot/278.jpg,Tomato___Septoria_leaf_spot,Tomato_Septoria_leaf_spot,0.9486,Tomato_Septoria_leaf_spot,True,1.820235677849528,0.0497007828260492,0.3919365814832991,0.4025605647527263,outlier_score,20.060397709456524,0.0206510535363172,0.7,0.2083678505065707,2.053853882832491,0,278,278.jpg
Tomato___Septoria_leaf_spot/279.jpg,Tomato___Septoria_leaf_spot,Tomato_Septoria_leaf_spot,0.421,Tomato_Septoria_leaf_spot,True,2.449981791486337,0.7036781614801052,0.3561863148451331,0.3700285414808803,uncertainty_score,20.44044261369295,0.6726063253982889,0.5,0.2134265197341922,3.165352430397866,12,279,279.jpg
Tomato___Septoria_leaf_spot/280.jpg,Tomato___Septoria_leaf_spot,Tomato_Septoria_leaf_spot,0.6562,Tomato_Septoria_leaf_spot,True,2.2242021389479154,0.4111344537970363,0.3604366820353749,0.3208147738367847,uncertainty_score,44.78757404569433,0.4388641369764937,0.5,0.5375042357698199,3.183984627607717,12,280,280.jpg
Tomato___Septoria_leaf_spot/281.jpg,Tomato___Septoria_leaf_spot,Tomato_Septoria_leaf_spot,0.5419,Tomato_Septoria_leaf_spot,True,1.93439241277026,0.5566045355156491,0.3081641710436908,0.5533506810819673,uncertainty_score,57.007586646770086,0.1388337362690664,0.5,0.7001613350155228,2.827909475061417,6,281,281.jpg
Tomato___Septoria_leaf_spot/282.jpg,Tomato___Septoria_leaf_spot,Tomato_Septoria_leaf_spot,0.8702,Tomato_Septoria_leaf_spot,True,1.9294380510858808,0.1477685862719144,0.2846650415585208,0.1328625216399325,density_score,46.57716586018152,0.1337046498818738,1.2,0.5613249815317936,3.309396772061438,12,282,282.jpg
Tomato___Septoria_leaf_spot/283.jpg,Tomato___Septoria_leaf_spot,Tomato_Septoria_leaf_spot,0.5184,Tomato_Septoria_leaf_spot,True,2.2343019010172966,0.5910079156015966,0.2289700438357516,0.2405466109167987,uncertainty_score,14.493397427978866,0.4493200857836382,0.5,0.1342670989897145,2.600040820051848,3,283,283.jpg
Tomato___Septoria_leaf_spot/284.jpg,Tomato___Septoria_leaf_spot,Tomato_Septoria_leaf_spot,0.6354,Tomato_Septoria_leaf_spot,True,2.0600804047783434,0.4413819638551181,0.3360505319943855,0.2262200904210129,uncertainty_score,18.719010649019072,0.2689543471390431,0.5,0.1905130302752668,2.3236782396909867,3,284,284.jpg
Tomato___Spider_mites Two-spotted_spider_mite/1.jpg,Tomato___Spider_mites Two-spotted_spider_mite,Tomato_Spider_mites Two-spotted_spider_mite,0.4226,Tomato_Spider_mites Two-spotted_spider_mite,True,2.168615872313932,0.6965918570159624,0.3794971557541315,0.4680584960574045,uncertainty_score,19.762286306832166,0.3813175181242319,0.5,0.2043997747290812,2.5692346983420857,3,1,1.jpg
Tomato___Spider_mites Two-spotted_spider_mite/2.jpg,Tomato___Spider_mites Two-spotted_spider_mite,Tomato_healthy,0.2242,Tomato_Spider_mites Two-spotted_spider_mite,False,2.5275789646653126,0.9452855274534444,0.1935766729102253,0.1424395114902264,uncertainty_score,37.51736766951793,0.752940106012608,0.5,0.4407325941462782,3.666979103244633,12,2,2.jpg
Tomato___Spider_mites Two-spotted_spider_mite/3.jpg,Tomato___Spider_mites Two-spotted_spider_mite,Tomato_Tomato_yellow_Leaf_Curl_Virus,0.2276,Tomato_Spider_mites Two-spotted_spider_mite,False,2.5436996352772194,0.9411232287656376,0.2302566493304543,0.2197930680283503,uncertainty_score,22.82233182744669,0.7696293018072237,0.5,0.2451311670927149,3.40695535425352,12,3,3.jpg
Tomato___Spider_mites Two-spotted_spider_mite/4.jpg,Tomato___Spider_mites Two-spotted_spider_mite,Tomato_Spider_mites Two-spotted_spider_mite,0.6386,Tomato_Spider_mites Two-spotted_spider_mite,True,1.828362615576892,0.4332772709850857,0.4222649542901495,0.5614701157335842,outlier_score,30.431158969650436,0.0290646027122705,0.7,0.346410093065662,2.2777443450230344,0,4,4.jpg
Tomato___Spider_mites Two-spotted_spider_mite/5.jpg,Tomato___Spider_mites Two-spotted_spider_mite,Tomato_Spider_mites Two-spotted_spider_mite,0.4461,Tomato_Spider_mites Two-spotted_spider_mite,True,2.424792584726837,0.6640266303173977,0.4135490040705151,0.4053014131569041,uncertainty_score,25.725863386722462,0.6465287748024807,0.5,0.2837792467975242,3.218726419801248,12,5,5.jpg
Tomato___Spider_mites Two-spotted_spider_mite/6.jpg,Tomato___Spider_mites Two-spotted_spider_mite,Tomato_Spider_mites Two-spotted_spider_mite,0.4737,Tomato_Spider_mites Two-spotted_spider_mite,True,2.2283442826443576,0.6440580302571162,0.4605817317655167,0.471741113380601,uncertainty_score,19.01786269559748,0.4431523610103188,0.5,0.1944909645529946,2.6780411688501298,3,6,6.jpg
Tomato___Spider_mites Two-spotted_spider_mite/7.jpg,Tomato___Spider_mites Two-spotted_spider_mite,Tomato_Leaf_Mold,0.3712,Tomato_Spider_mites Two-spotted_spider_mite,False,2.257328511750675,0.7651297957526066,0.3507571187497834,0.4305791498561059,uncertainty_score,16.22585640713132,0.4731587724156886,0.5,0.157327365890446,2.682308593667046,3,7,7.jpg
Tomato___Spider_mites Two-spotted_spider_mite/8.jpg,Tomato___Spider_mites Two-spotted_spider_mite,Tomato_Target_Spot,0.5961,Tomato_Spider_mites Two-spotted_spider_mite,False,2.081925046583703,0.4874793719450473,0.2937589534805221,0.6223245237507196,outlier_score,46.780255333710095,0.2915693805287596,0.7,0.5640282475373121,3.1291811323634877,12,8,8.jpg
Tomato___Spider_mites Two-spotted_spider_mite/9.jpg,Tomato___Spider_mites Two-spotted_spider_mite,Tomato_Spider_mites Two-spotted_spider_mite,0.6851,Tomato_Spider_mites Two-spotted_spider_mite,True,1.949354515650044,0.3771850701097091,0.2976652921169642,0.3665907507494823,uncertainty_score,21.908826357131986,0.1543235053035794,0.5,0.2329717565587691,2.158104645445313,0,9,9.jpg
Tomato___Spider_mites Two-spotted_spider_mite/10.jpg,Tomato___Spider_mites Two-spotted_spider_mite,Tomato_Spider_mites Two-spotted_spider_mite,0.4319,Tomato_Spider_mites Two-spotted_spider_mite,True,2.105806863349837,0.6867032479585126,0.2943549838836113,0.5069406816122006,uncertainty_score,17.128451365261935,0.3162934336116851,0.5,0.1693415497113692,2.3865991917904243,3,10,10.jpg
Tomato___Spider_mites Two-spotted_spider_mite/11.jpg,Tomato___Spider_mites Two-spotted_spider_mite,Tomato_healthy,0.4602,Tomato_Spider_mites Two-spotted_spider_mite,False,2.1288966118998904,0.6547044083685783,0.4425195395219085,0.5869402911109842,uncertainty_score,16.43090172465236,0.3401974847319696,0.5,0.1600566655770069,2.4204799678294497,3,11,11.jpg
Tomato___Spider_mites Two-spotted_spider_mite/12.jpg,Tomato___Spider_mites Two-spotted_spider_mite,Tomato_Spider_mites Two-spotted_spider_mite,0.428,Tomato_Spider_mites Two-spotted_spider_mite,True,2.0952156594104148,0.6921535693065332,0.3192961829767194,0.4484517700756851,uncertainty_score,17.415153114088856,0.3053287113305187,0.5,0.1731577548443126,2.370394054927506,3,12,12.jpg
Tomato___Spider_mites Two-spotted_spider_mite/13.jpg,Tomato___Spider_mites Two-spotted_spider_mite,Tomato_Spider_mites Two-spotted_spider_mite,0.6415,Tomato_Spider_mites Two-spotted_spider_mite,True,1.859707976224322,0.4355801352043246,0.3636091447673302,0.4313709552690853,uncertainty_score,18.680277883561924,0.0615154153175114,0.5,0.1899974694914368,1.9080270348721784,0,13,13.jpg
Tomato___Spider_mites Two-spotted_spider_mite/14.jpg,Tomato___Spider_mites Two-spotted_spider_mite,Tomato_Tomato_mosaic_virus,0.3886,Tomato_Spider_mites Two-spotted_spider_mite,False,2.0576747315607635,0.7427700297646955,0.2938372657571994,0.3293772250734975,uncertainty_score,12.954326779331604,0.2664638334183297,0.5,0.1137809689491343,2.2035991202603613,0,14,14.jpg
Tomato___Spider_mites Two-spotted_spider_mite/15.jpg,Tomato___Spider_mites Two-spotted_spider_mite,Tomato_Spider_mites Two-spotted_spider_mite,0.5652,Tomato_Spider_mites Two-spotted_spider_mite,True,1.818820637125398,0.5291639113947407,0.204928028788309,0.2983717770211294,uncertainty_score,10.34895338039121,0.0191861087910956,0.5,0.0791015874003579,1.657024598682728,0,15,15.jpg
Tomato___Spider_mites Two-spotted_spider_mite/16.jpg,Tomato___Spider_mites Two-spotted_spider_mite,Tomato_Spider_mites Two-spotted_spider_mite,0.5125,Tomato_Spider_mites Two-spotted_spider_mite,True,1.890863035560325,0.592404929910242,0.2388572916263717,0.3410028155722162,uncertainty_score,10.813799573481838,0.0937692152845788,0.5,0.0852890223754145,1.8154719641322796,0,16,16.jpg
Tomato___Spider_mites Two-spotted_spider_mite/17.jpg,Tomato___Spider_mites Two-spotted_spider_mite,Tomato_Leaf_Mold,0.2596,Tomato_Spider_mites Two-spotted_spider_mite,False,2.56859581896225,0.8973237340878659,0.2626267549242069,0.3440444223618669,uncertainty_score,26.073092095593687,0.7954034953293782,0.5,0.2884011090167868,3.5234086541839367,12,17,17.jpg
Tomato___Spider_mites Two-spotted_spider_mite/18.jpg,Tomato___Spider_mites Two-spotted_spider_mite,Tomato_healthy,0.3671,Tomato_Spider_mites Two-spotted_spider_mite,False,2.416402822908205,0.7737038546910043,0.3982909276746892,0.5030912606779641,uncertainty_score,20.286753532309557,0.6378431325589179,0.5,0.2113808082460257,3.0927574774868742,6,18,18.jpg
Tomato___Spider_mites Two-spotted_spider_mite/19.jpg,Tomato___Spider_mites Two-spotted_spider_mite,Tomato_Spider_mites Two-spotted_spider_mite,0.5792,Tomato_Spider_mites Two-spotted_spider_mite,True,2.1533040544555733,0.5010554455663565,0.2763457842961244,0.3052143569009335,uncertainty_score,36.50407099803047,0.3654657007673969,0.5,0.4272448914212444,2.8717987386666604,6,19,19.jpg
Tomato___Spider_mites Two-spotted_spider_mite/20.jpg,Tomato___Spider_mites Two-spotted_spider_mite,Tomato_Spider_mites Two-spotted_spider_mite,0.6617,Tomato_Spider_mites Two-spotted_spider_mite,True,1.91011414013824,0.4045311855402147,0.303292554479495,0.4649691440090641,outlier_score,16.279601342414963,0.1136992455729057,0.7,0.158042749381263,2.164462615217706,0,20,20.jpg
Tomato___Spider_mites Two-spotted_spider_mite/21.jpg,Tomato___Spider_mites Two-spotted_spider_mite,Tomato_Tomato_yellow_Leaf_Curl_Virus,0.5434,Tomato_Spider_mites Two-spotted_spider_mite,False,2.131257026460649,0.5522792296573739,0.249659290626971,0.5967299885916626,outlier_score,23.16128299803903,0.3426411436658519,0.7,0.2496428493629633,2.759746561376149,6,21,21.jpg
Tomato___Spider_mites Two-spotted_spider_mite/22.jpg,Tomato___Spider_mites Two-spotted_spider_mite,Tomato_Late_blight,0.4776,Tomato_Spider_mites Two-spotted_spider_mite,False,2.243171679086544,0.6331661068929496,0.3060356180615819,0.488988401486064,uncertainty_score,15.398021285662177,0.4585026729362548,0.5,0.146308288913387,2.63646777924259,3,22,22.jpg
Tomato___Spider_mites Two-spotted_spider_mite/23.jpg,Tomato___Spider_mites Two-spotted_spider_mite,Tomato_Spider_mites Two-spotted_spider_mite,0.2843,Tomato_Spider_mites Two-spotted_spider_mite,True,2.386450612819341,0.8701860698032764,0.388253875277372,0.5667418805229771,uncertainty_score,17.047482280222447,0.6068346025362712,0.5,0.1682637933349198,2.966064895074922,6,23,23.jpg
Tomato___Spider_mites Two-spotted_spider_mite/24.jpg,Tomato___Spider_mites Two-spotted_spider_mite,Tomato_Late_blight,0.4094,Tomato_Spider_mites Two-spotted_spider_mite,False,2.391876166799112,0.7154270178251962,0.3330942238486446,0.434986728181874,uncertainty_score,14.244922548156218,0.6124514986842378,0.5,0.1309597207973369,2.921342578564481,6,24,24.jpg
Tomato___Spider_mites Two-spotted_spider_mite/25.jpg,Tomato___Spider_mites Two-spotted_spider_mite,Tomato_Spider_mites Two-spotted_spider_mite,0.562,Tomato_Spider_mites Two-spotted_spider_mite,True,2.1791741658747696,0.5283963146192087,0.6613561042702875,0.6535956950974748,density_score,28.521720148068084,0.3922481693816119,1.2,0.3209940980053642,3.46598748577127,12,25,25.jpg
Tomato___Spider_mites Two-spotted_spider_mite/26.jpg,Tomato___Spider_mites Two-spotted_spider_mite,Tomato_Spider_mites Two-spotted_spider_mite,0.8547,Tomato_Spider_mites Two-spotted_spider_mite,True,1.839560474316562,0.1624733700151192,0.5910182469664752,0.5950595186195191,outlier_score,19.087103277579576,0.0406573745941531,0.7,0.1954126061734215,2.0744336584484384,0,26,26.jpg
Tomato___Spider_mites Two-spotted_spider_mite/27.jpg,Tomato___Spider_mites Two-spotted_spider_mite,Tomato_Spider_mites Two-spotted_spider_mite,0.7713,Tomato_Spider_mites Two-spotted_spider_mite,True,2.0428440729371315,0.2735741361562096,0.3413286639482349,0.1814903321179864,density_score,42.94048977273223,0.2511101442641027,1.2,0.512918224305648,3.4715976249866776,12,27,27.jpg
Tomato___Spider_mites Two-spotted_spider_mite/28.jpg,Tomato___Spider_mites Two-spotted_spider_mite,Tomato_Spider_mites Two-spotted_spider_mite,0.7813,Tomato_Spider_mites Two-spotted_spider_mite,True,1.9564687218758767,0.2500908325314134,0.3502542596010244,0.3546327708760808,outlier_score,17.340276057253927,0.1616886071336795,0.7,0.1721610877161827,2.281618845841633,0,28,28.jpg
Tomato___Spider_mites Two-spotted_spider_mite/29.jpg,Tomato___Spider_mites Two-spotted_spider_mite,Tomato_Spider_mites Two-spotted_spider_mite,0.6436,Tomato_Spider_mites Two-spotted_spider_mite,True,1.823234826888137,0.4266199133135848,0.3073826573695916,0.1999020244040435,uncertainty_score,27.47929608426348,0.0237559730975176,0.5,0.3071186888762896,2.0081899795094698,0,29,29.jpg
Tomato___Spider_mites Two-spotted_spider_mite/30.jpg,Tomato___Spider_mites Two-spotted_spider_mite,Tomato_Spider_mites Two-spotted_spider_mite,0.3927,Tomato_Spider_mites Two-spotted_spider_mite,True,2.441493803203806,0.7384272113500282,0.329831418241822,0.4336342562510093,uncertainty_score,22.21293763997501,0.6638189925534049,0.5,0.2370196950290438,3.1831675276503755,12,30,30.jpg
Tomato___Spider_mites Two-spotted_spider_mite/31.jpg,Tomato___Spider_mites Two-spotted_spider_mite,Tomato_Tomato_mosaic_virus,0.2459,Tomato_Spider_mites Two-spotted_spider_mite,False,2.634699504029728,0.9169661720219252,0.2428223874474512,0.261623344324089,uncertainty_score,21.402561544976425,0.8638384487749197,0.5,0.2262330101692486,3.5670264128037124,12,31,31.jpg
Tomato___Spider_mites Two-spotted_spider_mite/32.jpg,Tomato___Spider_mites Two-spotted_spider_mite,Tomato_Spider_mites Two-spotted_spider_mite,0.564,Tomato_Spider_mites Two-spotted_spider_mite,True,2.1256395267654686,0.534404082066056,0.3260361657064331,0.1981015889917662,uncertainty_score,12.30992879110475,0.3368255324827903,0.5,0.1052035712862612,2.331456421894973,3,32,32.jpg
Tomato___Spider_mites Two-spotted_spider_mite/33.jpg,Tomato___Spider_mites Two-spotted_spider_mite,Tomato_Spider_mites Two-spotted_spider_mite,0.4242,Tomato_Spider_mites Two-spotted_spider_mite,True,2.216541725445502,0.7098502661649948,0.3819375966534801,0.4060364972260604,uncertainty_score,13.44366022406436,0.430933564862759,0.5,0.120294346740343,2.5423086498360328,3,33,33.jpg
Tomato___Spider_mites Two-spotted_spider_mite/34.jpg,Tomato___Spider_mites Two-spotted_spider_mite,Tomato_Spider_mites Two-spotted_spider_mite,0.7802,Tomato_Spider_mites Two-spotted_spider_mite,True,1.924071627892624,0.2500259547908554,0.4504821408064479,0.4770846756867988,outlier_score,40.94301516491021,0.128148969876671,0.7,0.4863304100265797,2.685793554793212,3,34,34.jpg
Tomato___Spider_mites Two-spotted_spider_mite/35.jpg,Tomato___Spider_mites Two-spotted_spider_mite,Tomato_Spider_mites Two-spotted_spider_mite,0.7401,Tomato_Spider_mites Two-spotted_spider_mite,True,2.037199323751504,0.2985118686732657,0.3346225952164977,0.2715159513557206,density_score,17.591613191552632,0.2452663225870532,1.2,0.1755065645607938,2.953792492015297,6,35,35.jpg
Tomato___Spider_mites Two-spotted_spider_mite/36.jpg,Tomato___Spider_mites Two-spotted_spider_mite,Tomato_Spider_mites Two-spotted_spider_mite,0.5946,Tomato_Spider_mites Two-spotted_spider_mite,True,2.025897628478928,0.4911173284380935,0.1705276621918057,0.1045347140210538,uncertainty_score,14.237596575065025,0.2335660521854119,0.5,0.1308622068608897,2.1634254146621585,0,36,36.jpg
Tomato___Spider_mites Two-spotted_spider_mite/37.jpg,Tomato___Spider_mites Two-spotted_spider_mite,Tomato_Spider_mites Two-spotted_spider_mite,0.2522,Tomato_Spider_mites Two-spotted_spider_mite,True,2.551290620083356,0.9099395728133302,0.4065603333182963,0.6628389211548937,uncertainty_score,19.813964601600865,0.7774879966936508,0.5,0.2050876497579745,3.3626074680242635,12,37,37.jpg
Tomato___Spider_mites Two-spotted_spider_mite/38.jpg,Tomato___Spider_mites Two-spotted_spider_mite,Tomato_Late_blight,0.3677,Tomato_Spider_mites Two-spotted_spider_mite,False,2.447789283656068,0.7721940802091339,0.3677818591024141,0.3517317886083405,uncertainty_score,21.681158675319967,0.6703364947354404,0.5,0.2299413370392118,3.1855849950296986,12,38,38.jpg
Tomato___Spider_mites Two-spotted_spider_mite/39.jpg,Tomato___Spider_mites Two-spotted_spider_mite,Tomato_Target_Spot,0.4531,Tomato_Spider_mites Two-spotted_spider_mite,False,2.3225554440427763,0.6542503380773149,0.5380816523322748,0.5240108267683163,uncertainty_score,26.96575397348805,0.5406860527821136,0.5,0.3002830764423144,3.0317967202276987,6,39,39.jpg
Tomato___Spider_mites Two-spotted_spider_mite/40.jpg,Tomato___Spider_mites Two-spotted_spider_mite,Tomato_Late_blight,0.4285,Tomato_Spider_mites Two-spotted_spider_mite,False,2.3754080079745314,0.6877955290074068,0.2453458538109671,0.4029359928780257,uncertainty_score,22.549314019281784,0.5954025598642076,0.5,0.2414971049875242,3.0530507772097017,6,40,40.jpg
Tomato___Spider_mites Two-spotted_spider_mite/41.jpg,Tomato___Spider_mites Two-spotted_spider_mite,Tomato_Spider_mites Two-spotted_spider_mite,0.5047,Tomato_Spider_mites Two-spotted_spider_mite,True,2.1378271002245866,0.6013741667034282,0.1845666064458816,0.1984060396937309,uncertainty_score,16.09318718969456,0.3494429231991695,0.5,0.1555614438106635,2.4322280121143343,3,41,41.jpg
Tomato___Spider_mites Two-spotted_spider_mite/42.jpg,Tomato___Spider_mites Two-spotted_spider_mite,Tomato_Spider_mites Two-spotted_spider_mite,0.6734,Tomato_Spider_mites Two-spotted_spider_mite,True,1.890423084313315,0.3926464406246381,0.2482508626377858,0.3552045942039433,uncertainty_score,12.334230353976892,0.09331374834538,0.5,0.1055270424522052,1.844918060369068,0,42,42.jpg
Tomato___Spider_mites Two-spotted_spider_mite/43.jpg,Tomato___Spider_mites Two-spotted_spider_mite,Tomato_Spider_mites Two-spotted_spider_mite,0.4503,Tomato_Spider_mites Two-spotted_spider_mite,True,2.1885568790253664,0.664669865774753,0.2991093054984005,0.3887789836086846,uncertainty_score,16.29940532691382,0.4019617812172986,0.5,0.1583063545654187,2.5413830942827254,3,43,43.jpg
Tomato___Spider_mites Two-spotted_spider_mite/44.jpg,Tomato___Spider_mites Two-spotted_spider_mite,Tomato_Spider_mites Two-spotted_spider_mite,0.8046,Tomato_Spider_mites Two-spotted_spider_mite,True,1.9652014380317089,0.2286275320884344,0.3625906989515315,0.4347550980272429,outlier_score,22.526510276716348,0.1707292986317019,0.7,0.2411935708800951,2.4032489535835464,3,44,44.jpg
Tomato___Spider_mites Two-spotted_spider_mite/45.jpg,Tomato___Spider_mites Two-spotted_spider_mite,Tomato_Spider_mites Two-spotted_spider_mite,0.658,Tomato_Spider_mites Two-spotted_spider_mite,True,1.9975846013613496,0.4088830927499716,0.2371239525240979,0.2620342702109158,uncertainty_score,27.09163368662232,0.2042545139449045,0.5,0.3019586253685486,2.361446965942632,3,45,45.jpg
Tomato___Spider_mites Two-spotted_spider_mite/46.jpg,Tomato___Spider_mites Two-spotted_spider_mite,Tomato_Spider_mites Two-spotted_spider_mite,0.3968,Tomato_Spider_mites Two-spotted_spider_mite,True,2.345272060972325,0.7215575948447173,0.3343820851369659,0.5491783644760215,uncertainty_score,13.501777586882088,0.5642038131070779,0.5,0.1210679303658549,2.810009521762938,6,46,46.jpg
Tomato___Spider_mites Two-spotted_spider_mite/47.jpg,Tomato___Spider_mites Two-spotted_spider_mite,Tomato_Spider_mites Two-spotted_spider_mite,0.4775,Tomato_Spider_mites Two-spotted_spider_mite,True,2.3951069125320723,0.6218521087519407,0.4548862536464092,0.4241579108038801,uncertainty_score,36.5012827122525,0.6157961826243814,0.5,0.4272077773452349,3.3724040312666155,12,47,47.jpg
Tomato___Spider_mites Two-spotted_spider_mite/48.jpg,Tomato___Spider_mites Two-spotted_spider_mite,Tomato_Leaf_Mold,0.3386,Tomato_Spider_mites Two-spotted_spider_mite,False,2.461775352460198,0.8079046211498331,0.2950313298338567,0.5407226639749754,uncertainty_score,46.09255839481586,0.6848158080523871,0.5,0.5548745099027994,3.7019433809589737,12,48,48.jpg
Tomato___Spider_mites Two-spotted_spider_mite/49.jpg,Tomato___Spider_mites Two-spotted_spider_mite,Tomato_Spider_mites Two-spotted_spider_mite,0.5483,Tomato_Spider_mites Two-spotted_spider_mite,True,1.994329369998004,0.549800353162498,0.2025091424108852,0.2071004357953113,uncertainty_score,9.0237681028618,0.2008844808434576,0.5,0.0614624244761666,1.9939625984011653,0,49,49.jpg
Tomato___Spider_mites Two-spotted_spider_mite/50.jpg,Tomato___Spider_mites Two-spotted_spider_mite,Tomato_Spider_mites Two-spotted_spider_mite,0.5824,Tomato_Spider_mites Two-spotted_spider_mite,True,1.95463626644976,0.507531322906638,0.2272919550298772,0.462802776738569,uncertainty_score,26.802186266804597,0.1597915267871101,0.5,0.2981058733928625,2.266741863663514,0,50,50.jpg
Tomato___Spider_mites Two-spotted_spider_mite/51.jpg,Tomato___Spider_mites Two-spotted_spider_mite,Tomato_Spider_mites Two-spotted_spider_mite,0.4691,Tomato_Spider_mites Two-spotted_spider_mite,True,2.095175204404514,0.6431785600200752,0.1809057377745314,0.3907144305124331,uncertainty_score,23.73582787508681,0.305286829604218,0.5,0.2572904522041293,2.49650933751463,3,51,51.jpg
Tomato___Spider_mites Two-spotted_spider_mite/52.jpg,Tomato___Spider_mites Two-spotted_spider_mite,Tomato_Spider_mites Two-spotted_spider_mite,0.8116,Tomato_Spider_mites Two-spotted_spider_mite,True,1.837077406472594,0.2161098966855233,0.3061578102440347,0.2956407336440128,density_score,31.844674399655084,0.0380867367828025,1.2,0.3652249934335519,2.8240109637159327,6,52,52.jpg
Tomato___Spider_mites Two-spotted_spider_mite/53.jpg,Tomato___Spider_mites Two-spotted_spider_mite,Tomato_Spider_mites Two-spotted_spider_mite,0.571,Tomato_Spider_mites Two-spotted_spider_mite,True,2.364101362176294,0.5225657417302865,0.4722552101428371,0.5225646378352162,uncertainty_score,42.31771228593559,0.5836971643474865,0.5,0.5046286109652368,3.424337245142828,12,53,53.jpg
Tomato___Spider_mites Two-spotted_spider_mite/54.jpg,Tomato___Spider_mites Two-spotted_spider_mite,Tomato_Spider_mites Two-spotted_spider_mite,0.6319,Tomato_Spider_mites Two-spotted_spider_mite,True,1.9597831583160368,0.4378917926480811,0.3343221812064345,0.576735111871832,outlier_score,37.77313854036334,0.1651199332881748,0.7,0.4441370871923492,2.696445497364873,3,54,54.jpg
Tomato___Spider_mites Two-spotted_spider_mite/55.jpg,Tomato___Spider_mites Two-spotted_spider_mite,Tomato_Tomato_mosaic_virus,0.2413,Tomato_Spider_mites Two-spotted_spider_mite,False,2.195673125595292,0.9255694924469527,0.2246364609607376,0.4104707283793377,uncertainty_score,8.15244352601163,0.4093289953479894,0.5,0.0498644717736087,2.393454698356392,3,55,55.jpg
Tomato___Spider_mites Two-spotted_spider_mite/56.jpg,Tomato___Spider_mites Two-spotted_spider_mite,Tomato_Tomato_mosaic_virus,0.4763,Tomato_Spider_mites Two-spotted_spider_mite,False,2.341773801370709,0.6367017220754345,0.2703997920243922,0.5291287957828321,uncertainty_score,36.69611228383488,0.5605821809282872,0.5,0.429801098153929,3.265866009087468,12,56,56.jpg
Tomato___Spider_mites Two-spotted_spider_mite/57.jpg,Tomato___Spider_mites Two-spotted_spider_mite,Tomato_Leaf_Mold,0.3093,Tomato_Spider_mites Two-spotted_spider_mite,False,2.2893205813924724,0.8352685447073028,0.2383672364673541,0.4191133213325808,uncertainty_score,15.235865934760472,0.506279101400798,0.5,0.1441498853285561,2.7287830307944305,6,57,57.jpg
Tomato___Spider_mites Two-spotted_spider_mite/58.jpg,Tomato___Spider_mites Two-spotted_spider_mite,Tomato_Spider_mites Two-spotted_spider_mite,0.7825,Tomato_Spider_mites Two-spotted_spider_mite,True,1.852726010548971,0.2501735183989356,0.5225330718988995,0.5294762040783279,outlier_score,19.453360366928564,0.0542872177448151,0.7,0.2002877497331292,2.109006060089324,0,58,58.jpg
Tomato___Spider_mites Two-spotted_spider_mite/59.jpg,Tomato___Spider_mites Two-spotted_spider_mite,Tomato_Spider_mites Two-spotted_spider_mite,0.8348,Tomato_Spider_mites Two-spotted_spider_mite,True,1.914887853343352,0.1895423880343574,0.4478854908270039,0.4411500871503463,density_score,42.993406964408926,0.1186413125790148,1.2,0.5136225899376117,3.207716510064447,12,59,59.jpg
Tomato___Spider_mites Two-spotted_spider_mite/60.jpg,Tomato___Spider_mites Two-spotted_spider_mite,Tomato_Spider_mites Two-spotted_spider_mite,0.8063,Tomato_Spider_mites Two-spotted_spider_mite,True,1.8578982174321783,0.2283362472897102,0.4237343663713813,0.4628004632996962,outlier_score,34.147044415373784,0.0596418320435746,0.7,0.3958711834476374,2.413090439258605,3,60,60.jpg
Tomato___Spider_mites Two-spotted_spider_mite/61.jpg,Tomato___Spider_mites Two-spotted_spider_mite,Tomato_Spider_mites Two-spotted_spider_mite,0.7452,Tomato_Spider_mites Two-spotted_spider_mite,True,1.8756965943114128,0.2983903152755232,0.4760322614315067,0.3964002138258422,density_score,25.6793775932056,0.0780679015114607,1.2,0.2831604876704737,2.780876534528632,6,61,61.jpg
Tomato___Spider_mites Two-spotted_spider_mite/62.jpg,Tomato___Spider_mites Two-spotted_spider_mite,Tomato_Spider_mites Two-spotted_spider_mite,0.5722,Tomato_Spider_mites Two-spotted_spider_mite,True,2.1062665710630286,0.5177721043006479,0.4120829828736514,0.4220605690578,uncertainty_score,26.623404996362947,0.3167693537652851,0.5,0.2957261669392914,2.577127957939507,3,62,62.jpg
Tomato___Spider_mites Two-spotted_spider_mite/63.jpg,Tomato___Spider_mites Two-spotted_spider_mite,Tomato_Spider_mites Two-spotted_spider_mite,0.5544,Tomato_Spider_mites Two-spotted_spider_mite,True,2.1128430409152283,0.538612268085169,0.1990187734223067,0.1994912108933187,uncertainty_score,22.724810335150742,0.3235777549567145,0.5,0.243833086348545,2.5129051394362465,3,63,63.jpg
Tomato___Spider_mites Two-spotted_spider_mite/64.jpg,Tomato___Spider_mites Two-spotted_spider_mite,Tomato_Spider_mites Two-spotted_spider_mite,0.4445,Tomato_Spider_mites Two-spotted_spider_mite,True,2.388992364582599,0.6704662263699641,0.5036218414472239,0.5309985172299305,uncertainty_score,27.488780378620294,0.6094659938635641,0.5,0.3072449316109604,3.1797993851435686,12,64,64.jpg
Tomato___Spider_mites Two-spotted_spider_mite/65.jpg,Tomato___Spider_mites Two-spotted_spider_mite,Tomato_Spider_mites Two-spotted_spider_mite,0.6552,Tomato_Spider_mites Two-spotted_spider_mite,True,2.049740671184601,0.4117087474184682,0.3779190382205486,0.3482806133973941,uncertainty_score,18.019609009238984,0.2582499637691183,0.5,0.1812034947086421,2.2883051696012,0,65,65.jpg
Tomato___Spider_mites Two-spotted_spider_mite/66.jpg,Tomato___Spider_mites Two-spotted_spider_mite,Tomato_Spider_mites Two-spotted_spider_mite,0.7459,Tomato_Spider_mites Two-spotted_spider_mite,True,1.92127417376002,0.3003433717227781,0.4335810665642307,0.4972639310378211,outlier_score,24.63916954108181,0.1252528583643497,0.7,0.2693145752402702,2.354477579589105,3,66,66.jpg
Tomato___Spider_mites Two-spotted_spider_mite/67.jpg,Tomato___Spider_mites Two-spotted_spider_mite,Tomato_Spider_mites Two-spotted_spider_mite,0.4124,Tomato_Spider_mites Two-spotted_spider_mite,True,2.4505165936526145,0.7052426165177988,0.3591600286715198,0.4746840974515381,uncertainty_score,17.269409477681112,0.6731599883493696,0.5,0.1712178029060047,3.103146681057746,12,67,67.jpg
Tomato___Spider_mites Two-spotted_spider_mite/68.jpg,Tomato___Spider_mites Two-spotted_spider_mite,Tomato_Spider_mites Two-spotted_spider_mite,0.6272,Tomato_Spider_mites Two-spotted_spider_mite,True,2.0099354665087903,0.44160482406642,0.2961194966021466,0.400033811853803,uncertainty_score,22.42231362374211,0.2170409551321766,0.5,0.2398066389777164,2.293791868730928,0,68,68.jpg
Tomato___Spider_mites Two-spotted_spider_mite/69.jpg,Tomato___Spider_mites Two-spotted_spider_mite,Tomato_Spider_mites Two-spotted_spider_mite,0.4335,Tomato_Spider_mites Two-spotted_spider_mite,True,2.435570839449663,0.6922969210339621,0.4908935599658461,0.6871825608661639,uncertainty_score,21.187423321362964,0.6576871445579315,0.5,0.2233693666909466,3.150428339152283,12,69,69.jpg
Tomato___Spider_mites Two-spotted_spider_mite/70.jpg,Tomato___Spider_mites Two-spotted_spider_mite,Tomato_Tomato_yellow_Leaf_Curl_Virus,0.4609,Tomato_Spider_mites Two-spotted_spider_mite,False,2.16543522395163,0.6491167205972123,0.3215961527500491,0.4268900588073357,uncertainty_score,23.39321252516401,0.3780246983309241,0.5,0.2527299970888385,2.635144392295106,3,70,70.jpg
Tomato___Spider_mites Two-spotted_spider_mite/71.jpg,Tomato___Spider_mites Two-spotted_spider_mite,Tomato_Spider_mites Two-spotted_spider_mite,0.8489,Tomato_Spider_mites Two-spotted_spider_mite,True,1.935184825534526,0.1766337866573089,0.4536038711580149,0.4128164225509454,density_score,67.72757395897621,0.1396540949310206,1.2,0.8428520258582382,3.743586228649399,12,71,71.jpg
Tomato___Spider_mites Two-spotted_spider_mite/72.jpg,Tomato___Spider_mites Two-spotted_spider_mite,Tomato_Spider_mites Two-spotted_spider_mite,0.5801,Tomato_Spider_mites Two-spotted_spider_mite,True,2.1553597855657305,0.5036999154742057,0.2653860862545243,0.2157910496477589,uncertainty_score,23.920209660305577,0.3675939310268227,0.5,0.2597447055111013,2.624804920320297,3,72,72.jpg
Tomato___Spider_mites Two-spotted_spider_mite/73.jpg,Tomato___Spider_mites Two-spotted_spider_mite,Tomato_Tomato_mosaic_virus,0.8828,Tomato_Spider_mites Two-spotted_spider_mite,False,1.820888082611396,0.1298118612027195,0.5689477996347956,0.7007320982049325,outlier_score,19.654765185712463,0.0213264665554326,0.7,0.2029685917802652,2.0471058207812627,0,73,73.jpg
Tomato___Spider_mites Two-spotted_spider_mite/74.jpg,Tomato___Spider_mites Two-spotted_spider_mite,Tomato_Tomato_mosaic_virus,0.5304,Tomato_Spider_mites Two-spotted_spider_mite,False,2.1372832756984907,0.5770852115919527,0.2639155222154393,0.4255125874700254,uncertainty_score,16.775792236277493,0.3488799196981103,0.5,0.1646474047202196,2.44473094647655,3,74,74.jpg
Tomato___Spider_mites Two-spotted_spider_mite/75.jpg,Tomato___Spider_mites Two-spotted_spider_mite,Tomato_Spider_mites Two-spotted_spider_mite,0.6597,Tomato_Spider_mites Two-spotted_spider_mite,True,1.933354467374448,0.4069176962313348,0.4496797189120473,0.5176749540649013,outlier_score,16.986017196701802,0.137759185814445,0.7,0.1674456491548162,2.2266868453611144,0,75,75.jpg
Tomato___Spider_mites Two-spotted_spider_mite/76.jpg,Tomato___Spider_mites Two-spotted_spider_mite,Tomato_healthy,0.3661,Tomato_Spider_mites Two-spotted_spider_mite,False,2.416349832229008,0.7747973180221867,0.4492762659045146,0.5745592094806196,uncertainty_score,19.78400137626057,0.637788273065681,0.5,0.2046888178191703,3.0826097728601174,6,76,76.jpg
Tomato___Spider_mites Two-spotted_spider_mite/77.jpg,Tomato___Spider_mites Two-spotted_spider_mite,Tomato_Spider_mites Two-spotted_spider_mite,0.5584,Tomato_Spider_mites Two-spotted_spider_mite,True,1.9331931575578505,0.5332321447480028,0.300118013871728,0.4694063371926918,uncertainty_score,16.765330095971983,0.1375921871096391,0.5,0.1645081461572746,2.02194659345519,0,77,77.jpg
Tomato___Spider_mites Two-spotted_spider_mite/78.jpg,Tomato___Spider_mites Two-spotted_spider_mite,Tomato_Spider_mites Two-spotted_spider_mite,0.4402,Tomato_Spider_mites Two-spotted_spider_mite,True,2.2698274530646163,0.6810263717670398,0.2514154793476549,0.1740196685173008,uncertainty_score,25.30165337262519,0.4860985119485903,0.5,0.2781327084005043,2.8893960864979373,6,78,78.jpg
Tomato___Spider_mites Two-spotted_spider_mite/79.jpg,Tomato___Spider_mites Two-spotted_spider_mite,Tomato_Spider_mites Two-spotted_spider_mite,0.6516,Tomato_Spider_mites Two-spotted_spider_mite,True,1.8328845488427323,0.4147536415587594,0.2377844529247064,0.4087108440401469,uncertainty_score,14.694498901957235,0.033746010295157,0.5,0.1369439033007409,1.7729078755414254,0,79,79.jpg
Tomato___Spider_mites Two-spotted_spider_mite/80.jpg,Tomato___Spider_mites Two-spotted_spider_mite,Tomato_Spider_mites Two-spotted_spider_mite,0.6058,Tomato_Spider_mites Two-spotted_spider_mite,True,1.9386892754307248,0.483041823162048,0.3028379921899399,0.4885715958370201,outlier_score,13.367113039544344,0.1432821357165498,0.7,0.1192754490193738,2.1654774449621605,0,80,80.jpg
Tomato___Spider_mites Two-spotted_spider_mite/81.jpg,Tomato___Spider_mites Two-spotted_spider_mite,Tomato_Target_Spot,0.3674,Tomato_Spider_mites Two-spotted_spider_mite,False,2.482869994234491,0.7764144585143427,0.3690632580828894,0.4648145534844296,uncertainty_score,32.09833795765381,0.7066543912766127,0.5,0.3686014366399022,3.466210937513079,12,81,81.jpg
Tomato___Spider_mites Two-spotted_spider_mite/82.jpg,Tomato___Spider_mites Two-spotted_spider_mite,Tomato_Spider_mites Two-spotted_spider_mite,0.547,Tomato_Spider_mites Two-spotted_spider_mite,True,2.034099322313771,0.5480261908039572,0.2042947403897178,0.2013261161017018,uncertainty_score,13.813171464935625,0.2420569938808577,0.5,0.1252128053819904,2.171933195834701,0,82,82.jpg
Tomato___Spider_mites Two-spotted_spider_mite/83.jpg,Tomato___Spider_mites Two-spotted_spider_mite,Tomato_Spider_mites Two-spotted_spider_mite,0.5706,Tomato_Spider_mites Two-spotted_spider_mite,True,2.002994818305953,0.5220671880679343,0.1947352427366648,0.2255202468175336,uncertainty_score,15.842416131749468,0.2098555321688698,0.5,0.1522235018467956,2.148046317107933,0,83,83.jpg
Tomato___Spider_mites Two-spotted_spider_mite/84.jpg,Tomato___Spider_mites Two-spotted_spider_mite,Tomato_Spider_mites Two-spotted_spider_mite,0.7001,Tomato_Spider_mites Two-spotted_spider_mite,True,1.912449905668114,0.3565348104177099,0.3906441908220174,0.4248850634606028,outlier_score,20.452809371614592,0.1161173861823657,0.7,0.2135911301185081,2.2526214675424936,0,84,84.jpg
Tomato___Spider_mites Two-spotted_spider_mite/85.jpg,Tomato___Spider_mites Two-spotted_spider_mite,Tomato_Tomato_yellow_Leaf_Curl_Virus,0.2761,Tomato_Spider_mites Two-spotted_spider_mite,False,2.493577148065489,0.8840209893530308,0.3843987640554672,0.7519675098501319,uncertainty_score,35.31479467328134,0.7177391526361436,0.5,0.4114147737691354,3.55260046592599,12,85,85.jpg
Tomato___Spider_mites Two-spotted_spider_mite/86.jpg,Tomato___Spider_mites Two-spotted_spider_mite,Tomato_Late_blight,0.7917,Tomato_Spider_mites Two-spotted_spider_mite,False,1.9696607202901744,0.2432258365330695,0.2487591621487994,0.4404684627094578,outlier_score,37.24046380299748,0.1753458457038826,0.7,0.4370468058276825,2.706261900149289,6,86,86.jpg
Tomato___Spider_mites Two-spotted_spider_mite/87.jpg,Tomato___Spider_mites Two-spotted_spider_mite,Tomato_Tomato_mosaic_virus,0.3308,Tomato_Spider_mites Two-spotted_spider_mite,False,2.187062825572476,0.8190165968048674,0.2607834485971479,0.3158348189820781,uncertainty_score,13.907124999946449,0.400415037213703,0.5,0.1264633940652945,2.490525165525348,3,87,87.jpg
Tomato___Spider_mites Two-spotted_spider_mite/88.jpg,Tomato___Spider_mites Two-spotted_spider_mite,Tomato_Spider_mites Two-spotted_spider_mite,0.7714,Tomato_Spider_mites Two-spotted_spider_mite,True,1.8697434214816773,0.2675706544826566,0.3647531254435034,0.221535374500413,density_score,33.18449791964887,0.0719047790616254,1.2,0.3830590018243592,2.91839806085979,6,88,88.jpg
Tomato___Spider_mites Two-spotted_spider_mite/89.jpg,Tomato___Spider_mites Two-spotted_spider_mite,Tomato_Late_blight,0.7334,Tomato_Spider_mites Two-spotted_spider_mite,False,1.99433475086095,0.3164452436672712,0.353909227409198,0.4461475619475096,outlier_score,20.45537281052486,0.20089005147246,0.7,0.2136252513220493,2.4222179799279937,3,89,89.jpg
Tomato___Spider_mites Two-spotted_spider_mite/90.jpg,Tomato___Spider_mites Two-spotted_spider_mite,Tomato_Tomato_mosaic_virus,0.4402,Tomato_Spider_mites Two-spotted_spider_mite,False,2.044308506347756,0.67869151203338,0.2111084808545048,0.2722848564751673,uncertainty_score,10.614831028457276,0.2526262236200099,0.5,0.082640608872798,2.1292133605492167,0,90,90.jpg
Tomato___Spider_mites Two-spotted_spider_mite/91.jpg,Tomato___Spider_mites Two-spotted_spider_mite,Tomato_Tomato_mosaic_virus,0.6181,Tomato_Spider_mites Two-spotted_spider_mite,False,2.0431540314947947,0.4540957103325634,0.207149757126959,0.40154347855805,uncertainty_score,28.89821976879623,0.2514310340820012,0.5,0.3260055769762907,2.4918704336284385,3,91,91.jpg
Tomato___Spider_mites Two-spotted_spider_mite/92.jpg,Tomato___Spider_mites Two-spotted_spider_mite,Tomato_Tomato_mosaic_virus,0.5435,Tomato_Spider_mites Two-spotted_spider_mite,False,1.885635719088508,0.5519229193328057,0.1189894972229524,0.3812424189240105,uncertainty_score,6.471491269382164,0.0883575478559212,0.5,0.027489796152587,1.717949789940723,0,92,92.jpg
Tomato___Spider_mites Two-spotted_spider_mite/93.jpg,Tomato___Spider_mites Two-spotted_spider_mite,Tomato_Tomato_mosaic_virus,0.5495,Tomato_Spider_mites Two-spotted_spider_mite,False,1.8621283169598009,0.5441225163666663,0.0875789600095561,0.2639940320910144,uncertainty_score,6.269262801683236,0.0640211138331957,0.5,0.0247979907498729,1.6652392137912009,0,93,93.jpg
Tomato___Spider_mites Two-spotted_spider_mite/94.jpg,Tomato___Spider_mites Two-spotted_spider_mite,Tomato_Tomato_mosaic_virus,0.4131,Tomato_Spider_mites Two-spotted_spider_mite,False,2.252519043218878,0.7149077742228027,0.1864387969833993,0.2863420357967637,uncertainty_score,15.119413175515914,0.4681796891053507,0.5,0.1425998158944043,2.650259102052308,3,94,94.jpg
Tomato___Spider_mites Two-spotted_spider_mite/95.jpg,Tomato___Spider_mites Two-spotted_spider_mite,Tomato_Tomato_yellow_Leaf_Curl_Virus,0.3382,Tomato_Spider_mites Two-spotted_spider_mite,False,2.3438596674169347,0.8068420449434267,0.210474116961177,0.2028995757806417,uncertainty_score,15.63798040285726,0.5627416088878843,0.5,0.1495023162204518,2.8497366921064464,6,95,95.jpg
Tomato___Spider_mites Two-spotted_spider_mite/96.jpg,Tomato___Spider_mites Two-spotted_spider_mite,Tomato_Early_blight,0.2538,Tomato_Spider_mites Two-spotted_spider_mite,False,2.4649328569171365,0.9133687086972454,0.2989487555569381,0.3724961608564177,uncertainty_score,33.10368207591171,0.688084667727821,0.5,0.3819832851991389,3.4491442632543503,12,96,96.jpg
Tomato___Spider_mites Two-spotted_spider_mite/97.jpg,Tomato___Spider_mites Two-spotted_spider_mite,Tomato_Spider_mites Two-spotted_spider_mite,0.5898,Tomato_Spider_mites Two-spotted_spider_mite,True,2.0879027280893245,0.4987188124092645,0.4430020151207162,0.4084856001131445,uncertainty_score,40.38289944950048,0.2977578759981406,0.5,0.4788748696368374,2.813828056451537,6,97,97.jpg
Tomato___Spider_mites Two-spotted_spider_mite/98.jpg,Tomato___Spider_mites Two-spotted_spider_mite,Tomato_Spider_mites Two-spotted_spider_mite,0.4741,Tomato_Spider_mites Two-spotted_spider_mite,True,2.446886112626042,0.6360788070949056,0.235030102360408,0.3218394390279921,uncertainty_score,33.35218157316348,0.6694014717131972,0.5,0.3852909910670877,3.4167394300270257,12,98,98.jpg
Tomato___Spider_mites Two-spotted_spider_mite/99.jpg,Tomato___Spider_mites Two-spotted_spider_mite,Tomato_Late_blight,0.4056,Tomato_Spider_mites Two-spotted_spider_mite,False,2.184857642485974,0.7253436321943448,0.2931390049370379,0.2971374795631478,uncertainty_score,12.605066869711273,0.3981320842783313,0.5,0.109132069996554,2.459962273551494,3,99,99.jpg
Tomato___Spider_mites Two-spotted_spider_mite/100.jpg,Tomato___Spider_mites Two-spotted_spider_mite,Tomato_Leaf_Mold,0.2684,Tomato_Spider_mites Two-spotted_spider_mite,False,2.4007146384230857,0.8865156049808667,0.3510505797288209,0.4920225613327949,uncertainty_score,18.59571207224688,0.621601675312045,0.5,0.1888718381183027,3.026511107801544,6,100,100.jpg
Tomato___Spider_mites Two-spotted_spider_mite/101.jpg,Tomato___Spider_mites Two-spotted_spider_mite,Tomato_Tomato_mosaic_virus,0.2334,Tomato_Spider_mites Two-spotted_spider_mite,False,2.444217071095021,0.9387308066630772,0.0995308619061212,0.3030382066737397,uncertainty_score,17.932462531106186,0.6666383015097028,0.5,0.1800435128162084,3.1033418722437185,12,101,101.jpg
Tomato___Spider_mites Two-spotted_spider_mite/102.jpg,Tomato___Spider_mites Two-spotted_spider_mite,Tomato_Late_blight,0.2371,Tomato_Spider_mites Two-spotted_spider_mite,False,2.2708858509579075,0.9333142542529096,0.2530436451251282,0.459967051178663,uncertainty_score,8.336127402348055,0.4871942361957379,0.5,0.0523094354146821,2.5528526255135,3,102,102.jpg
Tomato___Spider_mites Two-spotted_spider_mite/103.jpg,Tomato___Spider_mites Two-spotted_spider_mite,Tomato_Leaf_Mold,0.2274,Tomato_Spider_mites Two-spotted_spider_mite,False,2.227377368343292,0.9448950048351652,0.2242266935564723,0.2923100996839037,uncertainty_score,9.418662105582667,0.4421513466930126,0.5,0.0667187458146934,2.484380812108065,3,103,103.jpg
Tomato___Spider_mites Two-spotted_spider_mite/104.jpg,Tomato___Spider_mites Two-spotted_spider_mite,Tomato_Spider_mites Two-spotted_spider_mite,0.7276,Tomato_Spider_mites Two-spotted_spider_mite,True,1.9795997188737628,0.3273724877147939,0.2672359588352376,0.3115280386802235,uncertainty_score,21.726110869690302,0.1856353614043895,0.5,0.2305396828658245,2.217080247107516,0,104,104.jpg
Tomato___Spider_mites Two-spotted_spider_mite/105.jpg,Tomato___Spider_mites Two-spotted_spider_mite,Tomato_Tomato_mosaic_virus,0.2094,Tomato_Spider_mites Two-spotted_spider_mite,False,2.657845328315473,0.9657118185444968,0.1169517281378453,0.2577037143879443,uncertainty_score,23.66076921078431,0.887800553245143,0.5,0.2562913677508427,3.66003815811655,12,105,105.jpg
Tomato___Spider_mites Two-spotted_spider_mite/106.jpg,Tomato___Spider_mites Two-spotted_spider_mite,Tomato_Spider_mites Two-spotted_spider_mite,0.7763,Tomato_Spider_mites Two-spotted_spider_mite,True,1.8392451507842515,0.2689051556153199,0.3321059532413281,0.2691581602682522,density_score,26.52433170838214,0.0403309305958808,1.2,0.2944074306857565,2.722273007220396,6,106,106.jpg
Tomato___Spider_mites Two-spotted_spider_mite/107.jpg,Tomato___Spider_mites Two-spotted_spider_mite,Tomato_Septoria_leaf_spot,0.3344,Tomato_Spider_mites Two-spotted_spider_mite,False,2.5502684629596395,0.8144374697178713,0.4269196883361013,0.6177453433999509,uncertainty_score,22.82677839005588,0.7764297913136607,0.5,0.245190354018231,3.420645113654668,12,107,107.jpg
Tomato___Spider_mites Two-spotted_spider_mite/108.jpg,Tomato___Spider_mites Two-spotted_spider_mite,Tomato_healthy,0.2318,Tomato_Spider_mites Two-spotted_spider_mite,False,2.524483488655499,0.9433277418770372,0.1791332760003565,0.4454694000121713,uncertainty_score,27.000324216409982,0.7497354623318945,0.5,0.3007432310769672,3.45058577127924,12,108,108.jpg
Tomato___Spider_mites Two-spotted_spider_mite/109.jpg,Tomato___Spider_mites Two-spotted_spider_mite,Tomato_Tomato_yellow_Leaf_Curl_Virus,0.3459,Tomato_Spider_mites Two-spotted_spider_mite,False,2.337971056731533,0.7943379318941854,0.2000119140605392,0.3895117061309524,uncertainty_score,24.392914452528284,0.5566453254854834,0.5,0.2660367440557849,3.0123457670546445,6,109,109.jpg
Tomato___Spider_mites Two-spotted_spider_mite/110.jpg,Tomato___Spider_mites Two-spotted_spider_mite,Tomato_Spider_mites Two-spotted_spider_mite,0.7545,Tomato_Spider_mites Two-spotted_spider_mite,True,1.961242638710694,0.292962974539477,0.2541279210557898,0.2626796020624805,uncertainty_score,40.43558777359201,0.166630884950871,0.5,0.4795761888777106,2.552626053218308,3,110,110.jpg
Tomato___Spider_mites Two-spotted_spider_mite/111.jpg,Tomato___Spider_mites Two-spotted_spider_mite,Tomato_Spider_mites Two-spotted_spider_mite,0.6851,Tomato_Spider_mites Two-spotted_spider_mite,True,1.9016207543379369,0.3735884934967455,0.3965745434585321,0.5242553278067563,outlier_score,26.691795187085244,0.1049063248568301,0.7,0.2966364892444231,2.3547673835802945,3,111,111.jpg
Tomato___Spider_mites Two-spotted_spider_mite/112.jpg,Tomato___Spider_mites Two-spotted_spider_mite,Tomato_Spider_mites Two-spotted_spider_mite,0.4468,Tomato_Spider_mites Two-spotted_spider_mite,True,2.106734872863279,0.6704036393013392,0.2670592914364219,0.374583778138339,uncertainty_score,13.881741605874364,0.3172541710922748,0.5,0.1261255229530821,2.3236966266141725,3,112,112.jpg
Tomato___Spider_mites Two-spotted_spider_mite/113.jpg,Tomato___Spider_mites Two-spotted_spider_mite,Tomato_Spider_mites Two-spotted_spider_mite,0.3585,Tomato_Spider_mites Two-spotted_spider_mite,True,2.525306270938273,0.7753755279536977,0.5331430086532597,0.6727102309272044,uncertainty_score,32.81325841524232,0.7505872615494416,0.5,0.3781175387601668,3.568350831239133,12,113,113.jpg
Tomato___Spider_mites Two-spotted_spider_mite/114.jpg,Tomato___Spider_mites Two-spotted_spider_mite,Tomato_Tomato_mosaic_virus,0.4637,Tomato_Spider_mites Two-spotted_spider_mite,False,1.8505524974508405,0.647511772391152,0.2186573888147828,0.4947644100679201,uncertainty_score,10.334971203610271,0.0520370516983687,0.5,0.0789154746367648,1.7224473153518849,0,114,114.jpg
Tomato___Spider_mites Two-spotted_spider_mite/115.jpg,Tomato___Spider_mites Two-spotted_spider_mite,Tomato_Late_blight,0.3097,Tomato_Spider_mites Two-spotted_spider_mite,False,1.913650282767867,0.8437181684348807,0.2461426088009491,0.5491812099685305,uncertainty_score,10.130206584870365,0.1173600967945629,0.5,0.0761899112515476,1.8490050604664476,0,115,115.jpg
Tomato___Spider_mites Two-spotted_spider_mite/116.jpg,Tomato___Spider_mites Two-spotted_spider_mite,Tomato_Spider_mites Two-spotted_spider_mite,0.8616,Tomato_Spider_mites Two-spotted_spider_mite,True,1.8399079797871856,0.1561046370071942,0.4373601507843854,0.444459163663553,outlier_score,16.58901139304322,0.0410171354861504,0.7,0.1621612182368702,2.0252760983276064,0,116,116.jpg
Tomato___Spider_mites Two-spotted_spider_mite/117.jpg,Tomato___Spider_mites Two-spotted_spider_mite,Tomato_Spider_mites Two-spotted_spider_mite,0.6164,Tomato_Spider_mites Two-spotted_spider_mite,True,2.121321553978709,0.456681066126009,0.5002488956601941,0.5424301773265148,outlier_score,21.0145031379349,0.332355278421472,0.7,0.2210676754934295,2.696312070083088,3,117,117.jpg
Tomato___Spider_mites Two-spotted_spider_mite/118.jpg,Tomato___Spider_mites Two-spotted_spider_mite,Tomato_Spider_mites Two-spotted_spider_mite,0.5048,Tomato_Spider_mites Two-spotted_spider_mite,True,2.1232602108844665,0.6072453805460031,0.2006856719213405,0.074250489314141,uncertainty_score,12.468210861798289,0.3343623056387436,0.5,0.1073104187439592,2.3296902393934262,3,118,118.jpg
Tomato___Spider_mites Two-spotted_spider_mite/119.jpg,Tomato___Spider_mites Two-spotted_spider_mite,Tomato_Spider_mites Two-spotted_spider_mite,0.4645,Tomato_Spider_mites Two-spotted_spider_mite,True,2.162704037043793,0.6501868338532051,0.2158488307057248,0.1035279451552633,uncertainty_score,13.679266859032756,0.3751971910792769,0.5,0.1234304393990058,2.4355400412570622,3,119,119.jpg
Tomato___Spider_mites Two-spotted_spider_mite/120.jpg,Tomato___Spider_mites Two-spotted_spider_mite,Tomato_Spider_mites Two-spotted_spider_mite,0.4047,Tomato_Spider_mites Two-spotted_spider_mite,True,2.1850651502126865,0.7274289564725781,0.2934641943814003,0.4577663159221142,uncertainty_score,7.634804830312291,0.3983469101477617,0.5,0.0429743308671769,2.361155316596289,3,120,120.jpg
Tomato___Spider_mites Two-spotted_spider_mite/121.jpg,Tomato___Spider_mites Two-spotted_spider_mite,Tomato_Spider_mites Two-spotted_spider_mite,0.6455,Tomato_Spider_mites Two-spotted_spider_mite,True,2.058538584187204,0.4298792439038754,0.3112133961213184,0.3267130253037379,uncertainty_score,18.150001908960817,0.2673581514009643,0.5,0.1829391173731492,2.309124978861653,0,121,121.jpg
Tomato___Spider_mites Two-spotted_spider_mite/122.jpg,Tomato___Spider_mites Two-spotted_spider_mite,Tomato_Spider_mites Two-spotted_spider_mite,0.8579,Tomato_Spider_mites Two-spotted_spider_mite,True,1.917761722629956,0.1637747672437164,0.4860525305218983,0.6454313040190076,outlier_score,18.65506349273685,0.121616534166685,0.7,0.1896618479331993,2.227725840233169,0,122,122.jpg
Tomato___Spider_mites Two-spotted_spider_mite/123.jpg,Tomato___Spider_mites Two-spotted_spider_mite,Tomato_Spider_mites Two-spotted_spider_mite,0.3843,Tomato_Spider_mites Two-spotted_spider_mite,True,2.224583668937264,0.7470331919102039,0.3195634257638123,0.5015361948903443,uncertainty_score,7.789595526825932,0.439259122324625,0.5,0.0450347056398604,2.4460703031090407,3,123,123.jpg
Tomato___Spider_mites Two-spotted_spider_mite/124.jpg,Tomato___Spider_mites Two-spotted_spider_mite,Tomato_Spider_mites Two-spotted_spider_mite,0.8196,Tomato_Spider_mites Two-spotted_spider_mite,True,1.8681427527683927,0.2066663430168903,0.3080535712208286,0.2108385759229684,density_score,19.8743562408731,0.0702476598138324,1.2,0.2058915056281272,2.649332578069856,3,124,124.jpg
Tomato___Spider_mites Two-spotted_spider_mite/125.jpg,Tomato___Spider_mites Two-spotted_spider_mite,Tomato_Septoria_leaf_spot,0.3953,Tomato_Spider_mites Two-spotted_spider_mite,False,2.535746287484009,0.7295965971551185,0.4422030232164158,0.6476647855936302,uncertainty_score,40.9990284416248,0.7613954645346277,0.5,0.4870759867626331,3.753404909213205,12,125,125.jpg
Tomato___Spider_mites Two-spotted_spider_mite/126.jpg,Tomato___Spider_mites Two-spotted_spider_mite,Tomato_Spider_mites Two-spotted_spider_mite,0.3588,Tomato_Spider_mites Two-spotted_spider_mite,True,2.535827558746379,0.7787787275199184,0.2675028091336249,0.1937650548314785,uncertainty_score,23.37811346724634,0.761479601977965,0.5,0.2525290178392742,3.401752730714841,12,126,126.jpg
Tomato___Spider_mites Two-spotted_spider_mite/127.jpg,Tomato___Spider_mites Two-spotted_spider_mite,Tomato_Spider_mites Two-spotted_spider_mite,0.3548,Tomato_Spider_mites Two-spotted_spider_mite,True,2.5073369460281247,0.7777395013887014,0.2918829836654976,0.2593954308160474,uncertainty_score,34.49479541674451,0.7319842152530281,0.5,0.4004999977532603,3.564718427135946,12,127,127.jpg
Tomato___Spider_mites Two-spotted_spider_mite/128.jpg,Tomato___Spider_mites Two-spotted_spider_mite,Tomato_Tomato_yellow_Leaf_Curl_Virus,0.3568,Tomato_Spider_mites Two-spotted_spider_mite,False,2.3783345411867094,0.7797714751786854,0.2188403978291669,0.4710425213807119,uncertainty_score,22.650621181716605,0.5984323026679226,0.5,0.242845575706205,3.0611329688951527,6,128,128.jpg
Tomato___Spider_mites Two-spotted_spider_mite/129.jpg,Tomato___Spider_mites Two-spotted_spider_mite,Tomato_Spider_mites Two-spotted_spider_mite,0.7386,Tomato_Spider_mites Two-spotted_spider_mite,True,1.822891666908757,0.3142791547302338,0.3566803847126135,0.2645434218520161,density_score,32.99545523495069,0.0234007109485272,1.2,0.3805427086149792,2.817615484819523,6,129,129.jpg
Tomato___Spider_mites Two-spotted_spider_mite/130.jpg,Tomato___Spider_mites Two-spotted_spider_mite,Tomato_Spider_mites Two-spotted_spider_mite,0.6986,Tomato_Spider_mites Two-spotted_spider_mite,True,2.0685935767703487,0.3579843623955315,0.5301809839704807,0.3909637574546894,density_score,23.132022558519196,0.2777677518433656,1.2,0.2492533720055887,3.1294155616951147,12,130,130.jpg
Tomato___Spider_mites Two-spotted_spider_mite/131.jpg,Tomato___Spider_mites Two-spotted_spider_mite,Tomato_Spider_mites Two-spotted_spider_mite,0.6714,Tomato_Spider_mites Two-spotted_spider_mite,True,2.0361394827066093,0.3986975091602862,0.3130816530206892,0.3515407686129499,uncertainty_score,36.37521833510543,0.244169104292899,0.5,0.425529770409043,2.6266328641993626,3,131,131.jpg
Tomato___Spider_mites Two-spotted_spider_mite/132.jpg,Tomato___Spider_mites Two-spotted_spider_mite,Tomato_Early_blight,0.4846,Tomato_Spider_mites Two-spotted_spider_mite,False,2.328780722486388,0.6273430710536139,0.2881032413116658,0.6698296751946178,outlier_score,40.61773048481226,0.5471308771521805,0.7,0.482000638509884,3.517262712069187,12,132,132.jpg
Tomato___Spider_mites Two-spotted_spider_mite/133.jpg,Tomato___Spider_mites Two-spotted_spider_mite,Tomato_Spider_mites Two-spotted_spider_mite,0.795,Tomato_Spider_mites Two-spotted_spider_mite,True,1.8141717371760293,0.2359570911333483,0.219673493013371,0.1834701657825751,uncertainty_score,35.57754203471221,0.0143732568104039,0.5,0.4149121288897877,2.151114706955489,0,133,133.jpg
Tomato___Spider_mites Two-spotted_spider_mite/134.jpg,Tomato___Spider_mites Two-spotted_spider_mite,Tomato_Spider_mites Two-spotted_spider_mite,0.7492,Tomato_Spider_mites Two-spotted_spider_mite,True,1.912749726396689,0.2999998448254497,0.3603123220969741,0.5451752240608667,outlier_score,22.566644120937983,0.1164277806419348,0.7,0.2417277810233886,2.295447232818953,0,134,134.jpg
Tomato___Spider_mites Two-spotted_spider_mite/135.jpg,Tomato___Spider_mites Two-spotted_spider_mite,Tomato_Spider_mites Two-spotted_spider_mite,0.6499,Tomato_Spider_mites Two-spotted_spider_mite,True,1.965521031323349,0.4269839823656686,0.4065517078090684,0.5511460264417258,outlier_score,16.776047442895788,0.1710601629702419,0.7,0.164650801702661,2.2890965284944755,0,135,135.jpg
Tomato___Spider_mites Two-spotted_spider_mite/136.jpg,Tomato___Spider_mites Two-spotted_spider_mite,Tomato_Spider_mites Two-spotted_spider_mite,0.3947,Tomato_Spider_mites Two-spotted_spider_mite,True,2.487522210893834,0.724945794204408,0.3244945511824932,0.3400320859400456,uncertainty_score,20.950276473281065,0.7114706769371734,0.5,0.2202127726952197,3.2532605129171763,12,136,136.jpg
Tomato___Spider_mites Two-spotted_spider_mite/137.jpg,Tomato___Spider_mites Two-spotted_spider_mite,Tomato_Spider_mites Two-spotted_spider_mite,0.8021,Tomato_Spider_mites Two-spotted_spider_mite,True,1.8507687179376209,0.2299840532287131,0.5422909066319719,0.5983736852992394,outlier_score,26.723603271030782,0.0522608975994207,0.7,0.2970598775694637,2.250111611553037,0,137,137.jpg
Tomato___Spider_mites Two-spotted_spider_mite/138.jpg,Tomato___Spider_mites Two-spotted_spider_mite,Tomato_Spider_mites Two-spotted_spider_mite,0.6805,Tomato_Spider_mites Two-spotted_spider_mite,True,2.036249580101652,0.3792618967339969,0.4123600507314157,0.3867023909746802,density_score,20.966937216181776,0.2442830844756456,1.2,0.2204345390877739,3.019217977582952,6,138,138.jpg
Tomato___Spider_mites Two-spotted_spider_mite/139.jpg,Tomato___Spider_mites Two-spotted_spider_mite,Tomato_Spider_mites Two-spotted_spider_mite,0.3124,Tomato_Spider_mites Two-spotted_spider_mite,True,2.2393216234785127,0.8367710777101587,0.2974693832696021,0.3482521985541042,uncertainty_score,8.71034701522362,0.4545168380160167,0.5,0.0572905658519642,2.49496952480998,3,139,139.jpg
Tomato___Spider_mites Two-spotted_spider_mite/140.jpg,Tomato___Spider_mites Two-spotted_spider_mite,Tomato_Leaf_Mold,0.496,Tomato_Spider_mites Two-spotted_spider_mite,False,2.181339724177807,0.6138238208747752,0.2698265379569863,0.4064994789104013,uncertainty_score,20.808301235572955,0.3944901000924442,0.5,0.2183229808362254,2.6164646714392266,3,140,140.jpg
Tomato___Spider_mites Two-spotted_spider_mite/141.jpg,Tomato___Spider_mites Two-spotted_spider_mite,Tomato_Leaf_Mold,0.2998,Tomato_Spider_mites Two-spotted_spider_mite,False,2.269273576809198,0.8501514097201487,0.2674330117699099,0.3950371011753951,uncertainty_score,8.591320203498414,0.485525102225434,0.5,0.0557062339400657,2.5546095553609667,3,141,141.jpg
Tomato___Spider_mites Two-spotted_spider_mite/142.jpg,Tomato___Spider_mites Two-spotted_spider_mite,Tomato_Spider_mites Two-spotted_spider_mite,0.2959,Tomato_Spider_mites Two-spotted_spider_mite,True,2.282128400383444,0.8568491866673731,0.2554114381167951,0.3115380816871355,uncertainty_score,13.178573817363938,0.498833274862953,0.5,0.1167658572558427,2.6728153356096698,3,142,142.jpg
Tomato___Spider_mites Two-spotted_spider_mite/143.jpg,Tomato___Spider_mites Two-spotted_spider_mite,Tomato_Spider_mites Two-spotted_spider_mite,0.2493,Tomato_Spider_mites Two-spotted_spider_mite,True,2.381324888933273,0.9234491430559352,0.2957395459479269,0.3657757828989091,uncertainty_score,11.339144780603998,0.6015281105432803,0.5,0.0922817424553923,2.8414788347696494,6,143,143.jpg
Tomato___Spider_mites Two-spotted_spider_mite/144.jpg,Tomato___Spider_mites Two-spotted_spider_mite,Tomato_Tomato_yellow_Leaf_Curl_Virus,0.308,Tomato_Spider_mites Two-spotted_spider_mite,False,2.220047075283155,0.8376612623804353,0.3103360647804647,0.4028217651909521,uncertainty_score,18.580518244454765,0.4345625373278375,0.5,0.1886695974139939,2.6521294707766656,3,144,144.jpg
Tomato___Spider_mites Two-spotted_spider_mite/145.jpg,Tomato___Spider_mites Two-spotted_spider_mite,Tomato_Late_blight,0.8354,Tomato_Spider_mites Two-spotted_spider_mite,False,1.9051881505085344,0.1907712226875242,0.5273517069371486,0.578426754801886,outlier_score,16.58539533203999,0.1085995318332253,0.7,0.1621130858811451,2.160368692488168,0,145,145.jpg
Tomato___Spider_mites Two-spotted_spider_mite/146.jpg,Tomato___Spider_mites Two-spotted_spider_mite,Tomato_Spider_mites Two-spotted_spider_mite,0.6089,Tomato_Spider_mites Two-spotted_spider_mite,True,1.9287903598212144,0.4681844511110387,0.5415999056137244,0.7378650416432067,outlier_score,22.846382933661324,0.1330341165901324,0.7,0.2454513045015895,2.3342451899326493,3,146,146.jpg
Tomato___Spider_mites Two-spotted_spider_mite/147.jpg,Tomato___Spider_mites Two-spotted_spider_mite,Tomato_Spider_mites Two-spotted_spider_mite,0.5695,Tomato_Spider_mites Two-spotted_spider_mite,True,2.026575425968759,0.524831733520666,0.5002139038823281,0.5905153687360407,outlier_score,26.873039849806453,0.2342677534538775,0.7,0.2990489852093947,2.617108984721847,3,147,147.jpg
Tomato___Spider_mites Two-spotted_spider_mite/148.jpg,Tomato___Spider_mites Two-spotted_spider_mite,Tomato_Spider_mites Two-spotted_spider_mite,0.304,Tomato_Spider_mites Two-spotted_spider_mite,True,2.482141842420506,0.8494477300808156,0.4607901545264449,0.4879090325334461,uncertainty_score,20.91480795866546,0.7059005598458765,0.5,0.219740661422485,3.2414121118254804,12,148,148.jpg
Tomato___Spider_mites Two-spotted_spider_mite/149.jpg,Tomato___Spider_mites Two-spotted_spider_mite,Tomato_Spider_mites Two-spotted_spider_mite,0.6515,Tomato_Spider_mites Two-spotted_spider_mite,True,1.8635294096058013,0.4110649947126119,0.3200811151381765,0.228498038411771,uncertainty_score,29.89501206963294,0.0654716185955861,0.5,0.3392735947351494,2.139853629293897,0,149,149.jpg
Tomato___Spider_mites Two-spotted_spider_mite/150.jpg,Tomato___Spider_mites Two-spotted_spider_mite,Tomato_Spider_mites Two-spotted_spider_mite,0.29,Tomato_Spider_mites Two-spotted_spider_mite,True,2.515045279169745,0.8615453597008885,0.3442199689072701,0.5763739175834857,uncertainty_score,20.959986192415123,0.7399643969804313,0.5,0.2203420159947476,3.310441817952984,12,150,150.jpg
Tomato___Spider_mites Two-spotted_spider_mite/151.jpg,Tomato___Spider_mites Two-spotted_spider_mite,Tomato_Leaf_Mold,0.4499,Tomato_Spider_mites Two-spotted_spider_mite,False,2.298904303157851,0.6740893304417664,0.2158545380293517,0.3295750365512793,uncertainty_score,22.246383574665163,0.5162008107908148,0.5,0.2374648843177834,2.8885989480583047,6,151,151.jpg
Tomato___Spider_mites Two-spotted_spider_mite/152.jpg,Tomato___Spider_mites Two-spotted_spider_mite,Tomato_Spider_mites Two-spotted_spider_mite,0.3953,Tomato_Spider_mites Two-spotted_spider_mite,True,2.324918097270136,0.7287288019556722,0.3109078838322915,0.2057740349304726,uncertainty_score,25.281059567128395,0.5431320293333042,0.5,0.2778585901345179,3.0030519438683854,6,152,152.jpg
Tomato___Spider_mites Two-spotted_spider_mite/153.jpg,Tomato___Spider_mites Two-spotted_spider_mite,Tomato_Spider_mites Two-spotted_spider_mite,0.7752,Tomato_Spider_mites Two-spotted_spider_mite,True,1.8374190907977928,0.2643896500939507,0.4516818738673129,0.5668814278120944,outlier_score,32.63212856996087,0.0384404712359448,0.7,0.3757065710973585,2.3404407991179275,3,153,153.jpg
Tomato___Spider_mites Two-spotted_spider_mite/154.jpg,Tomato___Spider_mites Two-spotted_spider_mite,Tomato_Target_Spot,0.4482,Tomato_Spider_mites Two-spotted_spider_mite,False,2.4342989349961126,0.674962445911509,0.5685661503737091,0.6935491774791274,outlier_score,19.036410270004545,0.6563703840478777,0.7,0.19473784602109,3.304847537127391,12,154,154.jpg
Tomato___Spider_mites Two-spotted_spider_mite/155.jpg,Tomato___Spider_mites Two-spotted_spider_mite,Tomato_Spider_mites Two-spotted_spider_mite,0.6024,Tomato_Spider_mites Two-spotted_spider_mite,True,2.0915650736066853,0.4914157808231891,0.3520397342464866,0.4249950509467082,uncertainty_score,22.93565873490595,0.3015493808851409,0.5,0.2466396292060999,2.473058205579432,3,155,155.jpg
Tomato___Spider_mites Two-spotted_spider_mite/156.jpg,Tomato___Spider_mites Two-spotted_spider_mite,Tomato_Spider_mites Two-spotted_spider_mite,0.5323,Tomato_Spider_mites Two-spotted_spider_mite,True,2.031812804555728,0.5621422718603442,0.3335101890332942,0.4924619973536406,uncertainty_score,14.600064699745316,0.2396898378567369,0.5,0.1356869165935405,2.182910050603785,0,156,156.jpg
Tomato___Spider_mites Two-spotted_spider_mite/157.jpg,Tomato___Spider_mites Two-spotted_spider_mite,Tomato_Spider_mites Two-spotted_spider_mite,0.5564,Tomato_Spider_mites Two-spotted_spider_mite,True,1.9693897753235583,0.5431388575029888,0.3248643454785772,0.4720241719834708,uncertainty_score,36.173653624909896,0.1750653453632775,0.5,0.4228468000929715,2.4844008908660125,3,157,157.jpg
Tomato___Spider_mites Two-spotted_spider_mite/158.jpg,Tomato___Spider_mites Two-spotted_spider_mite,Tomato_Spider_mites Two-spotted_spider_mite,0.4838,Tomato_Spider_mites Two-spotted_spider_mite,True,2.094117515909905,0.6293334432855862,0.296472331710865,0.3914336757059751,uncertainty_score,10.595071747850003,0.3041918397740054,0.5,0.0823775987293815,2.231950077642083,0,158,158.jpg
Tomato___Spider_mites Two-spotted_spider_mite/159.jpg,Tomato___Spider_mites Two-spotted_spider_mite,Tomato_Spider_mites Two-spotted_spider_mite,0.5566,Tomato_Spider_mites Two-spotted_spider_mite,True,2.1479954014823326,0.5323559257872541,0.3716526953163037,0.5604480978880826,outlier_score,19.37954054519299,0.3599698283555728,0.7,0.1993051551595944,2.718897389450537,6,159,159.jpg
Tomato___Spider_mites Two-spotted_spider_mite/160.jpg,Tomato___Spider_mites Two-spotted_spider_mite,Tomato_Leaf_Mold,0.331,Tomato_Spider_mites Two-spotted_spider_mite,False,2.4883505082681205,0.8185718369866226,0.2702014636266745,0.3783406420093271,uncertainty_score,31.39064535719265,0.7123281857461071,0.5,0.3591815424624995,3.463428685185964,12,160,160.jpg
Tomato___Spider_mites Two-spotted_spider_mite/161.jpg,Tomato___Spider_mites Two-spotted_spider_mite,Tomato_Spider_mites Two-spotted_spider_mite,0.7445,Tomato_Spider_mites Two-spotted_spider_mite,True,1.8409289807072864,0.3011292938737753,0.4422170456207467,0.449850045002855,outlier_score,35.45390398783234,0.0420741438868716,0.7,0.4132664181431299,2.404047914988438,3,161,161.jpg
Tomato___Spider_mites Two-spotted_spider_mite/162.jpg,Tomato___Spider_mites Two-spotted_spider_mite,Tomato_Spider_mites Two-spotted_spider_mite,0.8052,Tomato_Spider_mites Two-spotted_spider_mite,True,1.9194884502696905,0.2280361692664684,0.4403331735438104,0.5405876347409637,outlier_score,21.812907342778683,0.1234041580414771,0.7,0.231695005941029,2.294350824994498,0,162,162.jpg
Tomato___Spider_mites Two-spotted_spider_mite/163.jpg,Tomato___Spider_mites Two-spotted_spider_mite,Tomato_Spider_mites Two-spotted_spider_mite,0.341,Tomato_Spider_mites Two-spotted_spider_mite,True,2.430885340613037,0.7970370823578581,0.5903669419576806,0.6304881230346062,uncertainty_score,26.832821352801624,0.652836402962719,0.5,0.2985136482770701,3.253443278341043,12,163,163.jpg
Tomato___Spider_mites Two-spotted_spider_mite/164.jpg,Tomato___Spider_mites Two-spotted_spider_mite,Tomato_Tomato_yellow_Leaf_Curl_Virus,0.3868,Tomato_Spider_mites Two-spotted_spider_mite,False,2.2763890615680165,0.7528946519239021,0.2998013928706181,0.3387200202096983,uncertainty_score,20.39374340800033,0.492891527678344,0.5,0.2128049199385936,2.8049904352645783,6,164,164.jpg
Tomato___Spider_mites Two-spotted_spider_mite/165.jpg,Tomato___Spider_mites Two-spotted_spider_mite,Tomato_Spider_mites Two-spotted_spider_mite,0.6947,Tomato_Spider_mites Two-spotted_spider_mite,True,1.8385503123364744,0.3663722118735576,0.3195193277046569,0.3258513624860205,uncertainty_score,14.280115940897144,0.0396115873886562,0.5,0.1314281700013377,1.776365429779319,0,165,165.jpg
Tomato___Spider_mites Two-spotted_spider_mite/166.jpg,Tomato___Spider_mites Two-spotted_spider_mite,Tomato_Spider_mites Two-spotted_spider_mite,0.4498,Tomato_Spider_mites Two-spotted_spider_mite,True,2.205960433127008,0.6610027216877198,0.2378372530285554,0.3759237613346908,uncertainty_score,25.643125613656213,0.4199791037541139,0.5,0.2826779479196638,2.7639751293877235,6,166,166.jpg
Tomato___Spider_mites Two-spotted_spider_mite/167.jpg,Tomato___Spider_mites Two-spotted_spider_mite,Tomato_Spider_mites Two-spotted_spider_mite,0.4211,Tomato_Spider_mites Two-spotted_spider_mite,True,2.441203668329873,0.7050794615620447,0.4921057956053448,0.4306693927784022,uncertainty_score,21.43973688398377,0.6635186255380068,0.5,0.226727840494209,3.167129011817327,12,167,167.jpg
Tomato___Spider_mites Two-spotted_spider_mite/168.jpg,Tomato___Spider_mites Two-spotted_spider_mite,Tomato_Spider_mites Two-spotted_spider_mite,0.7565,Tomato_Spider_mites Two-spotted_spider_mite,True,1.986040770293652,0.2858929264567953,0.650097668209238,0.8392671172039707,outlier_score,38.12017587943544,0.1923035683827221,0.7,0.4487564021428464,2.757741739979714,6,168,168.jpg
Tomato___Spider_mites Two-spotted_spider_mite/169.jpg,Tomato___Spider_mites Two-spotted_spider_mite,Tomato_Late_blight,0.7591,Tomato_Spider_mites Two-spotted_spider_mite,False,2.033536272205515,0.2819009503111139,0.5831177566811444,0.7098939368467927,outlier_score,20.545488772325758,0.2414740867720227,0.7,0.2148247591638808,2.505185312289867,3,169,169.jpg
Tomato___Spider_mites Two-spotted_spider_mite/170.jpg,Tomato___Spider_mites Two-spotted_spider_mite,Tomato_Leaf_Mold,0.4226,Tomato_Spider_mites Two-spotted_spider_mite,False,2.2018702723865027,0.7000213623630926,0.2695356460068715,0.4842363603504335,uncertainty_score,15.168796072236486,0.415744695951046,0.5,0.1432571375351538,2.5463750982048228,3,170,170.jpg
Tomato___Spider_mites Two-spotted_spider_mite/171.jpg,Tomato___Spider_mites Two-spotted_spider_mite,Tomato_Leaf_Mold,0.4495,Tomato_Spider_mites Two-spotted_spider_mite,False,2.063425889565865,0.668271171516869,0.2347400969594559,0.398840252738629,uncertainty_score,8.04316876222754,0.2724178166181364,0.5,0.0484099465879051,2.1174505531181307,0,171,171.jpg
Tomato___Spider_mites Two-spotted_spider_mite/172.jpg,Tomato___Spider_mites Two-spotted_spider_mite,Tomato_Spider_mites Two-spotted_spider_mite,0.6833,Tomato_Spider_mites Two-spotted_spider_mite,True,1.8782195051716968,0.379582886375209,0.3058383147472933,0.4196769572201695,outlier_score,10.35422850647142,0.0806797874765856,0.7,0.0791718030977039,1.9801172795997275,0,172,172.jpg
Tomato___Spider_mites Two-spotted_spider_mite/173.jpg,Tomato___Spider_mites Two-spotted_spider_mite,Tomato_Spider_mites Two-spotted_spider_mite,0.6329,Tomato_Spider_mites Two-spotted_spider_mite,True,1.976857559059474,0.4418188910532044,0.2421555217045803,0.3724417630977346,uncertainty_score,23.453676585829093,0.1827964942665055,0.5,0.253534816939477,2.2458952139422266,0,173,173.jpg
Tomato___Spider_mites Two-spotted_spider_mite/174.jpg,Tomato___Spider_mites Two-spotted_spider_mite,Tomato_Tomato_mosaic_virus,0.4266,Tomato_Spider_mites Two-spotted_spider_mite,False,2.1430163946977894,0.6969607290898414,0.1919653539657122,0.3512299189613077,uncertainty_score,9.583381896749124,0.3548152277133026,0.5,0.0689112839318092,2.312997381324319,0,174,174.jpg
Tomato___Spider_mites Two-spotted_spider_mite/175.jpg,Tomato___Spider_mites Two-spotted_spider_mite,Tomato_Tomato_mosaic_virus,0.6067,Tomato_Spider_mites Two-spotted_spider_mite,False,2.0975993050943464,0.4721759839008621,0.4119117714050406,0.4239802462083893,uncertainty_score,24.555568586690526,0.3077964206759812,0.5,0.2682017868022074,2.517895521555274,3,175,175.jpg
Tomato___Spider_mites Two-spotted_spider_mite/176.jpg,Tomato___Spider_mites Two-spotted_spider_mite,Tomato_Bacterial_spot,0.2278,Tomato_Spider_mites Two-spotted_spider_mite,False,2.4535031357079577,0.941597841211656,0.264555274603902,0.4131314938807601,uncertainty_score,25.68998878511689,0.6762518563187866,0.5,0.283301730216793,3.2774563079627628,12,176,176.jpg
Tomato___Spider_mites Two-spotted_spider_mite/177.jpg,Tomato___Spider_mites Two-spotted_spider_mite,Tomato_Tomato_mosaic_virus,0.301,Tomato_Spider_mites Two-spotted_spider_mite,False,2.436455517183769,0.8519939966661118,0.3343044234290949,0.3732202917405267,uncertainty_score,36.95540829122439,0.6586030220840645,0.5,0.4332525132862061,3.467084814097438,12,177,177.jpg
Tomato___Spider_mites Two-spotted_spider_mite/178.jpg,Tomato___Spider_mites Two-spotted_spider_mite,Tomato_Tomato_mosaic_virus,0.3341,Tomato_Spider_mites Two-spotted_spider_mite,False,2.590031580237867,0.8070039437242499,0.6760044973939238,0.8262406005766052,outlier_score,32.80054017208011,0.8175952282633154,0.7,0.3779482498561534,3.902112831310861,12,178,178.jpg
Tomato___Spider_mites Two-spotted_spider_mite/179.jpg,Tomato___Spider_mites Two-spotted_spider_mite,Tomato_Tomato_yellow_Leaf_Curl_Virus,0.5346,Tomato_Spider_mites Two-spotted_spider_mite,False,2.10376171652582,0.5722741354985652,0.137366457144404,0.4334818063036524,uncertainty_score,41.75333646132594,0.3141761609127725,0.5,0.4971163654780819,2.874026870042668,6,179,179.jpg
Tomato___Spider_mites Two-spotted_spider_mite/180.jpg,Tomato___Spider_mites Two-spotted_spider_mite,Tomato_Tomato_mosaic_virus,0.2105,Tomato_Spider_mites Two-spotted_spider_mite,False,2.6950697942709305,0.9614273753178032,0.4877362557816592,0.5371014096468198,uncertainty_score,23.77832616861511,0.9263378086507448,0.5,0.2578561348571568,3.739459819587225,12,180,180.jpg
Tomato___Spider_mites Two-spotted_spider_mite/181.jpg,Tomato___Spider_mites Two-spotted_spider_mite,Tomato_Spider_mites Two-spotted_spider_mite,0.5569,Tomato_Spider_mites Two-spotted_spider_mite,True,2.104927350055209,0.5301595408665849,0.3631056786417211,0.3388476510201423,uncertainty_score,19.78789470650424,0.3153829026585141,0.5,0.204740640826602,2.4378767665569314,3,181,181.jpg
Tomato___Spider_mites Two-spotted_spider_mite/182.jpg,Tomato___Spider_mites Two-spotted_spider_mite,Tomato_Spider_mites Two-spotted_spider_mite,0.4494,Tomato_Spider_mites Two-spotted_spider_mite,True,2.252796834477484,0.6691334247680898,0.2534761429337094,0.3995696072227132,uncertainty_score,18.00657702460365,0.4684672771850601,0.5,0.1810300296814447,2.7084795988922874,6,182,182.jpg
Tomato___Spider_mites Two-spotted_spider_mite/183.jpg,Tomato___Spider_mites Two-spotted_spider_mite,Tomato_Spider_mites Two-spotted_spider_mite,0.71,Tomato_Spider_mites Two-spotted_spider_mite,True,1.88425124315311,0.3447764958143143,0.3225954759646827,0.4567521249646714,outlier_score,16.364091876025054,0.0869242458230811,0.7,0.1591673787543562,2.1125995597776965,0,183,183.jpg
Tomato___Spider_mites Two-spotted_spider_mite/184.jpg,Tomato___Spider_mites Two-spotted_spider_mite,Tomato_Spider_mites Two-spotted_spider_mite,0.7441,Tomato_Spider_mites Two-spotted_spider_mite,True,1.8291613783648863,0.2991171233121166,0.3198419087476392,0.4159201777939208,outlier_score,14.441840350390883,0.0298915353432521,0.7,0.1335808374481094,1.9601543268586683,0,184,184.jpg
Tomato___Spider_mites Two-spotted_spider_mite/185.jpg,Tomato___Spider_mites Two-spotted_spider_mite,Tomato_Spider_mites Two-spotted_spider_mite,0.7352,Tomato_Spider_mites Two-spotted_spider_mite,True,1.988382508200902,0.3141640299924326,0.4736134471217589,0.5327504190883898,outlier_score,29.87324340352212,0.1947278919964619,0.7,0.338983838234921,2.597931541345305,3,185,185.jpg
Tomato___Spider_mites Two-spotted_spider_mite/186.jpg,Tomato___Spider_mites Two-spotted_spider_mite,Tomato_Spider_mites Two-spotted_spider_mite,0.604,Tomato_Spider_mites Two-spotted_spider_mite,True,1.943447058400776,0.4769419854820168,0.330494391144458,0.4151767852411677,uncertainty_score,18.989090517329185,0.1482077106784763,0.5,0.1941079863017538,2.0875774008095838,0,186,186.jpg
Tomato___Spider_mites Two-spotted_spider_mite/187.jpg,Tomato___Spider_mites Two-spotted_spider_mite,Tomato_Spider_mites Two-spotted_spider_mite,0.7446,Tomato_Spider_mites Two-spotted_spider_mite,True,1.9170823269099395,0.313448601422862,0.2819046482793084,0.371522397146086,outlier_score,17.57332830357518,0.1209131783034988,0.7,0.1752631796367731,2.2047211260621573,0,187,187.jpg
Tomato___Spider_mites Two-spotted_spider_mite/188.jpg,Tomato___Spider_mites Two-spotted_spider_mite,Tomato_Tomato_mosaic_virus,0.4775,Tomato_Spider_mites Two-spotted_spider_mite,False,2.2372552682584086,0.6314832019485195,0.34353981519828,0.4707034702954122,uncertainty_score,24.326943038995854,0.4523776089678112,0.5,0.2651586174033312,2.80249314404062,6,188,188.jpg
Tomato___Spider_mites Two-spotted_spider_mite/189.jpg,Tomato___Spider_mites Two-spotted_spider_mite,Tomato_Spider_mites Two-spotted_spider_mite,0.4578,Tomato_Spider_mites Two-spotted_spider_mite,True,2.2995098974929453,0.6797469206534149,0.3826576828083566,0.4273532739942998,uncertainty_score,28.759156497382165,0.5168277625271175,0.5,0.3241545454693479,3.019887343258257,6,189,189.jpg
Tomato___Spider_mites Two-spotted_spider_mite/190.jpg,Tomato___Spider_mites Two-spotted_spider_mite,Tomato_Spider_mites Two-spotted_spider_mite,0.6657,Tomato_Spider_mites Two-spotted_spider_mite,True,2.0829507927112507,0.3993432569675036,0.2469029410192523,0.3147102133791428,uncertainty_score,21.295962976067745,0.2926313014854205,0.5,0.2248141070495495,2.422483763545165,3,190,190.jpg
Tomato___Spider_mites Two-spotted_spider_mite/191.jpg,Tomato___Spider_mites Two-spotted_spider_mite,Tomato_Spider_mites Two-spotted_spider_mite,0.9518,Tomato_Spider_mites Two-spotted_spider_mite,True,1.8605993076389176,0.0476700652109963,0.4858661788952629,0.4982856918195021,outlier_score,26.17152002931627,0.0624381811784483,0.7,0.2897112551440219,2.2594432450729296,0,191,191.jpg
Tomato___Spider_mites Two-spotted_spider_mite/192.jpg,Tomato___Spider_mites Two-spotted_spider_mite,Tomato_Spider_mites Two-spotted_spider_mite,0.6613,Tomato_Spider_mites Two-spotted_spider_mite,True,2.221092274397076,0.4091119382653569,0.3561418403761149,0.3796902883344723,uncertainty_score,31.87077409481299,0.4356445973163159,0.5,0.3655723990250329,2.9196477931701814,6,192,192.jpg
Tomato___Spider_mites Two-spotted_spider_mite/193.jpg,Tomato___Spider_mites Two-spotted_spider_mite,Tomato_Spider_mites Two-spotted_spider_mite,0.8122,Tomato_Spider_mites Two-spotted_spider_mite,True,1.8270834957827595,0.219961994057997,0.4389934159102955,0.51109549198907,outlier_score,29.97945832897557,0.0277403723993407,0.7,0.3403976347861075,2.2660771969778426,0,193,193.jpg
Tomato___Spider_mites Two-spotted_spider_mite/194.jpg,Tomato___Spider_mites Two-spotted_spider_mite,Tomato_Late_blight,0.7509,Tomato_Spider_mites Two-spotted_spider_mite,False,2.080016421696434,0.2946172830310644,0.6516168492818829,0.6183736715369252,density_score,35.264693073017,0.2895934444645002,1.2,0.4107478856706855,3.395308717435029,12,194,194.jpg
Tomato___Spider_mites Two-spotted_spider_mite/195.jpg,Tomato___Spider_mites Two-spotted_spider_mite,Tomato_Tomato_mosaic_virus,0.4693,Tomato_Spider_mites Two-spotted_spider_mite,False,2.2704178426879693,0.646440255174942,0.2042914583360922,0.2298436349084771,uncertainty_score,29.516568645795758,0.486709722750948,0.5,0.3342362423559423,2.97477380903581,6,195,195.jpg
Tomato___Spider_mites Two-spotted_spider_mite/196.jpg,Tomato___Spider_mites Two-spotted_spider_mite,Tomato_Tomato_yellow_Leaf_Curl_Virus,0.3334,Tomato_Spider_mites Two-spotted_spider_mite,False,2.434258263344126,0.814322049409498,0.2242191248278727,0.2404877797356135,uncertainty_score,20.68643758618533,0.6563282780350673,0.5,0.2167008885880438,3.1377078889522,12,196,196.jpg
Tomato___Spider_mites Two-spotted_spider_mite/197.jpg,Tomato___Spider_mites Two-spotted_spider_mite,Tomato_Spider_mites Two-spotted_spider_mite,0.9027,Tomato_Spider_mites Two-spotted_spider_mite,True,1.8008335300128342,0.1050741560702769,0.2778910145322572,0.2177718915593407,density_score,37.00726307091246,0.0005646531701004,1.2,0.4339427374554794,2.85204341252342,6,197,197.jpg
Tomato___Spider_mites Two-spotted_spider_mite/198.jpg,Tomato___Spider_mites Two-spotted_spider_mite,Tomato_Tomato_yellow_Leaf_Curl_Virus,0.5387,Tomato_Spider_mites Two-spotted_spider_mite,False,2.149553965575163,0.5524686165013948,0.4281349394088289,0.5188650236164074,uncertainty_score,25.43169065978016,0.361583358085812,0.5,0.2798635976076518,2.6429621125831018,3,198,198.jpg
Tomato___Spider_mites Two-spotted_spider_mite/199.jpg,Tomato___Spider_mites Two-spotted_spider_mite,Tomato_Tomato_yellow_Leaf_Curl_Virus,0.4331,Tomato_Spider_mites Two-spotted_spider_mite,False,2.2747375423349903,0.6810683427882666,0.2238635285373595,0.4465020790693091,uncertainty_score,18.304843811416383,0.49118176457344,0.5,0.1850001737335077,2.7598637897471416,6,199,199.jpg
Tomato___Spider_mites Two-spotted_spider_mite/200.jpg,Tomato___Spider_mites Two-spotted_spider_mite,Tomato_Spider_mites Two-spotted_spider_mite,0.8478,Tomato_Spider_mites Two-spotted_spider_mite,True,1.842212545332932,0.1735442613606428,0.269598170185009,0.3845279237375724,outlier_score,31.02745637124852,0.0434029757864963,0.7,0.3543472375513524,2.318326807900021,3,200,200.jpg
Tomato___Spider_mites Two-spotted_spider_mite/201.jpg,Tomato___Spider_mites Two-spotted_spider_mite,Tomato_Leaf_Mold,0.5302,Tomato_Spider_mites Two-spotted_spider_mite,False,2.219817849775956,0.5734481418106225,0.5483115263525626,0.6788862903750026,outlier_score,19.64675947135941,0.4343252277603351,0.7,0.2028620300019293,2.872943500523564,6,201,201.jpg
Tomato___Spider_mites Two-spotted_spider_mite/202.jpg,Tomato___Spider_mites Two-spotted_spider_mite,Tomato_Tomato_mosaic_virus,0.6308,Tomato_Spider_mites Two-spotted_spider_mite,False,2.090167617740649,0.4395359778475768,0.4322776789257008,0.6737111319691065,outlier_score,27.11653727435206,0.3001026411604679,0.7,0.30229010991551,2.7536404471942006,6,202,202.jpg
Tomato___Spider_mites Two-spotted_spider_mite/203.jpg,Tomato___Spider_mites Two-spotted_spider_mite,Tomato_Spider_mites Two-spotted_spider_mite,0.6675,Tomato_Spider_mites Two-spotted_spider_mite,True,2.0304534009479225,0.4028102997772802,0.2643465449101485,0.3871922865269774,uncertainty_score,27.692418029276077,0.238282492373366,0.5,0.3099554942457291,2.4414982261153257,3,203,203.jpg
Tomato___Spider_mites Two-spotted_spider_mite/204.jpg,Tomato___Spider_mites Two-spotted_spider_mite,Tomato_Spider_mites Two-spotted_spider_mite,0.6482,Tomato_Spider_mites Two-spotted_spider_mite,True,2.141020838230477,0.4163914719909567,0.3899749677012547,0.3392238876461643,uncertainty_score,19.61661557240313,0.3527492942664901,0.5,0.2024607931682003,2.509189778285281,3,204,204.jpg
Tomato___Spider_mites Two-spotted_spider_mite/205.jpg,Tomato___Spider_mites Two-spotted_spider_mite,Tomato_Spider_mites Two-spotted_spider_mite,0.5853,Tomato_Spider_mites Two-spotted_spider_mite,True,2.2170368169569867,0.4999630906248192,0.378878092943839,0.3333695033211251,uncertainty_score,38.64871740881426,0.4314461166895617,0.5,0.455791667555918,3.0465797347130006,6,205,205.jpg
Tomato___Spider_mites Two-spotted_spider_mite/206.jpg,Tomato___Spider_mites Two-spotted_spider_mite,Tomato_Septoria_leaf_spot,0.4368,Tomato_Spider_mites Two-spotted_spider_mite,False,2.563685567496754,0.6818173186177613,0.7486564036583822,0.8476293743056993,outlier_score,32.64654310238877,0.7903200747892961,0.7,0.3758984388235423,3.8444878078139055,12,206,206.jpg
Tomato___Spider_mites Two-spotted_spider_mite/207.jpg,Tomato___Spider_mites Two-spotted_spider_mite,Tomato_Spider_mites Two-spotted_spider_mite,0.6011,Tomato_Spider_mites Two-spotted_spider_mite,True,2.0530263756389138,0.4833876407313096,0.312882534445309,0.4094184673523078,uncertainty_score,16.052224178625778,0.2616515446512909,0.5,0.1550161968641725,2.2558273845988404,0,207,207.jpg
Tomato___Spider_mites Two-spotted_spider_mite/208.jpg,Tomato___Spider_mites Two-spotted_spider_mite,Tomato_Spider_mites Two-spotted_spider_mite,0.4868,Tomato_Spider_mites Two-spotted_spider_mite,True,2.1804069208905066,0.6263246826477242,0.2849522387569011,0.391516557809246,uncertainty_score,21.219463903457257,0.3935243997767191,0.5,0.2237958497324733,2.622742574152148,3,208,208.jpg
Tomato___Spider_mites Two-spotted_spider_mite/209.jpg,Tomato___Spider_mites Two-spotted_spider_mite,Tomato_Spider_mites Two-spotted_spider_mite,0.6839,Tomato_Spider_mites Two-spotted_spider_mite,True,1.9972675250175016,0.3754009322443626,0.3981589425508052,0.4458534699578138,outlier_score,32.09547573277069,0.203926255318963,0.7,0.3685633383815717,2.6606975182102834,3,209,209.jpg
Tomato___Spider_mites Two-spotted_spider_mite/210.jpg,Tomato___Spider_mites Two-spotted_spider_mite,Tomato_Spider_mites Two-spotted_spider_mite,0.347,Tomato_Spider_mites Two-spotted_spider_mite,True,2.325205439344467,0.7971167386270172,0.2652588561636392,0.250126013537544,uncertainty_score,27.734929726658244,0.5434295050558708,0.5,0.310521355313629,3.0526410430821853,6,210,210.jpg
Tomato___Spider_mites Two-spotted_spider_mite/211.jpg,Tomato___Spider_mites Two-spotted_spider_mite,Tomato_Spider_mites Two-spotted_spider_mite,0.6196,Tomato_Spider_mites Two-spotted_spider_mite,True,2.000895556508912,0.4520217655213528,0.338090546499376,0.2911007173218229,uncertainty_score,19.928096684097827,0.2076822360325979,0.5,0.2066068293264303,2.225274716054841,0,211,211.jpg
Tomato___Spider_mites Two-spotted_spider_mite/212.jpg,Tomato___Spider_mites Two-spotted_spider_mite,Tomato_Spider_mites Two-spotted_spider_mite,0.494,Tomato_Spider_mites Two-spotted_spider_mite,True,2.0377370039194043,0.6060574085244179,0.3520134365151901,0.2379724566384726,uncertainty_score,33.27048427411835,0.2458229650377923,0.5,0.3842035416418949,2.567951242538427,3,212,212.jpg
Tomato___Spider_mites Two-spotted_spider_mite/213.jpg,Tomato___Spider_mites Two-spotted_spider_mite,Tomato_Spider_mites Two-spotted_spider_mite,0.4532,Tomato_Spider_mites Two-spotted_spider_mite,True,2.285390711366338,0.6609429425395291,0.4529992132735712,0.565710653869081,uncertainty_score,33.0519458518018,0.5022106372597895,0.5,0.3812946390893219,3.076363233153562,6,213,213.jpg
Tomato___Spider_mites Two-spotted_spider_mite/214.jpg,Tomato___Spider_mites Two-spotted_spider_mite,Tomato_Tomato_mosaic_virus,0.4692,Tomato_Spider_mites Two-spotted_spider_mite,False,2.089858552278302,0.6411216844093987,0.0949468237242738,0.4328765429955081,uncertainty_score,27.57544984642036,0.2997826759345393,0.5,0.3083985641550288,2.562163198101622,3,214,214.jpg
Tomato___Spider_mites Two-spotted_spider_mite/215.jpg,Tomato___Spider_mites Two-spotted_spider_mite,Tomato_Tomato_mosaic_virus,0.3649,Tomato_Spider_mites Two-spotted_spider_mite,False,2.154567729678645,0.771057759145009,0.0703654537299082,0.38495281164159,uncertainty_score,16.371088418110425,0.3667739418279813,0.5,0.1592605077287287,2.4724386452490554,3,215,215.jpg
Tomato___Spider_mites Two-spotted_spider_mite/216.jpg,Tomato___Spider_mites Two-spotted_spider_mite,Tomato_Spider_mites Two-spotted_spider_mite,0.4616,Tomato_Spider_mites Two-spotted_spider_mite,True,2.0430844161532264,0.6457566743345062,0.1812045116582722,0.2246374641374093,uncertainty_score,7.6481349370444995,0.2513589636270114,0.5,0.0431517641124999,2.067445573422773,0,216,216.jpg
Tomato___Spider_mites Two-spotted_spider_mite/217.jpg,Tomato___Spider_mites Two-spotted_spider_mite,Tomato_Spider_mites Two-spotted_spider_mite,0.6486,Tomato_Spider_mites Two-spotted_spider_mite,True,2.214676127454732,0.4206230819779021,0.4216173001806897,0.4762457462942781,outlier_score,26.464590429268952,0.4290021731178641,0.7,0.2936122315740204,2.9984226935967597,6,217,217.jpg
Tomato___Spider_mites Two-spotted_spider_mite/218.jpg,Tomato___Spider_mites Two-spotted_spider_mite,Tomato_Tomato_mosaic_virus,0.5971,Tomato_Spider_mites Two-spotted_spider_mite,False,1.938679453224724,0.4836762653948856,0.2308948638123492,0.4451533027501748,uncertainty_score,21.550066048030388,0.143271967112338,0.5,0.2281964005008039,2.1288385349758823,0,218,218.jpg
Tomato___Spider_mites Two-spotted_spider_mite/219.jpg,Tomato___Spider_mites Two-spotted_spider_mite,Tomato_Tomato_mosaic_virus,0.7121,Tomato_Spider_mites Two-spotted_spider_mite,False,1.830564152932872,0.3425756773350648,0.2421370145732334,0.4586285889000482,outlier_score,15.88773535384731,0.0313437813437087,0.7,0.1528267330747125,1.991927662299486,0,219,219.jpg
Tomato___Spider_mites Two-spotted_spider_mite/220.jpg,Tomato___Spider_mites Two-spotted_spider_mite,Tomato_Tomato_mosaic_virus,0.4189,Tomato_Spider_mites Two-spotted_spider_mite,False,2.045695312978939,0.7024734158285579,0.1218445365617246,0.4988357716507945,uncertainty_score,14.522937434343676,0.2540619385449205,0.5,0.1346602975815536,2.210114323462172,0,220,220.jpg
Tomato___Target_Spot/1.jpg,Tomato___Target_Spot,Tomato_Tomato_yellow_Leaf_Curl_Virus,0.4676,Tomato_Target_Spot,False,2.201390571544138,0.6434405094395266,0.2399319635059066,0.5324073125865358,uncertainty_score,24.947247372769297,0.415248077573697,0.5,0.2734153113098698,2.740619122112199,6,1,1.jpg
Tomato___Target_Spot/2.jpg,Tomato___Target_Spot,Tomato_Leaf_Mold,0.3893,Tomato_Target_Spot,False,2.4911232216307893,0.743720880294879,0.5417272912800889,0.6045175889568712,uncertainty_score,28.881970466520038,0.7151986839596087,0.5,0.3257892871524341,3.4190812986478685,12,2,2.jpg
Tomato___Target_Spot/3.jpg,Tomato___Target_Spot,Tomato_Late_blight,0.462,Tomato_Target_Spot,False,2.3730581490982443,0.6621349786564795,0.2375339672738078,0.3824236973428908,uncertainty_score,14.959699585261538,0.5929698288804789,0.5,0.1404739138884925,2.896650528593697,6,3,3.jpg
Tomato___Target_Spot/4.jpg,Tomato___Target_Spot,Tomato_Leaf_Mold,0.4197,Tomato_Target_Spot,False,2.267982784088786,0.7034607693243856,0.1554676809614248,0.3650929135876864,uncertainty_score,27.297257719206733,0.4841887873189494,0.5,0.3046956281661104,2.9254210168870647,6,4,4.jpg
Tomato___Target_Spot/5.jpg,Tomato___Target_Spot,Tomato_Target_Spot,0.5655,Tomato_Target_Spot,True,2.0748627844545906,0.528273061690677,0.3069292921806454,0.3332925105899398,uncertainty_score,14.438526626011388,0.2842580546997582,0.5,0.1335367294088738,2.268821203512827,0,5,5.jpg
Tomato___Target_Spot/6.jpg,Tomato___Target_Spot,Tomato_Target_Spot,0.4766,Tomato_Target_Spot,True,2.1205837984688145,0.6256609789282567,0.2898533896428445,0.2059823109236883,uncertainty_score,11.37389913432544,0.3315915046027765,0.5,0.0927443477363387,2.302299530810061,0,6,6.jpg
Tomato___Target_Spot/7.jpg,Tomato___Target_Spot,Tomato_Target_Spot,0.7605,Tomato_Target_Spot,True,1.822013287448382,0.2909259760497688,0.3000959667786192,0.2184633679147914,density_score,30.325241043225244,0.0224913538163657,1.2,0.3450002497837554,2.7624830823083646,6,7,7.jpg
Tomato___Target_Spot/8.jpg,Tomato___Target_Spot,Tomato_Spider_mites Two-spotted_spider_mite,0.8074,Tomato_Target_Spot,False,1.8372177055393093,0.2225045660111428,0.3426188040240459,0.4954294460923218,outlier_score,34.520764211210825,0.0382319837548783,0.7,0.4008456609630041,2.377732458954263,3,8,8.jpg
Tomato___Target_Spot/9.jpg,Tomato___Target_Spot,Tomato_Target_Spot,0.3289,Tomato_Target_Spot,True,2.5557214965990096,0.821603578236459,0.3080063963601266,0.2922217709494512,uncertainty_score,25.58559149585493,0.7820751362421066,0.5,0.2819121277020649,3.4870184640373107,12,9,9.jpg
Tomato___Target_Spot/10.jpg,Tomato___Target_Spot,Tomato_Spider_mites Two-spotted_spider_mite,0.493,Tomato_Target_Spot,False,2.433095563531338,0.6152127069926899,0.4256740108579336,0.5210894280457778,uncertainty_score,20.248489767931197,0.6551245734688534,0.5,0.2108714902016681,3.126556382240209,12,10,10.jpg
Tomato___Target_Spot/11.jpg,Tomato___Target_Spot,Tomato_Spider_mites Two-spotted_spider_mite,0.6938,Tomato_Target_Spot,False,2.022038366940607,0.3652805219658074,0.385311833342567,0.3762055476124336,density_score,23.33385498121608,0.2295706866707727,1.2,0.251939905766341,3.037051231991057,6,11,11.jpg
Tomato___Target_Spot/12.jpg,Tomato___Target_Spot,Tomato_Spider_mites Two-spotted_spider_mite,0.2105,Tomato_Target_Spot,False,2.5396042079645964,0.9598513930278006,0.2255773865514826,0.2813242181703643,uncertainty_score,31.73764790816036,0.7653894416966586,0.5,0.3638003943584704,3.576479474931023,12,12,12.jpg
Tomato___Target_Spot/13.jpg,Tomato___Target_Spot,Tomato_Target_Spot,0.7627,Tomato_Target_Spot,True,1.89306014622892,0.2838886624079381,0.2817576197191058,0.2278140971502217,uncertainty_score,13.735499120113934,0.0960438111133365,0.5,0.1241789309734487,1.8783560186868464,0,13,13.jpg
Tomato___Target_Spot/14.jpg,Tomato___Target_Spot,Tomato_Target_Spot,0.8981,Tomato_Target_Spot,True,1.841016324412288,0.1141330985320709,0.5123995178888401,0.3931612587969352,density_score,31.372204149773268,0.0421645679287301,1.2,0.3589360768150123,2.8227332510799785,6,14,14.jpg
Tomato___Target_Spot/15.jpg,Tomato___Target_Spot,Tomato_Target_Spot,0.3935,Tomato_Target_Spot,True,2.4473548919259063,0.7310481442343012,0.4445953857864638,0.4433912496519548,uncertainty_score,14.88128373895828,0.6698867833797056,0.5,0.1394301429439796,3.0489187811753804,6,15,15.jpg
Tomato___Target_Spot/16.jpg,Tomato___Target_Spot,Tomato_Late_blight,0.5803,Tomato_Target_Spot,False,2.230026600667561,0.5206218479707639,0.2673080847569152,0.2968643419383885,uncertainty_score,25.749137506233723,0.4448940090815422,0.5,0.2840890419581992,2.8159215811003837,6,16,16.jpg
Tomato___Target_Spot/17.jpg,Tomato___Target_Spot,Tomato_Target_Spot,0.4303,Tomato_Target_Spot,True,2.412465281472828,0.6955951930471161,0.4393110164309185,0.4578048801271939,uncertainty_score,14.295455738890285,0.6337667264622706,0.5,0.1316323536733218,2.964981983434524,6,17,17.jpg
Tomato___Target_Spot/18.jpg,Tomato___Target_Spot,Tomato_Tomato_yellow_Leaf_Curl_Virus,0.2067,Tomato_Target_Spot,False,2.594181953433324,0.9650451591193092,0.122812804369188,0.2225468212412855,uncertainty_score,35.80164737360936,0.8218919720246173,0.5,0.417895131079759,3.7706266406688727,12,18,18.jpg
Tomato___Target_Spot/19.jpg,Tomato___Target_Spot,Tomato_Target_Spot,0.5149,Tomato_Target_Spot,True,2.053002104094125,0.6013681813993449,0.3976126026681698,0.4058623783341088,uncertainty_score,12.11811831280134,0.2616264171257079,0.5,0.1026504367663331,2.1772284894009157,0,19,19.jpg
Tomato___Target_Spot/20.jpg,Tomato___Target_Spot,Tomato_Target_Spot,0.7963,Tomato_Target_Spot,True,1.8701018039361503,0.2426468876751283,0.5319869258348262,0.6099177093859032,outlier_score,23.68284389349692,0.0722758005343698,0.7,0.2565851975506978,2.229429397394786,0,20,20.jpg
Tomato___Target_Spot/21.jpg,Tomato___Target_Spot,Tomato_Target_Spot,0.5686,Tomato_Target_Spot,True,2.0802333836237343,0.516461766062247,0.402657111655885,0.4334112369014242,uncertainty_score,17.767010291723956,0.2898180579543398,0.5,0.1778412252899868,2.34639795384366,3,21,21.jpg
Tomato___Target_Spot/22.jpg,Tomato___Target_Spot,Tomato_Leaf_Mold,0.4797,Tomato_Target_Spot,False,2.260484138460355,0.6324746195397124,0.2475626434700004,0.3702905565760593,uncertainty_score,28.78344032408075,0.4764256881216439,0.5,0.3244777805541488,2.939568047074512,6,22,22.jpg
Tomato___Target_Spot/23.jpg,Tomato___Target_Spot,Tomato_Target_Spot,0.5973,Tomato_Target_Spot,True,1.9182991374899347,0.4937293594756637,0.2638812200101529,0.3750564116576591,uncertainty_score,12.377529133545076,0.1221729019529294,0.5,0.1061033801463921,1.903500874125447,0,23,23.jpg
Tomato___Target_Spot/24.jpg,Tomato___Target_Spot,Tomato_Target_Spot,0.8667,Tomato_Target_Spot,True,1.831007279333072,0.1478050153449157,0.557431762573687,0.5024815580221844,density_score,28.670551610582116,0.0318025354137311,1.2,0.3229751511154811,2.748067797500684,6,24,24.jpg
Tomato___Target_Spot/25.jpg,Tomato___Target_Spot,Tomato_Late_blight,0.8638,Tomato_Target_Spot,False,1.8174559459674853,0.1547914169557162,0.3546079802519434,0.5976383837088057,outlier_score,21.485546545804223,0.0177732892824105,0.7,0.2273375998252661,2.076552978302721,0,25,25.jpg
Tomato___Target_Spot/26.jpg,Tomato___Target_Spot,Tomato_Leaf_Mold,0.4693,Tomato_Target_Spot,False,2.2907781348579457,0.6436284923233303,0.3290631882627596,0.5679130162759263,uncertainty_score,24.677495445636225,0.5077880581775984,0.5,0.2698247204147719,2.9203131969773546,6,26,26.jpg
Tomato___Target_Spot/27.jpg,Tomato___Target_Spot,Tomato_Leaf_Mold,0.4657,Tomato_Target_Spot,False,2.3785894430218923,0.6528017467038525,0.3793716020089733,0.4470045207276191,uncertainty_score,32.163184351203654,0.5986961940864739,0.5,0.3694645884725308,3.251589270881744,12,27,27.jpg
Tomato___Target_Spot/28.jpg,Tomato___Target_Spot,Tomato_healthy,0.3312,Tomato_Target_Spot,False,2.502409124159885,0.8212540660350471,0.4912191194415759,0.4782147087509761,uncertainty_score,18.903741284162656,0.7268826046575424,0.5,0.1929719270240007,3.243223099851086,12,28,28.jpg
Tomato___Target_Spot/29.jpg,Tomato___Target_Spot,Tomato_Target_Spot,0.3977,Tomato_Target_Spot,True,2.453335102801474,0.7292385134071181,0.6048160996728261,0.5746757245374361,uncertainty_score,51.19069307937274,0.6760778974219295,0.5,0.6227343253076484,3.786257282805332,12,29,29.jpg
Tomato___Target_Spot/30.jpg,Tomato___Target_Spot,Tomato_Late_blight,0.6584,Tomato_Target_Spot,False,2.1173290435967136,0.3968583212759013,0.4035452188848559,0.5806876427033174,outlier_score,17.194857366086175,0.3282219647969169,0.7,0.1702254610312011,2.611782121140635,3,30,30.jpg
Tomato___Target_Spot/31.jpg,Tomato___Target_Spot,Tomato_Target_Spot,0.4606,Tomato_Target_Spot,True,2.258856718627668,0.6454026546818712,0.3787967053724925,0.3851173109793802,uncertainty_score,11.024618367251382,0.4747408743268816,0.5,0.088095171156146,2.5816245053879827,3,31,31.jpg
Tomato___Target_Spot/32.jpg,Tomato___Target_Spot,Tomato_Target_Spot,0.645,Tomato_Target_Spot,True,1.9595285878491224,0.4235278017744136,0.3083123629490089,0.4504785633355301,outlier_score,10.13064738340687,0.1648563849242053,0.7,0.0761957785950308,2.144006437740957,0,32,32.jpg
Tomato___Target_Spot/33.jpg,Tomato___Target_Spot,Tomato_Target_Spot,0.7383,Tomato_Target_Spot,True,1.8648771605143453,0.3195030690200883,0.337731247772184,0.2778748992822841,density_score,8.783489700659096,0.0668669004257631,1.2,0.0582641472575127,2.421130021737796,3,33,33.jpg
Tomato___Target_Spot/34.jpg,Tomato___Target_Spot,Tomato_Late_blight,0.7263,Tomato_Target_Spot,False,2.2134489079996484,0.3366670738151296,0.4492926491532727,0.5907153837917996,outlier_score,34.16931271948872,0.4277316735051666,0.7,0.3961675904867053,3.149714732740391,12,34,34.jpg
Tomato___Target_Spot/35.jpg,Tomato___Target_Spot,Tomato_Target_Spot,0.7929,Tomato_Target_Spot,True,1.810999247831289,0.2354098422192561,0.3585481344449251,0.3651729290768328,outlier_score,10.9819643295988,0.011088883777461,0.7,0.087527415437541,1.8534688907112336,0,35,35.jpg
Tomato___Target_Spot/36.jpg,Tomato___Target_Spot,Tomato_Target_Spot,0.537,Tomato_Target_Spot,True,2.288788655074253,0.5601007659194126,0.2773760424402793,0.2197638160263011,uncertainty_score,26.04679051321629,0.5057284157198613,0.5,0.2880510161621605,2.943533355682963,6,36,36.jpg
Tomato___Target_Spot/37.jpg,Tomato___Target_Spot,Tomato_Target_Spot,0.2931,Tomato_Target_Spot,True,2.4953845173291223,0.8524789540821511,0.4279080853890858,0.361066336691034,uncertainty_score,21.19694228961885,0.7196102621104398,0.5,0.2234960709599895,3.274464630660864,12,37,37.jpg
Tomato___Target_Spot/38.jpg,Tomato___Target_Spot,Tomato_Target_Spot,0.5987,Tomato_Target_Spot,True,2.013583794099026,0.4805936121140191,0.2315213459923841,0.2242088861255839,uncertainty_score,14.189834025773356,0.2208179477239968,0.5,0.1302264532022004,2.1369755752512942,0,38,38.jpg
Tomato___Target_Spot/39.jpg,Tomato___Target_Spot,Tomato_Target_Spot,0.5858,Tomato_Target_Spot,True,2.269706294179538,0.4934350450785764,0.6275150568367994,0.5575560662691799,density_score,24.86740211847739,0.4859730801719595,1.2,0.2723525139236777,3.5804749312294355,12,39,39.jpg
Tomato___Target_Spot/40.jpg,Tomato___Target_Spot,Tomato_Target_Spot,0.7573,Tomato_Target_Spot,True,1.805420794548688,0.2875273578274144,0.2418185155177766,0.1628863917224659,uncertainty_score,13.904707436802331,0.0053136960507369,0.5,0.1264312145724329,1.7002742139601232,0,40,40.jpg
Tomato___Target_Spot/41.jpg,Tomato___Target_Spot,Tomato_healthy,0.4918,Tomato_Target_Spot,False,2.2511959466525986,0.6068455474547051,0.2715194698284086,0.2638990047090402,uncertainty_score,17.297646255188972,0.4668099310982915,0.5,0.171593654590566,2.691010344082432,3,41,41.jpg
Tomato___Target_Spot/42.jpg,Tomato___Target_Spot,Tomato_Leaf_Mold,0.5954,Tomato_Target_Spot,False,2.1124870744473894,0.487923688407434,0.2725007185682675,0.3868595067575559,uncertainty_score,34.88227576866735,0.3232092346748291,0.5,0.4056576381024138,2.7549049265032792,6,42,42.jpg
Tomato___Target_Spot/43.jpg,Tomato___Target_Spot,Tomato_Target_Spot,0.4397,Tomato_Target_Spot,True,1.971765539534177,0.6818782061555971,0.2658683860921049,0.3260748367862833,uncertainty_score,13.010885872827204,0.177524895280734,0.5,0.1145338108965436,2.026850506906284,0,43,43.jpg
Tomato___Target_Spot/44.jpg,Tomato___Target_Spot,Tomato_healthy,0.336,Tomato_Target_Spot,False,2.283354369585065,0.8062027257961508,0.2670943543466783,0.4038308576189947,uncertainty_score,19.287100057307374,0.5001024801296935,0.5,0.1980747062146393,2.797317019581346,6,44,44.jpg
Tomato___Target_Spot/45.jpg,Tomato___Target_Spot,Tomato_Target_Spot,0.5491,Tomato_Target_Spot,True,1.9465578556675245,0.5436972642061747,0.276493430313793,0.3782030940293695,uncertainty_score,16.99965800351685,0.1514282159485099,0.5,0.1676272180402453,2.054297258957388,0,45,45.jpg
Tomato___Target_Spot/46.jpg,Tomato___Target_Spot,Tomato_Spider_mites Two-spotted_spider_mite,0.2886,Tomato_Target_Spot,False,2.365599472813125,0.8695123166843604,0.2156025419007725,0.4682205205735356,uncertainty_score,15.576453074770544,0.5852481086190978,0.5,0.1486833435206983,2.8935212325192428,6,46,46.jpg
Tomato___Target_Spot/47.jpg,Tomato___Target_Spot,Tomato_healthy,0.5023,Tomato_Target_Spot,False,1.923101480837313,0.5969023317340749,0.388918700017675,0.4457813042589564,uncertainty_score,15.499824068488158,0.1271446087960783,0.5,0.1476633566936081,1.975784252632569,0,47,47.jpg
Tomato___Target_Spot/48.jpg,Tomato___Target_Spot,Tomato_Spider_mites Two-spotted_spider_mite,0.2595,Tomato_Target_Spot,False,2.624783332230505,0.9017975641585804,0.4405007330061954,0.5048603943628993,uncertainty_score,22.23036875142107,0.8535725648874316,0.5,0.2372517155773855,3.563022703140942,12,48,48.jpg
Tomato___Target_Spot/49.jpg,Tomato___Target_Spot,Tomato_Target_Spot,0.3193,Tomato_Target_Spot,True,2.55092602737432,0.8285396589573734,0.5911222106883696,0.6222371175835595,uncertainty_score,27.88856092095283,0.777110545950262,0.5,0.3125662962832816,3.523070536325446,12,49,49.jpg
Tomato___Target_Spot/50.jpg,Tomato___Target_Spot,Tomato_Leaf_Mold,0.2534,Tomato_Target_Spot,False,2.5432354647650355,0.9080531675300652,0.224273058468448,0.3467222469030782,uncertainty_score,23.558044892395024,0.7691487614657938,0.5,0.2549240336738121,3.420683573442306,12,50,50.jpg
Tomato___Target_Spot/51.jpg,Tomato___Target_Spot,Tomato_Spider_mites Two-spotted_spider_mite,0.5543,Tomato_Target_Spot,False,2.2392045125440934,0.5348448516815786,0.4529134185502781,0.4039268072118502,uncertainty_score,39.43413244138955,0.4543955969484912,0.5,0.4662461028395133,3.1081603481562525,12,51,51.jpg
Tomato___Target_Spot/52.jpg,Tomato___Target_Spot,Tomato_Bacterial_spot,0.3458,Tomato_Target_Spot,False,2.465346218716625,0.8019759927236437,0.3203082987067689,0.4195949578337605,uncertainty_score,33.715153859493654,0.6885126074935888,0.5,0.3901224115515355,3.462208832314481,12,52,52.jpg
Tomato___Target_Spot/53.jpg,Tomato___Target_Spot,Tomato_Target_Spot,0.7929,Tomato_Target_Spot,True,1.9513969109800549,0.2419561392483211,0.4397573566695342,0.3221620559800892,density_score,29.07228880193197,0.1564379294719749,1.2,0.3283225601843008,3.005359699220401,6,53,53.jpg
Tomato___Target_Spot/54.jpg,Tomato___Target_Spot,Tomato_Target_Spot,0.7798,Tomato_Target_Spot,True,1.973920366549856,0.2600370778504068,0.5345531684425008,0.4918429937674055,density_score,26.663325294925183,0.1797557162455659,1.2,0.2962575346372743,3.003897734447043,6,54,54.jpg
Tomato___Target_Spot/55.jpg,Tomato___Target_Spot,Tomato_Target_Spot,0.7192,Tomato_Target_Spot,True,1.8662699026625968,0.3297625452527782,0.2277714885741523,0.2674611909678254,uncertainty_score,11.454894347005462,0.0683087601946995,0.5,0.0938224518903525,1.777351198224928,0,55,55.jpg
Tomato___Target_Spot/56.jpg,Tomato___Target_Spot,Tomato_Spider_mites Two-spotted_spider_mite,0.6017,Tomato_Target_Spot,False,2.161725828980935,0.4794261822471891,0.3922139764508205,0.4889782009620961,outlier_score,20.917194718482044,0.3741844847048379,0.7,0.2197724309010473,2.7780276157612467,6,56,56.jpg
Tomato___Target_Spot/57.jpg,Tomato___Target_Spot,Tomato_Late_blight,0.3595,Tomato_Target_Spot,False,2.443687326931969,0.7889569218453033,0.3753306249057878,0.3612136390517469,uncertainty_score,25.44318303019211,0.6660898749416606,0.5,0.2800165692694405,3.252204603787482,12,57,57.jpg
Tomato___Target_Spot/58.jpg,Tomato___Target_Spot,Tomato_Leaf_Mold,0.244,Tomato_Target_Spot,False,2.725574891024792,0.923494808709312,0.5642638116699221,0.5224659490353525,uncertainty_score,33.44325320988224,0.957918723906396,0.5,0.3865032196249312,3.995592277250189,12,58,58.jpg
Tomato___Target_Spot/59.jpg,Tomato___Target_Spot,Tomato_Septoria_leaf_spot,0.2788,Tomato_Target_Spot,False,2.5739910964232022,0.8757127961441638,0.3154260526027265,0.3698921841625339,uncertainty_score,39.61828882560416,0.8009890472012463,0.5,0.4686973558980648,3.80502412824959,12,59,59.jpg
Tomato___Target_Spot/60.jpg,Tomato___Target_Spot,Tomato_Target_Spot,0.6281,Tomato_Target_Spot,True,1.9518035971194072,0.4488190366956037,0.5648710495564361,0.5838085341535919,outlier_score,18.83986425415745,0.156858958148139,0.7,0.1921216781127874,2.301900433465459,0,60,60.jpg
Tomato___Target_Spot/61.jpg,Tomato___Target_Spot,Tomato_healthy,0.2849,Tomato_Target_Spot,False,2.477535248364598,0.8683154036529716,0.1695812747851626,0.2659132177809564,uncertainty_score,25.05076019541041,0.7011315057540087,0.5,0.2747931409418996,3.3144527229208665,12,61,61.jpg
Tomato___Target_Spot/62.jpg,Tomato___Target_Spot,Tomato_Target_Spot,0.6311,Tomato_Target_Spot,True,1.899823567107004,0.4405421739673706,0.4252107485773938,0.4930901232409508,outlier_score,21.46406271756329,0.1030457565033977,0.7,0.2270516347206103,2.2466689650877107,0,62,62.jpg
Tomato___Target_Spot/63.jpg,Tomato___Target_Spot,Tomato_Spider_mites Two-spotted_spider_mite,0.2655,Tomato_Target_Spot,False,2.695778031798328,0.8933816354762126,0.3885907623000952,0.3871532120435642,uncertainty_score,26.957274540015508,0.9270710234808466,0.5,0.3001702091240131,3.804397360647713,12,63,63.jpg
Tomato___Target_Spot/64.jpg,Tomato___Target_Spot,Tomato_healthy,0.3513,Tomato_Target_Spot,False,2.4452978118994704,0.7960803943088773,0.3585652795049542,0.3718795380817917,uncertainty_score,24.007805600311816,0.6677571566319807,0.5,0.260910670062223,3.226880318357296,12,64,64.jpg
Tomato___Target_Spot/65.jpg,Tomato___Target_Spot,Tomato_Late_blight,0.7844,Tomato_Target_Spot,False,1.891627384972248,0.2470008638788894,0.5062313666093162,0.6763692784715389,outlier_score,13.348955871934711,0.0945605208883084,0.7,0.1190337641447083,2.06767168799368,0,65,65.jpg
Tomato___Target_Spot/66.jpg,Tomato___Target_Spot,Tomato_Target_Spot,0.6199,Tomato_Target_Spot,True,2.197369772135727,0.4566201785881731,0.4890897970760267,0.3682672921880809,density_score,21.497133467958943,0.4110854772580324,1.2,0.2274918300383108,3.363408699573531,12,66,66.jpg
Tomato___Target_Spot/67.jpg,Tomato___Target_Spot,Tomato_Septoria_leaf_spot,0.2902,Tomato_Target_Spot,False,2.6111697110931864,0.853198372854444,0.4296656760041805,0.5011163757685797,uncertainty_score,18.35508994135033,0.8394788342912229,0.5,0.1856689856251304,3.4574611470201417,12,67,67.jpg
Tomato___Target_Spot/68.jpg,Tomato___Target_Spot,Tomato_Late_blight,0.4217,Tomato_Target_Spot,False,2.3518114101415666,0.7089280859802972,0.336776623321146,0.4416542478333713,uncertainty_score,18.20490280331888,0.5709737844861978,0.5,0.1836698875052103,2.917452400230211,6,68,68.jpg
Tomato___Target_Spot/69.jpg,Tomato___Target_Spot,Tomato_Late_blight,0.4436,Tomato_Target_Spot,False,2.446849499485244,0.6758401427251178,0.3056742874777628,0.5447904114235269,uncertainty_score,32.39424200999206,0.6693635673424585,0.5,0.372540131007873,3.3975373311967267,12,69,69.jpg
Tomato___Target_Spot/70.jpg,Tomato___Target_Spot,Tomato_Target_Spot,0.6921,Tomato_Target_Spot,True,2.0242269541076787,0.3622471550778249,0.5733038420172002,0.5025908830839536,density_score,25.73413607807208,0.2318364584010049,1.2,0.2838893622304465,3.0895069601476792,6,70,70.jpg
Tomato___Target_Spot/71.jpg,Tomato___Target_Spot,Tomato_Bacterial_spot,0.3301,Tomato_Target_Spot,False,2.311939597393147,0.8208615483154067,0.3220246550124409,0.5087444271436863,uncertainty_score,31.694868038602632,0.5296958187201126,0.5,0.3632309637272977,3.104238083031172,12,71,71.jpg
Tomato___Target_Spot/72.jpg,Tomato___Target_Spot,Tomato_Target_Spot,0.2667,Tomato_Target_Spot,True,2.6076378522277137,0.9011741319295504,0.3659540363101119,0.3464591446701372,uncertainty_score,17.088817217853574,0.8358224179085642,0.5,0.1688139908897071,3.424865822151689,12,72,72.jpg
Tomato___Target_Spot/73.jpg,Tomato___Target_Spot,Tomato_Tomato_mosaic_virus,0.5236,Tomato_Target_Spot,False,2.3041974848706737,0.5788442259586777,0.5522754058392024,0.6697224291327031,outlier_score,44.86244386230424,0.5216806663196865,0.7,0.5385008065253815,3.551112542427445,12,73,73.jpg
Tomato___Target_Spot/74.jpg,Tomato___Target_Spot,Tomato_Target_Spot,0.4879,Tomato_Target_Spot,True,2.2917191331165867,0.6243166500740738,0.453494659959101,0.4601753809688092,uncertainty_score,18.24013338018091,0.5087622424754434,0.5,0.1841388316564321,2.793732732435535,6,74,74.jpg
Tomato___Target_Spot/75.jpg,Tomato___Target_Spot,Tomato_Target_Spot,0.3257,Tomato_Target_Spot,True,2.4321034406318223,0.8215515578157838,0.2964882330274316,0.2508963429887533,uncertainty_score,14.875078659992353,0.6540974615253771,0.5,0.1393475489092484,3.017216246414627,6,75,75.jpg
Tomato___Target_Spot/76.jpg,Tomato___Target_Spot,Tomato_healthy,0.3673,Tomato_Target_Spot,False,2.4105335320361254,0.771507395877692,0.3530073728584495,0.3157335402026146,uncertainty_score,18.08090938288669,0.6317668503186906,0.5,0.1820194464826474,3.0365628703613523,6,76,76.jpg
Tomato___Target_Spot/77.jpg,Tomato___Target_Spot,Tomato_healthy,0.4056,Tomato_Target_Spot,False,2.318033609071916,0.7173746062168689,0.3110877764341496,0.4127914398800461,uncertainty_score,33.39555847649291,0.5360047469607607,0.5,0.3858683686443584,3.150812046888059,12,77,77.jpg
Tomato___Target_Spot/78.jpg,Tomato___Target_Spot,Tomato_Spider_mites Two-spotted_spider_mite,0.4474,Tomato_Target_Spot,False,2.18958373688886,0.659533366481573,0.5300648935312134,0.6877860845049009,outlier_score,22.46039432842865,0.4030248531173241,0.7,0.2403135203667749,2.866519986784811,6,78,78.jpg
Tomato___Target_Spot/79.jpg,Tomato___Target_Spot,Tomato_Bacterial_spot,0.2956,Tomato_Target_Spot,False,2.629222564381383,0.8539728416457755,0.4486927070423957,0.441373948934233,uncertainty_score,18.96372947475251,0.8581683547479991,0.5,0.193770412703916,3.5069923285518723,12,79,79.jpg
Tomato___Target_Spot/80.jpg,Tomato___Target_Spot,Tomato_Late_blight,0.4474,Tomato_Target_Spot,False,2.416888177364568,0.660540670991012,0.4030974926745105,0.3968067886908296,uncertainty_score,40.28369935380523,0.6383456039353911,0.5,0.4775544454820158,3.4930228760938062,12,80,80.jpg
Tomato___Target_Spot/81.jpg,Tomato___Target_Spot,Tomato_healthy,0.6005,Tomato_Target_Spot,False,2.137638243104055,0.4762281825505923,0.4908897605190901,0.6038644436831146,outlier_score,26.494808802244425,0.3492474056839472,0.7,0.2940144597101585,2.839516500933132,6,81,81.jpg
Tomato___Target_Spot/82.jpg,Tomato___Target_Spot,Tomato_healthy,0.5389,Tomato_Target_Spot,False,2.2633496778671542,0.5582864798557202,0.4168139842096271,0.4164296207680493,uncertainty_score,25.782816654761668,0.479392286060934,0.5,0.2845373354897572,2.885590575356504,6,82,82.jpg
Tomato___Target_Spot/83.jpg,Tomato___Target_Spot,Tomato_Early_blight,0.37,Tomato_Target_Spot,False,2.4188481768791403,0.7727417724790842,0.3276903203712632,0.329768153536886,uncertainty_score,20.69853488559988,0.6403747264479426,0.5,0.216861912287095,3.106042321326528,12,83,83.jpg
Tomato___Target_Spot/84.jpg,Tomato___Target_Spot,Tomato_Target_Spot,0.526,Tomato_Target_Spot,True,2.0100870688661114,0.5680680923660993,0.326969185643016,0.397352866638258,uncertainty_score,26.81709954128016,0.2171979040262499,0.5,0.2983043797320652,2.3818523776505978,3,84,84.jpg
Tomato___Target_Spot/85.jpg,Tomato___Target_Spot,Tomato_healthy,0.517,Tomato_Target_Spot,False,2.17618111191086,0.5841061210670364,0.3770836790615469,0.5182871733004186,uncertainty_score,22.19160527364866,0.3891495598491618,0.5,0.2367357459906945,2.633402738684365,3,85,85.jpg
Tomato___Target_Spot/86.jpg,Tomato___Target_Spot,Tomato_healthy,0.7174,Tomato_Target_Spot,False,2.0134940210102608,0.3340474318353299,0.4269553070962476,0.4439035044517449,outlier_score,18.545840574901952,0.2207250086216751,0.7,0.1882080128541249,2.423762036524538,3,86,86.jpg
Tomato___Target_Spot/87.jpg,Tomato___Target_Spot,Tomato_Target_Spot,0.5102,Tomato_Target_Spot,True,2.214081677995864,0.581793798589493,0.5128698946034128,0.4483851475318667,uncertainty_score,29.51637772353625,0.428386759302404,0.5,0.3342337010442494,2.858124070171182,6,87,87.jpg
Tomato___Target_Spot/88.jpg,Tomato___Target_Spot,Tomato_Target_Spot,0.2956,Tomato_Target_Spot,True,2.5358102026975704,0.8646518803054456,0.319157854816924,0.2754461834825925,uncertainty_score,19.26912922400498,0.7614616338360829,0.5,0.1978355015827441,3.319676520046282,12,88,88.jpg
Tomato___Target_Spot/89.jpg,Tomato___Target_Spot,Tomato_Target_Spot,0.7237,Tomato_Target_Spot,True,2.127709907590212,0.3356137341890988,0.5786585096009399,0.459816021138887,density_score,33.58256471864079,0.3389689291060078,1.2,0.3883575553483014,3.4604741912344674,12,89,89.jpg
Tomato___Target_Spot/90.jpg,Tomato___Target_Spot,Tomato_Target_Spot,0.7925,Tomato_Target_Spot,True,1.9100747925863617,0.2473058927092124,0.4753643461450897,0.2846286441693342,density_score,20.092587053275537,0.1136585103570363,1.2,0.2087963136729477,2.7405114912234945,6,90,90.jpg
Tomato___Target_Spot/91.jpg,Tomato___Target_Spot,Tomato_Spider_mites Two-spotted_spider_mite,0.6853,Tomato_Target_Spot,False,1.8994112409408848,0.3800597894931607,0.3816409712560393,0.5376004920366473,outlier_score,23.23957649096216,0.1026188888945201,0.7,0.250684991696562,2.281265265333883,0,91,91.jpg
Tomato___Target_Spot/92.jpg,Tomato___Target_Spot,Tomato_Spider_mites Two-spotted_spider_mite,0.2466,Tomato_Target_Spot,False,2.6615568919331896,0.920083554845004,0.4288263037687365,0.3986091053076819,uncertainty_score,25.097106496303084,0.8916430119995877,0.5,0.2754100433224508,3.696401088982852,12,92,92.jpg
Tomato___Target_Spot/93.jpg,Tomato___Target_Spot,Tomato_Target_Spot,0.4676,Tomato_Target_Spot,True,2.6523624268820107,0.6481144407874976,0.7846160327087616,0.7665925547563182,density_score,22.636697993096075,0.882124287179757,1.2,0.2426602481171756,4.3282389465352775,12,93,93.jpg
Tomato___Target_Spot/94.jpg,Tomato___Target_Spot,Tomato_Septoria_leaf_spot,0.3009,Tomato_Target_Spot,False,2.4871763831200733,0.8523057497269483,0.3423715936472103,0.4656510505863691,uncertainty_score,47.22184330646038,0.7111126529091127,0.5,0.5699060989810191,3.777084454289754,12,94,94.jpg
Tomato___Target_Spot/95.jpg,Tomato___Target_Spot,Tomato_Spider_mites Two-spotted_spider_mite,0.7464,Tomato_Target_Spot,False,1.9476351958415763,0.2975288748433753,0.4060005682628939,0.5251277776787802,outlier_score,18.357368628420858,0.152543550510887,0.7,0.1856993165782219,2.2836360758891066,0,95,95.jpg
Tomato___Target_Spot/96.jpg,Tomato___Target_Spot,Tomato_Target_Spot,0.3513,Tomato_Target_Spot,True,2.251006234127684,0.7954963468585688,0.2529139999195582,0.3003261151688768,uncertainty_score,9.009609096731095,0.466613528011273,0.5,0.0612739579875789,2.5251379930039146,3,96,96.jpg
Tomato___Target_Spot/97.jpg,Tomato___Target_Spot,Tomato_Tomato_mosaic_virus,0.269,Tomato_Target_Spot,False,2.588361126689806,0.8971413670449305,0.3166265456977045,0.3195178814124553,uncertainty_score,21.50412358938019,0.8158658630898341,0.5,0.227584873549056,3.4731090365032524,12,97,97.jpg
Tomato___Target_Spot/98.jpg,Tomato___Target_Spot,Tomato_Leaf_Mold,0.6448,Tomato_Target_Spot,False,1.972517334075501,0.4195644959742179,0.2388573934815971,0.3721594276473535,uncertainty_score,13.581831744908907,0.1783032032431961,0.5,0.122133508410026,2.039806669101431,0,98,98.jpg
Tomato___Target_Spot/99.jpg,Tomato___Target_Spot,Tomato_Target_Spot,0.324,Tomato_Target_Spot,True,2.404775988261928,0.8207733204996591,0.261591389279286,0.2349288819267333,uncertainty_score,11.448322763518735,0.6258062561438629,0.5,0.0937349794185722,2.892214981415584,6,99,99.jpg
Tomato___Target_Spot/100.jpg,Tomato___Target_Spot,Tomato_Leaf_Mold,0.2402,Tomato_Target_Spot,False,2.3724285787330714,0.927527204130717,0.2052451362255827,0.3119891241571356,uncertainty_score,8.209732136885574,0.5923180555551746,0.5,0.0506270241185835,2.7605766472882243,6,100,100.jpg
Tomato___Target_Spot/101.jpg,Tomato___Target_Spot,Tomato_Spider_mites Two-spotted_spider_mite,0.5491,Tomato_Target_Spot,False,2.24257691338253,0.5420601727004074,0.4776484373368679,0.5811232119902736,outlier_score,29.23219808797073,0.4578869317226803,0.7,0.3304510670409324,3.1114504640067597,12,101,101.jpg
Tomato___Target_Spot/102.jpg,Tomato___Target_Spot,Tomato_Tomato_yellow_Leaf_Curl_Virus,0.204,Tomato_Target_Spot,False,2.559060002191859,0.9711322872647434,0.2570371894119702,0.2946413770630851,uncertainty_score,22.73132203634237,0.7855313803923547,0.5,0.2439197617441899,3.4369424034009946,12,102,102.jpg
Tomato___Target_Spot/103.jpg,Tomato___Target_Spot,Tomato_Late_blight,0.5143,Tomato_Target_Spot,False,2.230693761778766,0.593030800596491,0.2641430316557585,0.250156573588667,uncertainty_score,21.388656801129244,0.445584698859871,0.5,0.2260479280933318,2.73024128985974,6,103,103.jpg
Tomato___Target_Spot/104.jpg,Tomato___Target_Spot,Tomato_Target_Spot,0.2969,Tomato_Target_Spot,True,2.661271107477459,0.8624756680763167,0.3377047039048005,0.2991685599847651,uncertainty_score,44.61440324661511,0.8913471488279142,0.5,0.5351992086989142,4.085493110704199,12,104,104.jpg
Tomato___Target_Spot/105.jpg,Tomato___Target_Spot,Tomato_Early_blight,0.3406,Tomato_Target_Spot,False,2.458073724285778,0.8050450497581975,0.3765854601041121,0.3820960697972917,uncertainty_score,14.747900227254938,0.6809836351329719,0.5,0.1376547130971265,3.0684493399116337,6,105,105.jpg
Tomato___Target_Spot/106.jpg,Tomato___Target_Spot,Tomato_Septoria_leaf_spot,0.3815,Tomato_Target_Spot,False,2.42170774945811,0.7544851171719336,0.3568425204798465,0.528573445602394,uncertainty_score,11.233087620967328,0.6433351471282143,0.5,0.090870045879955,2.922975363076361,6,106,106.jpg
Tomato___Target_Spot/107.jpg,Tomato___Target_Spot,Tomato_Target_Spot,0.5775,Tomato_Target_Spot,True,2.242412893521787,0.5108015157154504,0.3914303620761636,0.3820445156593643,uncertainty_score,22.0570418353368,0.4577171273990236,0.5,0.234944610477593,2.7678511705144366,6,107,107.jpg
Tomato___Target_Spot/108.jpg,Tomato___Target_Spot,Tomato_Septoria_leaf_spot,0.4158,Tomato_Target_Spot,False,2.384875690670504,0.7017820762606067,0.4027927536799751,0.4133452809315874,uncertainty_score,11.23861716833644,0.6052041378530089,0.5,0.0909436481064472,2.8468237478656886,6,108,108.jpg
Tomato___Target_Spot/109.jpg,Tomato___Target_Spot,Tomato_Early_blight,0.202,Tomato_Target_Spot,False,2.656637150860256,0.9723371068089336,0.4044947455710952,0.3179565404808392,uncertainty_score,14.623239949761928,0.8865497671835593,0.5,0.1359953957305968,3.477092627963014,12,109,109.jpg
Tomato___Target_Spot/110.jpg,Tomato___Target_Spot,Tomato_Target_Spot,0.7702,Tomato_Target_Spot,True,2.0445938633410066,0.2711961970116781,0.4103973131369971,0.2951444970201725,density_score,40.78611946145086,0.2529216442539506,1.2,0.484242016107365,3.4322063126689484,12,110,110.jpg
Tomato___Target_Spot/111.jpg,Tomato___Target_Spot,Tomato_Target_Spot,0.3661,Tomato_Target_Spot,True,2.510883127521056,0.7693156661935321,0.2681040330176039,0.2304048909615569,uncertainty_score,27.92037864165086,0.7356554593770203,0.5,0.3129898128803836,3.4407956380746163,12,111,111.jpg
Tomato___Target_Spot/112.jpg,Tomato___Target_Spot,Tomato_Late_blight,0.5995,Tomato_Target_Spot,False,2.151993113957254,0.4773664987160784,0.4383988163586498,0.7043686968787204,outlier_score,19.20699812616244,0.3641085275344556,0.7,0.197008492276131,2.723729793483108,6,112,112.jpg
Tomato___Target_Spot/113.jpg,Tomato___Target_Spot,Tomato_Target_Spot,0.6561,Tomato_Target_Spot,True,1.852841229430856,0.4153181813513147,0.2359609623587866,0.2952256756459444,uncertainty_score,10.794712083566688,0.0544065000330841,0.5,0.0850349542461225,1.736365431435352,0,113,113.jpg
Tomato___Target_Spot/114.jpg,Tomato___Target_Spot,Tomato_healthy,0.3737,Tomato_Target_Spot,False,2.060979446379668,0.7691160082721337,0.2770257437443472,0.3284054231852857,uncertainty_score,8.505337505153564,0.269885095100665,0.5,0.0545617427881613,2.121612804383572,0,114,114.jpg
Tomato___Target_Spot/115.jpg,Tomato___Target_Spot,Tomato_Tomato_mosaic_virus,0.3533,Tomato_Target_Spot,False,2.16357937906278,0.7933649874637437,0.3081420025979344,0.3541696357612591,uncertainty_score,15.206535739136903,0.3761034036490778,0.5,0.1437594794675983,2.467846026499553,3,115,115.jpg
Tomato___Target_Spot/116.jpg,Tomato___Target_Spot,Tomato_Tomato_mosaic_virus,0.3,Tomato_Target_Spot,False,2.4834081674905013,0.8504532611668225,0.3140848274830399,0.3808577763405419,uncertainty_score,27.874682002062794,0.7072115442051232,0.5,0.312381557955997,3.382995425344242,12,116,116.jpg
Tomato___Target_Spot/117.jpg,Tomato___Target_Spot,Tomato_Target_Spot,0.5512,Tomato_Target_Spot,True,1.870156069938652,0.5448941033449205,0.2078270761321937,0.2539075434353958,uncertainty_score,8.069727728965123,0.0723319803275398,0.5,0.0487634654122735,1.71780915877349,0,117,117.jpg
Tomato___Target_Spot/118.jpg,Tomato___Target_Spot,Tomato_Target_Spot,0.4011,Tomato_Target_Spot,True,2.2923735981430022,0.7349149462427328,0.3946566710410921,0.3394893200153926,uncertainty_score,13.650054817282856,0.5094397884181359,0.5,0.1230416062505306,2.703441986212068,6,118,118.jpg
Tomato___Target_Spot/119.jpg,Tomato___Target_Spot,Tomato_Spider_mites Two-spotted_spider_mite,0.5397,Tomato_Target_Spot,False,2.1180487026146264,0.5677021021052975,0.3964011477478738,0.3411306647754648,uncertainty_score,11.7834693255062,0.328967003917463,0.5,0.0981960196297953,2.305228037279619,0,119,119.jpg
Tomato___Target_Spot/120.jpg,Tomato___Target_Spot,Tomato_healthy,0.2099,Tomato_Target_Spot,False,2.766222648962449,0.9604170412100008,0.4652393761550752,0.5668653143233109,uncertainty_score,49.018702355542864,1.0,0.5,0.5938235768280894,4.390735365242135,12,120,120.jpg
Tomato___Target_Spot/121.jpg,Tomato___Target_Spot,Tomato_Late_blight,0.5249,Tomato_Target_Spot,False,2.3059881073381714,0.5725504200907594,0.2912875106001006,0.4440847881453755,uncertainty_score,38.195122717258194,0.5235344383911928,0.5,0.4497539981057847,3.2216998739410627,12,121,121.jpg
Tomato___Target_Spot/122.jpg,Tomato___Target_Spot,Tomato_Target_Spot,0.2573,Tomato_Target_Spot,True,2.356652212127025,0.8991854592283672,0.3666287693634663,0.3601919356507181,uncertainty_score,16.863009994664164,0.5759853062822332,0.5,0.165808335403764,2.9006831156701125,6,122,122.jpg
Tomato___Target_Spot/123.jpg,Tomato___Target_Spot,Tomato_Target_Spot,0.537,Tomato_Target_Spot,True,2.193760565536529,0.5742481774564335,0.3480513789038002,0.4610223269258661,uncertainty_score,11.823155370947669,0.4073489853311551,0.5,0.0987242692513607,2.462784374539351,3,123,123.jpg
Tomato___Target_Spot/124.jpg,Tomato___Target_Spot,Tomato_Target_Spot,0.3375,Tomato_Target_Spot,True,2.2308767687344258,0.8079392029067592,0.3836190184095501,0.5172021082658718,uncertainty_score,16.848578403685508,0.4457741598933672,0.5,0.1656162406160809,2.639972680710856,3,124,124.jpg
Tomato___Target_Spot/125.jpg,Tomato___Target_Spot,Tomato_Spider_mites Two-spotted_spider_mite,0.8508,Tomato_Target_Spot,False,1.9847107510927489,0.1786345777519449,0.4693095506360689,0.5070847238784573,outlier_score,32.81443124458076,0.1909266436015609,0.7,0.3781331499566793,2.649053012138141,3,125,125.jpg
Tomato___Target_Spot/126.jpg,Tomato___Target_Spot,Tomato_healthy,0.2321,Tomato_Target_Spot,False,2.6917683368149143,0.9433835308225056,0.3143523588048542,0.3272945803884237,uncertainty_score,26.188060473547377,0.9229199192082084,0.5,0.2899314202753271,3.780736968829407,12,126,126.jpg
Tomato___Target_Spot/127.jpg,Tomato___Target_Spot,Tomato_Target_Spot,0.9045,Tomato_Target_Spot,True,1.832354613618483,0.1022792407412703,0.5099820632025557,0.328651659254188,density_score,31.4262764812633,0.0331973859277917,1.2,0.3596558181832697,2.805878499130488,6,127,127.jpg
Tomato___Target_Spot/128.jpg,Tomato___Target_Spot,Tomato_Tomato_mosaic_virus,0.3132,Tomato_Target_Spot,False,2.3952173744273155,0.8406216233371292,0.5311321831460947,0.5975993838164613,uncertainty_score,13.256491230373356,0.6159105401621006,0.5,0.1178029936970707,2.9085255708698075,6,128,128.jpg
Tomato___Target_Spot/129.jpg,Tomato___Target_Spot,Tomato_Leaf_Mold,0.5721,Tomato_Target_Spot,False,2.1777419824961406,0.5255578026308294,0.2628452919491728,0.4707434808567429,uncertainty_score,31.97577059656564,0.3907654774145618,0.5,0.3669699774861655,2.831985921058372,6,129,129.jpg
Tomato___Target_Spot/130.jpg,Tomato___Target_Spot,Tomato_Early_blight,0.5506,Tomato_Target_Spot,False,2.3155729007440806,0.5460188971567368,0.4211492202383011,0.4283567930646325,uncertainty_score,28.61560975320478,0.5334572572151202,0.5,0.3222438357363642,3.0502802680347867,6,130,130.jpg
Tomato___Target_Spot/131.jpg,Tomato___Target_Spot,Tomato_Early_blight,0.3103,Tomato_Target_Spot,False,2.3775169343194467,0.8470159970921768,0.3785929086861643,0.3724373835609133,uncertainty_score,17.76344416243836,0.5975858613864605,0.5,0.1777937575611009,2.9618623591145723,6,131,131.jpg
Tomato___Target_Spot/132.jpg,Tomato___Target_Spot,Tomato_Target_Spot,0.4953,Tomato_Target_Spot,True,2.203970540133579,0.6093185864307836,0.5091934638313106,0.4280206811571643,uncertainty_score,20.444721662774143,0.4179190335140371,0.5,0.2134834769349577,2.656063282430511,3,132,132.jpg
Tomato___Target_Spot/133.jpg,Tomato___Target_Spot,Tomato_Tomato_yellow_Leaf_Curl_Virus,0.2834,Tomato_Target_Spot,False,2.467764777917238,0.8731036469196707,0.3706942476909436,0.552329163007599,uncertainty_score,30.92912105700177,0.6910164616452943,0.5,0.3530383242555197,3.411590409673868,12,133,133.jpg
Tomato___Target_Spot/134.jpg,Tomato___Target_Spot,Tomato_Target_Spot,0.398,Tomato_Target_Spot,True,2.4319771250613176,0.7345293744315347,0.3842508633332476,0.313680618969259,uncertainty_score,21.89620043039155,0.6539666912032973,0.5,0.232803696452292,3.1571389270850325,12,134,134.jpg
Tomato___Target_Spot/135.jpg,Tomato___Target_Spot,Tomato_Target_Spot,0.2171,Tomato_Target_Spot,True,2.600957278045369,0.9535801244159988,0.3381875298387642,0.2085316746972804,uncertainty_score,25.1137034719138,0.8289062409557733,0.5,0.2756309609268118,3.571258923301764,12,135,135.jpg
Tomato___Target_Spot/136.jpg,Tomato___Target_Spot,Tomato_Tomato_mosaic_virus,0.4614,Tomato_Target_Spot,False,2.431421709216041,0.6580526318084036,0.295784082456146,0.3692290341295816,uncertainty_score,33.2909178573469,0.6533916875938067,0.5,0.3844755272350078,3.3834966660401253,12,136,136.jpg
Tomato___Target_Spot/137.jpg,Tomato___Target_Spot,Tomato_Tomato_mosaic_virus,0.6807,Tomato_Target_Spot,False,2.210231330063705,0.3876113220376606,0.5545568741942801,0.6629268874504337,outlier_score,17.62527331509922,0.4244006217486888,0.7,0.1759546048562562,2.8127331507817623,6,137,137.jpg
Tomato___Target_Spot/138.jpg,Tomato___Target_Spot,Tomato_Late_blight,0.3654,Tomato_Target_Spot,False,2.5929411547239605,0.7606473202426606,0.5489372760622524,0.6300993258120708,uncertainty_score,23.234710297561904,0.8206074142601913,0.5,0.2506202191853794,3.517145157298452,12,138,138.jpg
Tomato___Target_Spot/139.jpg,Tomato___Target_Spot,Tomato_Tomato_mosaic_virus,0.3902,Tomato_Target_Spot,False,2.5145459447742766,0.7546477548791867,0.44383863647298,0.4286106410618258,uncertainty_score,27.73518967142917,0.7394474526365155,0.5,0.3105248153642675,3.4446821283194327,12,139,139.jpg
Tomato___Target_Spot/140.jpg,Tomato___Target_Spot,Tomato_Late_blight,0.6475,Tomato_Target_Spot,False,2.1279469427333995,0.4264071025017315,0.2609801003667137,0.3472561563767896,uncertainty_score,18.966065158563232,0.3392143237307163,0.5,0.1938015023243452,2.4691309009479507,3,140,140.jpg
Tomato___Target_Spot/141.jpg,Tomato___Target_Spot,Tomato_Spider_mites Two-spotted_spider_mite,0.3986,Tomato_Target_Spot,False,2.2340106667994064,0.7362777482576669,0.2392994543737139,0.3094482889793347,uncertainty_score,20.74070320597461,0.4490185806538906,0.5,0.2174232027616739,2.7241719654502923,6,141,141.jpg
Tomato___Target_Spot/142.jpg,Tomato___Target_Spot,Tomato_Spider_mites Two-spotted_spider_mite,0.3979,Tomato_Target_Spot,False,2.4199648929858686,0.7354468993797231,0.4800330177477258,0.5655647010610245,uncertainty_score,39.07379722052953,0.6415308256078884,0.5,0.461449783580727,3.4752363265868675,12,142,142.jpg
Tomato___Target_Spot/143.jpg,Tomato___Target_Spot,Tomato_Spider_mites Two-spotted_spider_mite,0.3341,Tomato_Target_Spot,False,2.535586654604403,0.8137815986185624,0.3711623701451398,0.4208088274539782,uncertainty_score,17.001339228666165,0.7612302019070893,0.5,0.1676495963482629,3.2739347983365734,12,143,143.jpg
Tomato___Target_Spot/144.jpg,Tomato___Target_Spot,Tomato_Target_Spot,0.6,Tomato_Target_Spot,True,2.1769059624332856,0.4775432499181454,0.3569230595196274,0.4022080153984891,uncertainty_score,20.45243581007728,0.3898999735622029,0.5,0.2135861577475267,2.600179183745696,3,144,144.jpg
Tomato___Target_Spot/145.jpg,Tomato___Target_Spot,Tomato_Target_Spot,0.8032,Tomato_Target_Spot,True,1.8613592644214576,0.2264697930200566,0.2421342617959707,0.3124135945612699,outlier_score,18.482174931522295,0.0632249392386179,0.7,0.187360577649939,2.1074907449521443,0,145,145.jpg
Tomato___Target_Spot/146.jpg,Tomato___Target_Spot,Tomato_Target_Spot,0.7113,Tomato_Target_Spot,True,2.0063983376244634,0.3552257283542401,0.5254988663325522,0.619114817989481,outlier_score,14.565302878362516,0.2133790828737285,0.7,0.1352242119126857,2.3295944836164857,3,146,146.jpg
Tomato___Target_Spot/147.jpg,Tomato___Target_Spot,Tomato_Spider_mites Two-spotted_spider_mite,0.3475,Tomato_Target_Spot,False,2.563755691222405,0.7980645595588374,0.5609934007954785,0.5367252535160736,uncertainty_score,26.400991990883632,0.7903926715574712,0.5,0.2927656909163289,3.519933879489436,12,147,147.jpg
Tomato___Target_Spot/148.jpg,Tomato___Target_Spot,Tomato_Septoria_leaf_spot,0.4646,Tomato_Target_Spot,False,2.4799267995821834,0.6570372730008771,0.5452523593907515,0.6295442178079254,uncertainty_score,31.607405435915403,0.7036073994363508,0.5,0.362066773991165,3.4503149598594494,12,148,148.jpg
Tomato___Target_Spot/149.jpg,Tomato___Target_Spot,Tomato_Late_blight,0.4942,Tomato_Target_Spot,False,2.2750851341263942,0.6184419632772776,0.3171548909691429,0.5817881043894357,uncertainty_score,10.564654417133042,0.4915416148304794,0.5,0.0819727223235435,2.606042313146274,3,149,149.jpg
Tomato___Target_Spot/150.jpg,Tomato___Target_Spot,Tomato_Late_blight,0.6858,Tomato_Target_Spot,False,1.9582070133255287,0.3743216563006373,0.3510399099983343,0.5859061801430776,outlier_score,11.37691869000052,0.1634882026374745,0.7,0.0927845401799272,2.16615321554484,0,150,150.jpg
Tomato___Target_Spot/151.jpg,Tomato___Target_Spot,Tomato_Target_Spot,0.8406,Tomato_Target_Spot,True,1.815794815226289,0.1756567042388588,0.2838136286337729,0.330358660208118,outlier_score,33.77534131379447,0.0160535757017731,0.7,0.3909235495738229,2.3184924757642804,3,151,151.jpg
Tomato___Target_Spot/152.jpg,Tomato___Target_Spot,Tomato_healthy,0.4525,Tomato_Target_Spot,False,2.385720390069824,0.6668581963973347,0.2874670645535456,0.4975031390775117,uncertainty_score,38.03542642678169,0.6060786271346418,0.5,0.4476283263722776,3.3835997438277,12,152,152.jpg
Tomato___Target_Spot/153.jpg,Tomato___Target_Spot,Tomato_Target_Spot,0.4431,Tomato_Target_Spot,True,2.5185874161667225,0.6799503470996067,0.5270358795851731,0.5000433805958575,uncertainty_score,26.55535996198076,0.74363145397186,0.5,0.29482043891167,3.4294935663112254,12,153,153.jpg
Tomato___Target_Spot/154.jpg,Tomato___Target_Spot,Tomato_Target_Spot,0.7732,Tomato_Target_Spot,True,1.842700378586492,0.266745199767652,0.3935996621881134,0.4506336782659173,outlier_score,19.60983098775441,0.0439080133795212,0.7,0.2023704854987589,2.091371755007181,0,154,154.jpg
Tomato___Target_Spot/155.jpg,Tomato___Target_Spot,Tomato_Spider_mites Two-spotted_spider_mite,0.3858,Tomato_Target_Spot,False,2.21194901119481,0.7436236375766849,0.1325495319957479,0.4264763016625241,uncertainty_score,20.87896902658836,0.4261788800730389,0.5,0.2192636196286646,2.6812531895890745,3,155,155.jpg
Tomato___Target_Spot/156.jpg,Tomato___Target_Spot,Tomato_Target_Spot,0.5347,Tomato_Target_Spot,True,2.277341973317733,0.5734790289353985,0.3970911068617019,0.4519127498493356,uncertainty_score,23.96826427751373,0.493878045618501,0.5,0.2603843468024492,2.878332611440676,6,156,156.jpg
Tomato___Target_Spot/157.jpg,Tomato___Target_Spot,Tomato_Spider_mites Two-spotted_spider_mite,0.6364,Tomato_Target_Spot,False,2.232931922631659,0.4310105402682761,0.4630714754368357,0.4979640890719065,outlier_score,24.35104098613676,0.4479017925833905,0.7,0.2654793782984035,2.9940226526143863,6,157,157.jpg
Tomato___Target_Spot/158.jpg,Tomato___Target_Spot,Tomato_Early_blight,0.2756,Tomato_Target_Spot,False,2.3881130575395586,0.8812668627629627,0.2824390651350448,0.5316530308532077,uncertainty_score,21.04164433051244,0.6085556764358236,0.5,0.2214289441597436,3.049254769111263,6,158,158.jpg
Tomato___Target_Spot/159.jpg,Tomato___Target_Spot,Tomato_Target_Spot,0.499,Tomato_Target_Spot,True,2.046580519516328,0.610284215489568,0.3112043573221333,0.2865031049695519,uncertainty_score,13.871694233928304,0.2549783635235589,0.5,0.1259917852533644,2.1989444049271647,0,159,159.jpg
Tomato___Target_Spot/160.jpg,Tomato___Target_Spot,Tomato_Spider_mites Two-spotted_spider_mite,0.369,Tomato_Target_Spot,False,2.3182485242748445,0.7650117153090852,0.162200849883898,0.3591719962822073,uncertainty_score,26.150899443875897,0.5362272415447186,0.5,0.2894367804178515,3.0066096537162146,6,160,160.jpg
Tomato___Target_Spot/161.jpg,Tomato___Target_Spot,Tomato_Late_blight,0.8047,Tomato_Target_Spot,False,1.9568441485612944,0.2271286937177287,0.3756348985924439,0.4617130641180625,outlier_score,20.80183411643737,0.1620772739336097,0.7,0.2182368988596014,2.351509896156621,3,161,161.jpg
Tomato___Target_Spot/162.jpg,Tomato___Target_Spot,Tomato_Target_Spot,0.6692,Tomato_Target_Spot,True,2.1304740386802568,0.4058107105464826,0.3735175532459944,0.370805773097507,uncertainty_score,11.87908774923948,0.3418305423772116,0.5,0.0994687691716028,2.332864238511828,3,162,162.jpg
Tomato___Target_Spot/163.jpg,Tomato___Target_Spot,Tomato_Target_Spot,0.665,Tomato_Target_Spot,True,1.978627870640252,0.399062612709372,0.2575041623719266,0.3597677540447486,uncertainty_score,15.217575116975546,0.18462923915041,0.5,0.1439064214745609,2.0851181105126617,0,163,163.jpg
Tomato___Target_Spot/164.jpg,Tomato___Target_Spot,Tomato_Spider_mites Two-spotted_spider_mite,0.7184,Tomato_Target_Spot,False,1.9198035691170288,0.3341242062914117,0.5348125586609173,0.6478563920024243,outlier_score,14.654954297905968,0.123730390136184,0.7,0.1364175363651427,2.1520870848200824,0,164,164.jpg
Tomato___Target_Spot/165.jpg,Tomato___Target_Spot,Tomato_Spider_mites Two-spotted_spider_mite,0.6857,Tomato_Target_Spot,False,1.9633968746799864,0.3723849301274863,0.4961578487536863,0.6800735083074787,outlier_score,14.142371180240024,0.1688610940249754,0.7,0.129594688814681,2.232114221271973,0,165,165.jpg
Tomato___Target_Spot/166.jpg,Tomato___Target_Spot,Tomato_Leaf_Mold,0.6723,Tomato_Target_Spot,False,2.0033231825947304,0.386208839673433,0.4649154179724284,0.5236649147491859,outlier_score,23.43153419971599,0.2101954768299387,0.7,0.2532400859589854,2.500251082598356,3,166,166.jpg
Tomato___Target_Spot/167.jpg,Tomato___Target_Spot,Tomato_Spider_mites Two-spotted_spider_mite,0.4472,Tomato_Target_Spot,False,2.2485998790439017,0.6722384675197869,0.3369578972540852,0.3149582861683186,uncertainty_score,17.068796935230722,0.4641223083770877,0.5,0.1685475066229703,2.6810658766886317,3,167,167.jpg
Tomato___Target_Spot/168.jpg,Tomato___Target_Spot,Tomato_Spider_mites Two-spotted_spider_mite,0.2651,Tomato_Target_Spot,False,2.5256539300143777,0.8975767424975137,0.3279707824780649,0.3446618838033112,uncertainty_score,16.135757477422306,0.7509471814641004,0.5,0.1561280847579273,3.236086490065092,12,168,168.jpg
Tomato___Target_Spot/169.jpg,Tomato___Target_Spot,Tomato_Leaf_Mold,0.4167,Tomato_Target_Spot,False,2.266489749585758,0.7100392835458006,0.2735158957889606,0.3737100150403477,uncertainty_score,13.17945327290008,0.4826430982003623,0.5,0.1167775634374232,2.64045254155686,3,169,169.jpg
Tomato___Target_Spot/170.jpg,Tomato___Target_Spot,Tomato_Target_Spot,0.3884,Tomato_Target_Spot,True,2.293316729498222,0.7454751655324516,0.3643764491585425,0.4021571809260524,uncertainty_score,12.438140692818,0.5104161810401451,0.5,0.1069101633088927,2.681197607043629,3,170,170.jpg
Tomato___Target_Spot/171.jpg,Tomato___Target_Spot,Tomato_Target_Spot,0.8924,Tomato_Target_Spot,True,1.8296997793798109,0.1215415749197137,0.2535818581328819,0.3118760046225802,outlier_score,22.986684871129867,0.0304489240630153,0.7,0.2473188235387774,2.131876083434197,0,171,171.jpg
Tomato___Target_Spot/172.jpg,Tomato___Target_Spot,Tomato_Target_Spot,0.5248,Tomato_Target_Spot,True,2.054240645527443,0.5757670407333934,0.280354173002556,0.3182766719627429,uncertainty_score,14.9187628819066,0.2629086380070849,0.5,0.1399290171164704,2.235710801688876,0,172,172.jpg
Tomato___Target_Spot/173.jpg,Tomato___Target_Spot,Tomato_Target_Spot,0.5241,Tomato_Target_Spot,True,2.0925565457528768,0.5745465559488862,0.3335585898743158,0.4760844775973614,uncertainty_score,27.674387011553637,0.3025758191252768,0.5,0.3097154885161997,2.569724871024853,3,173,173.jpg
Tomato___Target_Spot/174.jpg,Tomato___Target_Spot,Tomato_Tomato_mosaic_virus,0.2461,Tomato_Target_Spot,False,2.6405447151862456,0.9189747957367196,0.3914191614433004,0.3752947297204669,uncertainty_score,62.75931228706348,0.8698898020840022,0.5,0.7767209130494191,4.404860973742133,12,174,174.jpg
Tomato___Target_Spot/175.jpg,Tomato___Target_Spot,Tomato_Target_Spot,0.8827,Tomato_Target_Spot,True,1.871068873265128,0.1370773553261484,0.5765160290637283,0.6796551357390845,outlier_score,24.543307974186565,0.0732769753469333,0.7,0.2680385892892447,2.248611834627733,0,175,175.jpg
Tomato___Target_Spot/176.jpg,Tomato___Target_Spot,Tomato_Septoria_leaf_spot,0.3121,Tomato_Target_Spot,False,2.572480469212034,0.847675562823636,0.2574265703154732,0.2556938144725035,uncertainty_score,33.352801531493355,0.799425144935218,0.5,0.3852992431554352,3.676799154603589,12,176,176.jpg
Tomato___Target_Spot/177.jpg,Tomato___Target_Spot,Tomato_Late_blight,0.4182,Tomato_Target_Spot,False,2.4447407671298764,0.7030536208614301,0.2747529444235974,0.4548164020953275,uncertainty_score,28.41778277103304,0.6671804666511524,0.5,0.3196106172509959,3.313776859178799,12,177,177.jpg
Tomato___Target_Spot/178.jpg,Tomato___Target_Spot,Tomato_Septoria_leaf_spot,0.6812,Tomato_Target_Spot,False,2.1164232925128186,0.3805069138759817,0.3474848836947221,0.5199337137663933,outlier_score,19.66286279789783,0.3272842707304464,0.7,0.2030763767844126,2.659183106637512,3,178,178.jpg
Tomato___Target_Spot/179.jpg,Tomato___Target_Spot,Tomato_Late_blight,0.4156,Tomato_Target_Spot,False,2.4577024460428127,0.7087910890201666,0.3684224363302028,0.3277109946265177,uncertainty_score,22.423191624679017,0.6805992630779685,0.5,0.2398183257975418,3.2209260148522496,12,179,179.jpg
Tomato___Target_Spot/180.jpg,Tomato___Target_Spot,Tomato_Early_blight,0.3786,Tomato_Target_Spot,False,2.487285134421472,0.7558199138751689,0.4231929802548377,0.5562679162750355,uncertainty_score,29.06124901576211,0.7112252395257406,0.5,0.3281756127421579,3.414713898164718,12,180,180.jpg
Tomato___Target_Spot/181.jpg,Tomato___Target_Spot,Tomato_Target_Spot,0.8306,Tomato_Target_Spot,True,2.0442864657521875,0.1941639294984381,0.6217920244245385,0.5069477529494135,density_score,28.81546149078374,0.252603405722186,1.2,0.3249040051629445,3.1925628191887885,12,181,181.jpg
Tomato___Target_Spot/182.jpg,Tomato___Target_Spot,Tomato_healthy,0.2946,Tomato_Target_Spot,False,2.534123859549669,0.8556462144392579,0.4342833651484448,0.263742544187947,uncertainty_score,30.732978677870936,0.759715818686715,0.5,0.3504275290403197,3.5450729309339097,12,182,182.jpg
Tomato___Target_Spot/183.jpg,Tomato___Target_Spot,Tomato_Target_Spot,0.311,Tomato_Target_Spot,True,2.632362279513706,0.8385449444981276,0.5218296219472953,0.6115932760056471,uncertainty_score,25.00457709450664,0.861418797725474,0.5,0.2741784108698112,3.634105211755665,12,183,183.jpg
Tomato___Target_Spot/184.jpg,Tomato___Target_Spot,Tomato_Target_Spot,0.3626,Tomato_Target_Spot,True,2.4841034842804124,0.7820191415935999,0.3159649657218293,0.4842109409672112,uncertainty_score,15.35388368881534,0.7079313826240994,0.5,0.1457207859618638,3.1344439441909944,12,184,184.jpg
Tomato___Target_Spot/185.jpg,Tomato___Target_Spot,Tomato_Target_Spot,0.8285,Tomato_Target_Spot,True,1.8662116155505093,0.1913857139067506,0.2289052276123572,0.3486887980472525,outlier_score,20.89863934891995,0.0682484174800972,0.7,0.2195254456738687,2.1657850034709973,0,185,185.jpg
Tomato___Target_Spot/186.jpg,Tomato___Target_Spot,Tomato_Target_Spot,0.6921,Tomato_Target_Spot,True,1.861490106357529,0.3788831969385983,0.4173847107081057,0.5540148764091861,outlier_score,20.1950112534698,0.0633603955568948,0.7,0.21015965296236,2.14196027055733,0,186,186.jpg
Tomato___Target_Spot/187.jpg,Tomato___Target_Spot,Tomato_Target_Spot,0.3675,Tomato_Target_Spot,True,2.368167347944385,0.7789465377121818,0.3774192809530287,0.3150359252761739,uncertainty_score,27.020354463977394,0.5879065446031485,0.5,0.3010098479842363,3.127327861182652,12,187,187.jpg
Tomato___Target_Spot/188.jpg,Tomato___Target_Spot,Tomato_Spider_mites Two-spotted_spider_mite,0.4253,Tomato_Target_Spot,False,2.300466531613094,0.7071599089258397,0.2625490294492419,0.4391226163610657,uncertainty_score,12.632971487654652,0.5178181341139658,0.5,0.1095035003999752,2.6998915188278945,3,188,188.jpg
Tomato___Target_Spot/189.jpg,Tomato___Target_Spot,Tomato_Spider_mites Two-spotted_spider_mite,0.4185,Tomato_Target_Spot,False,2.368415582709696,0.7107458449982107,0.3710618353321668,0.2902422272141765,uncertainty_score,30.391128121176408,0.5881635338253121,0.5,0.3458772538693624,3.195142948454668,12,189,189.jpg
Tomato___Target_Spot/190.jpg,Tomato___Target_Spot,Tomato_Target_Spot,0.4557,Tomato_Target_Spot,True,2.248824129061626,0.6697580392794079,0.2323617635465398,0.3070048906642063,uncertainty_score,12.080759216454188,0.4643544669853026,0.5,0.1021531604998803,2.581938674720426,3,190,190.jpg
Tomato___Target_Spot/191.jpg,Tomato___Target_Spot,Tomato_Target_Spot,0.4818,Tomato_Target_Spot,True,2.13593481369621,0.6287042474304019,0.2643626494227049,0.2113042663291894,uncertainty_score,12.80361866987433,0.3474839016961645,0.5,0.1117749363272885,2.362630207883261,3,191,191.jpg
Tomato___Target_Spot/192.jpg,Tomato___Target_Spot,Tomato_Target_Spot,0.9402,Tomato_Target_Spot,True,1.81221750814252,0.0586307087331571,0.4936749421347201,0.5394081273601721,outlier_score,13.800919943180228,0.0123501082855733,0.7,0.1250497288733865,1.9122748098812263,0,192,192.jpg
Tomato___Target_Spot/193.jpg,Tomato___Target_Spot,Tomato_Target_Spot,0.793,Tomato_Target_Spot,True,1.9611951808209864,0.2454412118629909,0.4006194483834905,0.3885530266801195,density_score,15.537629390304188,0.1665817533711497,1.2,0.1481665725398917,2.7554133655521373,6,193,193.jpg
Tomato___Target_Spot/194.jpg,Tomato___Target_Spot,Tomato_Leaf_Mold,0.3177,Tomato_Target_Spot,False,2.536311423735537,0.833158170823091,0.3378315314269996,0.3627336679059031,uncertainty_score,41.658684579292014,0.7619805313584244,0.5,0.4958564812969126,3.7677457846622175,12,194,194.jpg
Tomato___Target_Spot/195.jpg,Tomato___Target_Spot,Tomato_Target_Spot,0.7628,Tomato_Target_Spot,True,1.943562696823043,0.2822808323888006,0.4657455397575225,0.4603855879760893,density_score,23.395188748354663,0.1483274273029926,1.2,0.2527563020315703,2.875789307653341,6,195,195.jpg
Tomato___Target_Spot/196.jpg,Tomato___Target_Spot,Tomato_Target_Spot,0.571,Tomato_Target_Spot,True,1.9791124178170656,0.5155862860279283,0.4057995374324395,0.4794132287538047,uncertainty_score,20.00356333418486,0.1851308747771312,0.5,0.2076113443620258,2.181678766097301,0,196,196.jpg
Tomato___Target_Spot/197.jpg,Tomato___Target_Spot,Tomato_Target_Spot,0.7051,Tomato_Target_Spot,True,1.943301901033189,0.3571259515617468,0.350122869547509,0.3004831286019434,uncertainty_score,22.250222962930145,0.1480574340685875,0.5,0.2375159893189357,2.1523888521155787,0,197,197.jpg
Tomato___Target_Spot/198.jpg,Tomato___Target_Spot,Tomato_Tomato_yellow_Leaf_Curl_Virus,0.3564,Tomato_Target_Spot,False,2.4509961792059336,0.7799907146504801,0.5941432884355232,0.7015976017776169,uncertainty_score,35.341107470266586,0.6736564873717924,0.5,0.4117650158982053,3.464960498590893,12,198,198.jpg
Tomato___Target_Spot/199.jpg,Tomato___Target_Spot,Tomato_Target_Spot,0.4113,Tomato_Target_Spot,True,2.462670283812079,0.7149506319557455,0.4198697876766807,0.2593267163403256,uncertainty_score,28.806086012479984,0.6857423008090373,0.5,0.3247792108476918,3.358653417889612,12,199,199.jpg
Tomato___Target_Spot/200.jpg,Tomato___Target_Spot,Tomato_Target_Spot,0.2399,Tomato_Target_Spot,True,2.539551385540729,0.9203503811788936,0.3564563975571178,0.3194406122621736,uncertainty_score,22.07321835350967,0.7653347563925859,0.5,0.2351599314930282,3.383409410024714,12,200,200.jpg
Tomato___Target_Spot/201.jpg,Tomato___Target_Spot,Tomato_Tomato_yellow_Leaf_Curl_Virus,0.4359,Tomato_Target_Spot,False,2.2268269573299966,0.684197991790084,0.2228223369584158,0.570322442721277,uncertainty_score,27.44628448664333,0.4415815244201342,0.5,0.3066792809242972,2.843181970226714,6,201,201.jpg
Tomato___Target_Spot/202.jpg,Tomato___Target_Spot,Tomato_Tomato_yellow_Leaf_Curl_Virus,0.2528,Tomato_Target_Spot,False,2.502422800006914,0.9182320268892372,0.2286543042740306,0.3432581116819278,uncertainty_score,27.975869049251003,0.7268967628085412,0.5,0.3137284298549198,3.4243861703994622,12,202,202.jpg
Tomato___Target_Spot/203.jpg,Tomato___Target_Spot,Tomato_Target_Spot,0.4357,Tomato_Target_Spot,True,2.2641245591951376,0.7011053674359704,0.3239215953225637,0.268984111678959,uncertainty_score,15.186740631421186,0.4801944950081693,0.5,0.1434959924397689,2.675632978675992,3,203,203.jpg
Tomato___Target_Spot/204.jpg,Tomato___Target_Spot,Tomato_Target_Spot,0.7299,Tomato_Target_Spot,True,1.920172059987712,0.3197704864951219,0.3909323143522636,0.3185968298416253,density_score,17.077666691675873,0.1241118765170804,1.2,0.1686655694189331,2.7012221071625606,6,204,204.jpg
Tomato___Target_Spot/205.jpg,Tomato___Target_Spot,Tomato_Target_Spot,0.69,Tomato_Target_Spot,True,1.865470314568958,0.3629517214288739,0.3358153266750162,0.2748678096490347,uncertainty_score,15.1757568699136,0.0674809731521476,0.5,0.143349790725912,1.8499866323931635,0,205,205.jpg
Tomato___Target_Spot/206.jpg,Tomato___Target_Spot,Tomato_Early_blight,0.532,Tomato_Target_Spot,False,2.094751400231864,0.5587503778685032,0.2322813747195268,0.489861079639095,uncertainty_score,8.952901071960364,0.3048480791957391,0.5,0.0605191336584821,2.2004748588792014,0,206,206.jpg
Tomato___Target_Spot/207.jpg,Tomato___Target_Spot,Tomato_Target_Spot,0.4731,Tomato_Target_Spot,True,2.22914492434578,0.633748824275684,0.3545811971914755,0.4672010737954716,uncertainty_score,10.998459102954492,0.4439812388180761,0.5,0.0877469726568614,2.5195829366214446,3,207,207.jpg
Tomato___Target_Spot/208.jpg,Tomato___Target_Spot,Tomato_Early_blight,0.4591,Tomato_Target_Spot,False,2.133251300487392,0.6485676243670448,0.2707902463732805,0.4158555767675027,uncertainty_score,7.503510026611085,0.3447057494444631,0.5,0.0412267032162699,2.2512515537133315,0,208,208.jpg
Tomato___Target_Spot/209.jpg,Tomato___Target_Spot,Tomato_Early_blight,0.3963,Tomato_Target_Spot,False,2.2595418932775564,0.739526512200008,0.4267756726207903,0.5538592831376856,uncertainty_score,8.578822656072173,0.4754502129245608,0.5,0.055539882653991,2.534210249830108,3,209,209.jpg
Tomato___Target_Spot/210.jpg,Tomato___Target_Spot,Tomato_Early_blight,0.6118,Tomato_Target_Spot,False,1.944832622127912,0.4731687315596291,0.2304268353597165,0.5059163047593247,outlier_score,6.773721373589991,0.1496421388660364,0.7,0.0315126947910748,2.046553319918685,0,210,210.jpg
Tomato___Target_Spot/211.jpg,Tomato___Target_Spot,Tomato_Late_blight,0.5298,Tomato_Target_Spot,False,2.335217458826122,0.5586557952854573,0.5525153161442679,0.5444775325380842,uncertainty_score,41.74740371377239,0.5537946168710973,0.5,0.4970373963690375,3.35314532829575,12,211,211.jpg
Tomato___Target_Spot/212.jpg,Tomato___Target_Spot,Tomato_Target_Spot,0.3883,Tomato_Target_Spot,True,2.139855367957662,0.7339321740907714,0.3347387148050323,0.376791320578712,uncertainty_score,22.234261592622143,0.3515427215348662,0.5,0.2373035320753108,2.5590407411826988,3,212,212.jpg
Tomato___Target_Spot/213.jpg,Tomato___Target_Spot,Tomato_Target_Spot,0.3929,Tomato_Target_Spot,True,2.177120184172164,0.7346810760276232,0.3231369331049578,0.4675827938345605,uncertainty_score,23.76866738305436,0.3901217502258217,0.5,0.2577275695198829,2.6668348547314675,3,213,213.jpg
Tomato___Target_Spot/214.jpg,Tomato___Target_Spot,Tomato_Late_blight,0.8238,Tomato_Target_Spot,False,1.962607715350652,0.2112760616580903,0.3418457929957877,0.6876745308804983,outlier_score,37.02646058948151,0.1680441035363366,0.7,0.4341982701447732,2.687385612289833,3,214,214.jpg
Tomato___Target_Spot/215.jpg,Tomato___Target_Spot,Tomato_Leaf_Mold,0.3525,Tomato_Target_Spot,False,2.489141129185964,0.7846302120268109,0.2425865626054102,0.2858413167491642,uncertainty_score,28.639895595286312,0.7131466893688699,0.5,0.3225670976473522,3.410144025208768,12,215,215.jpg
Tomato___Target_Spot/216.jpg,Tomato___Target_Spot,Tomato_Spider_mites Two-spotted_spider_mite,0.4158,Tomato_Target_Spot,False,2.251079279312397,0.703740674656087,0.1949185971084305,0.4675167160510025,uncertainty_score,22.52318567753865,0.466689149269152,0.5,0.241149318089525,2.795102275672592,6,216,216.jpg
Tomato___Target_Spot/217.jpg,Tomato___Target_Spot,Tomato_Leaf_Mold,0.4829,Tomato_Target_Spot,False,2.1712496666539405,0.6215015620535268,0.2468453396483867,0.4305579592012079,uncertainty_score,25.01121206940492,0.3840441980795114,0.5,0.2742667271265741,2.679488486848884,3,217,217.jpg
Tomato___Target_Spot/218.jpg,Tomato___Target_Spot,Tomato_Spider_mites Two-spotted_spider_mite,0.5663,Tomato_Target_Spot,False,2.18459752063847,0.5354209187264426,0.2808868997901369,0.421864443979765,uncertainty_score,12.816638097730406,0.3978627887540963,0.5,0.1119482342147818,2.463647928830365,3,218,218.jpg
Tomato___Target_Spot/219.jpg,Tomato___Target_Spot,Tomato_Target_Spot,0.8407,Tomato_Target_Spot,True,2.097975397540769,0.1838852411785669,0.7782822349331487,0.7517303326342966,density_score,23.39013094240157,0.3081857767162063,1.2,0.2526889790203972,3.1954050219630084,12,219,219.jpg
Tomato___Target_Spot/220.jpg,Tomato___Target_Spot,Tomato_Target_Spot,0.9038,Tomato_Target_Spot,True,1.8447015396042727,0.1053264255534947,0.5165129376574934,0.3713750646847392,density_score,25.1751448019031,0.0459797490316118,1.2,0.2764487889304407,2.706632681458885,6,220,220.jpg
Tomato___Target_Spot/221.jpg,Tomato___Target_Spot,Tomato_Target_Spot,0.8557,Tomato_Target_Spot,True,1.8299191819534824,0.1641471122718167,0.6885409199276346,0.6039178587197864,density_score,29.23091129931121,0.0306760642731218,1.2,0.3304339389644294,2.7570030369928875,6,221,221.jpg
Tomato___Target_Spot/222.jpg,Tomato___Target_Spot,Tomato_Target_Spot,0.7869,Tomato_Target_Spot,True,1.920981544459337,0.2502761552800689,0.5234468466477262,0.3339239410730496,density_score,29.89192963016251,0.1249499089516414,1.2,0.3392325652633126,2.958748665798252,6,222,222.jpg
Tomato___Target_Spot/223.jpg,Tomato___Target_Spot,Tomato_Leaf_Mold,0.3741,Tomato_Target_Spot,False,2.318308792080856,0.761198781037404,0.1710527799058643,0.2363772983661111,uncertainty_score,28.70957786572722,0.5362896348060693,0.5,0.3234946184567641,3.057821197297285,6,223,223.jpg
Tomato___Target_Spot/224.jpg,Tomato___Target_Spot,Tomato_Target_Spot,0.4872,Tomato_Target_Spot,True,2.230330896449914,0.6268213889940012,0.4015898046770555,0.2637188448291219,uncertainty_score,38.69554829086968,0.4452090364159143,0.5,0.4564150200579916,3.075040602918816,6,224,224.jpg
Tomato___Target_Spot/225.jpg,Tomato___Target_Spot,Tomato_Leaf_Mold,0.3643,Tomato_Target_Spot,False,2.419727238753807,0.7765122184810378,0.123059857458574,0.2290013892348861,uncertainty_score,23.507658240174337,0.6412847900609946,0.5,0.254253351330146,3.163949607117208,12,225,225.jpg
Tomato___Target_Spot/226.jpg,Tomato___Target_Spot,Tomato_Target_Spot,0.8736,Tomato_Target_Spot,True,1.927754183459256,0.1342142370876485,0.5586876902372345,0.5833432130075213,outlier_score,23.91968820995252,0.1319613975576063,0.7,0.2597377646343118,2.353529442066681,3,226,226.jpg
Tomato___Target_Spot/227.jpg,Tomato___Target_Spot,Tomato_Target_Spot,0.7356,Tomato_Target_Spot,True,1.905657296337127,0.2990685758456625,0.2722481300565983,0.2664550205885386,uncertainty_score,35.964333816622776,0.1090852229547737,0.5,0.4200606038800762,2.3482613517296618,3,227,227.jpg
Tomato___Target_Spot/228.jpg,Tomato___Target_Spot,Tomato_Target_Spot,0.6571,Tomato_Target_Spot,True,2.2479793657748584,0.4065426171754434,0.4836797638405746,0.5595684159682361,outlier_score,34.82339412110954,0.4634799115631132,0.7,0.4048738813009095,3.2342706450775904,12,228,228.jpg
Tomato___Target_Spot/229.jpg,Tomato___Target_Spot,Tomato_Target_Spot,0.4185,Tomato_Target_Spot,True,2.148759180192695,0.7107282585491757,0.3986278686213217,0.4600853955270778,uncertainty_score,10.59238964881863,0.3607605431308988,0.5,0.0823418980748425,2.345033933374061,3,229,229.jpg
Tomato___Target_Spot/230.jpg,Tomato___Target_Spot,Tomato_healthy,0.3736,Tomato_Target_Spot,False,2.3024136600712053,0.7570120977774054,0.3500270574444442,0.3879738082042054,uncertainty_score,17.44728979706102,0.5198339316485102,0.5,0.1735855170571904,2.8000461388828057,6,230,230.jpg
Tomato___Target_Spot/231.jpg,Tomato___Target_Spot,Tomato_healthy,0.5596,Tomato_Target_Spot,False,2.11787543139676,0.5398580980462269,0.251378199555813,0.339713634247124,uncertainty_score,30.063683184362667,0.3287876219705102,0.5,0.3415187277922185,2.669853335629349,3,231,231.jpg
Tomato___Target_Spot/232.jpg,Tomato___Target_Spot,Tomato_Target_Spot,0.4559,Tomato_Target_Spot,True,2.474619850550084,0.6533628135421865,0.6001677625567674,0.6451786748566348,uncertainty_score,20.06500336890141,0.6981132910582949,0.5,0.2084291551246489,3.2088703148035638,12,232,232.jpg
Tomato___Target_Spot/233.jpg,Tomato___Target_Spot,Tomato_Tomato_mosaic_virus,0.5563,Tomato_Target_Spot,False,2.217170855378881,0.5253081932827598,0.3815465353323292,0.5294864312215324,outlier_score,29.21739695172308,0.4315848822236295,0.7,0.3302540533416692,3.058550844459763,6,233,233.jpg
Tomato___Target_Spot/234.jpg,Tomato___Target_Spot,Tomato_Target_Spot,0.8961,Tomato_Target_Spot,True,1.933802912706228,0.1144802461689066,0.7750788745275027,0.76123218405622,density_score,17.22557175465296,0.1382234463979798,1.2,0.170634291489276,2.732398330029873,6,234,234.jpg
Tomato___Target_Spot/235.jpg,Tomato___Target_Spot,Tomato_Late_blight,0.3441,Tomato_Target_Spot,False,2.4692931869939265,0.7986852577600762,0.3181013610624846,0.3934780356357112,uncertainty_score,15.178550535457063,0.6925987728871282,0.5,0.1433869764104441,3.100278010389923,12,235,235.jpg
Tomato___Target_Spot/236.jpg,Tomato___Target_Spot,Tomato_Target_Spot,0.612,Tomato_Target_Spot,True,2.131598515169255,0.4483136849100951,0.3926401024597119,0.6617439639822109,outlier_score,14.970255473983434,0.3429946756036219,0.7,0.1406144203098454,2.5969109816720124,3,236,236.jpg
Tomato___Target_Spot/237.jpg,Tomato___Target_Spot,Tomato_Septoria_leaf_spot,0.3512,Tomato_Target_Spot,False,2.5497187947912128,0.7975763508665058,0.4874774929206665,0.4188906971407527,uncertainty_score,21.603567730378945,0.7758607380834455,0.5,0.2289085461212442,3.395084295348757,12,237,237.jpg
Tomato___Target_Spot/238.jpg,Tomato___Target_Spot,Tomato_healthy,0.6984,Tomato_Target_Spot,False,1.839195317864296,0.3579902738069719,0.2945665982341758,0.4053461269140156,outlier_score,14.090510142702692,0.0402793402260892,0.7,0.1289043813489626,1.9739152524756225,0,238,238.jpg
Tomato___Target_Spot/239.jpg,Tomato___Target_Spot,Tomato_Septoria_leaf_spot,0.2695,Tomato_Target_Spot,False,2.664882503337614,0.8936139539458191,0.3036858883690436,0.3810851513856485,uncertainty_score,22.04198558179549,0.8950859072240736,0.5,0.2347442009848629,3.6422881159254414,12,239,239.jpg
Tomato___Target_Spot/240.jpg,Tomato___Target_Spot,Tomato_Tomato_mosaic_virus,0.2895,Tomato_Target_Spot,False,2.517978421998908,0.8635519883143219,0.1746112793504601,0.344682139722934,uncertainty_score,26.185353842989787,0.7430009825014655,0.5,0.2898953930886457,3.4208450546358997,12,240,240.jpg
Tomato___Target_Spot/241.jpg,Tomato___Target_Spot,Tomato_Spider_mites Two-spotted_spider_mite,0.4922,Tomato_Target_Spot,False,2.277573140162678,0.6159999592112612,0.3462720824942609,0.1771209040728008,uncertainty_score,29.73643796560277,0.4941173649886062,0.5,0.3371628601050752,2.993979020134825,6,241,241.jpg
Tomato___Target_Spot/242.jpg,Tomato___Target_Spot,Tomato_healthy,0.4801,Tomato_Target_Spot,False,2.102457832859099,0.632275552759458,0.2664452608303201,0.4157113232437521,uncertainty_score,11.850488575758174,0.3128262933836116,0.5,0.0990880937376934,2.274284727373764,0,242,242.jpg
Tomato___Target_Spot/243.jpg,Tomato___Target_Spot,Tomato_Target_Spot,0.7258,Tomato_Target_Spot,True,1.8946565629500784,0.3287782213553137,0.3549993314541249,0.5268284805747929,outlier_score,11.068887791609049,0.0976965284146585,0.7,0.0886844288260327,2.028419700068366,0,243,243.jpg
Tomato___Target_Spot/244.jpg,Tomato___Target_Spot,Tomato_Late_blight,0.421,Tomato_Target_Spot,False,2.341290061012379,0.6991956859701591,0.3627729783643121,0.5144326285553835,uncertainty_score,14.545484057618523,0.5600813805739917,0.5,0.1349604092475063,2.822603375019243,6,244,244.jpg
Tomato___Target_Spot/245.jpg,Tomato___Target_Spot,Tomato_healthy,0.5238,Tomato_Target_Spot,False,2.0849612596973044,0.5736408538235785,0.2788989709339919,0.4119392532074595,uncertainty_score,25.507485188350028,0.2947126712979193,0.5,0.2808724769401318,2.5107340580060367,3,245,245.jpg
Tomato___Target_Spot/246.jpg,Tomato___Target_Spot,Tomato_Spider_mites Two-spotted_spider_mite,0.3814,Tomato_Target_Spot,False,2.394512598363291,0.7471124048235049,0.2662500664465483,0.3312484880576691,uncertainty_score,30.10468948250526,0.6151809088702624,0.5,0.3420645509205917,3.2434586441214126,12,246,246.jpg
Tomato___Target_Spot/247.jpg,Tomato___Target_Spot,Tomato_healthy,0.4022,Tomato_Target_Spot,False,2.3221055134854245,0.7234994196102356,0.3625904011186498,0.4673115388315919,uncertainty_score,17.630633483060627,0.5402202545937878,0.5,0.1760259525218057,2.844479437970284,6,247,247.jpg
Tomato___Target_Spot/248.jpg,Tomato___Target_Spot,Tomato_Target_Spot,0.6121,Tomato_Target_Spot,True,2.1064382032201383,0.4599752001511548,0.4082546153346642,0.6372252426106222,outlier_score,13.59849324103035,0.3169470388469801,0.7,0.1223552848284864,2.5174270049366902,3,248,248.jpg
Tomato___Target_Spot/249.jpg,Tomato___Target_Spot,Tomato_healthy,0.6861,Tomato_Target_Spot,False,1.8257106209406584,0.3889129409441869,0.3466750176837393,0.5242039243874652,outlier_score,12.631467876615533,0.0263190805937501,0.7,0.1094834862626742,1.916863390581512,0,249,249.jpg
Tomato___Target_Spot/250.jpg,Tomato___Target_Spot,Tomato_Target_Spot,0.6803,Tomato_Target_Spot,True,1.829328893158012,0.3802962459507755,0.2286955833301829,0.3423408908627772,uncertainty_score,10.836549938106822,0.0300649578545281,0.5,0.0855918459843162,1.6885176846855303,0,250,250.jpg
Tomato___Target_Spot/251.jpg,Tomato___Target_Spot,Tomato_Septoria_leaf_spot,0.2925,Tomato_Target_Spot,False,2.5603387310215058,0.8615228963374152,0.4638163183398357,0.507064513567328,uncertainty_score,25.709002285506024,0.7868552059527154,0.5,0.2835548134926263,3.4990426321443704,12,251,251.jpg
Tomato___Target_Spot/252.jpg,Tomato___Target_Spot,Tomato_Spider_mites Two-spotted_spider_mite,0.312,Tomato_Target_Spot,False,2.592673730330572,0.8448862633354977,0.3146011985163294,0.3874955624588703,uncertainty_score,25.12852559692724,0.8203305586523223,0.5,0.2758282540015448,3.554403498306962,12,252,252.jpg
Tomato___Target_Spot/253.jpg,Tomato___Target_Spot,Tomato_Target_Spot,0.7827,Tomato_Target_Spot,True,1.8138147403400704,0.2576584736720883,0.2051607756636755,0.2706595514166572,outlier_score,30.451318646601155,0.0140036698225663,0.7,0.3466784327705038,2.2480249888008883,0,253,253.jpg
Tomato___Target_Spot/254.jpg,Tomato___Target_Spot,Tomato_Spider_mites Two-spotted_spider_mite,0.686,Tomato_Target_Spot,False,2.1605150598593195,0.3688132553352151,0.5093808314710735,0.6300864998070168,outlier_score,46.10106267065187,0.3729310155769597,0.7,0.554987707890709,3.278343592989983,12,254,254.jpg
Tomato___Target_Spot/255.jpg,Tomato___Target_Spot,Tomato_Target_Spot,0.6099,Tomato_Target_Spot,True,1.995490293744392,0.4741489174690854,0.6410851460482038,0.5906866467764911,density_score,31.53880345881888,0.2020863467070139,1.2,0.3611536326580653,3.1459031424011257,12,255,255.jpg
Tomato___Target_Spot/256.jpg,Tomato___Target_Spot,Tomato_Late_blight,0.5503,Tomato_Target_Spot,False,2.202652440314787,0.540966118228081,0.4246015613654593,0.5353270875376268,uncertainty_score,22.422656602150795,0.4165544484739815,0.5,0.2398112042654033,2.692825703346068,3,256,256.jpg
Tomato___Target_Spot/257.jpg,Tomato___Target_Spot,Tomato_Leaf_Mold,0.3624,Tomato_Target_Spot,False,2.3399742222716764,0.7747600761301123,0.2107605444877939,0.3802073741039632,uncertainty_score,17.665008726976836,0.5587191363531151,0.5,0.1764835115803603,2.8821635400767707,6,257,257.jpg
Tomato___Target_Spot/258.jpg,Tomato___Target_Spot,Tomato_Leaf_Mold,0.3589,Tomato_Target_Spot,False,2.329236489812419,0.7755994965546448,0.1699014936686859,0.37263392868296,uncertainty_score,20.77310269086404,0.5476027179535984,0.5,0.2178544630558495,2.9219871304909706,6,258,258.jpg
Tomato___Target_Spot/259.jpg,Tomato___Target_Spot,Tomato_Bacterial_spot,0.3363,Tomato_Target_Spot,False,2.5750734076332984,0.805245816069241,0.4442290617681701,0.5776018159772667,uncertainty_score,36.96440467499888,0.8021095281124226,0.5,0.4333722615824011,3.754277448598447,12,259,259.jpg
Tomato___Target_Spot/260.jpg,Tomato___Target_Spot,Tomato_Leaf_Mold,0.5945,Tomato_Target_Spot,False,2.3144204083537945,0.4802166857420524,0.5597951532154382,0.548899038455126,density_score,33.23821109059102,0.5322641200549896,1.2,0.3837739625090945,3.840189183873621,12,260,260.jpg
Tomato___Target_Spot/261.jpg,Tomato___Target_Spot,Tomato_Target_Spot,0.7373,Tomato_Target_Spot,True,1.9759309912831828,0.3103858991556066,0.2786462093329249,0.4397671995840564,outlier_score,35.60513080278148,0.1818372493685865,0.7,0.4152793551057013,2.686593531395725,3,261,261.jpg
Tomato___Target_Spot/262.jpg,Tomato___Target_Spot,Tomato_healthy,0.542,Tomato_Target_Spot,False,2.220268366194079,0.5559150432637731,0.5865405179464034,0.5918026717485856,outlier_score,14.42464575827399,0.4347916324708927,0.7,0.1333519651410383,2.769611212653343,6,262,262.jpg
Tomato___Target_Spot/263.jpg,Tomato___Target_Spot,Tomato_Target_Spot,0.713,Tomato_Target_Spot,True,2.192772290049401,0.3377899464182278,0.7418763992935634,0.5825891156394265,density_score,32.550242885147995,0.4063258564861608,1.2,0.3746166141229903,3.574576634156807,12,263,263.jpg
Tomato___Target_Spot/264.jpg,Tomato___Target_Spot,Tomato_Spider_mites Two-spotted_spider_mite,0.6544,Tomato_Target_Spot,False,1.8745937043276872,0.4213512200820696,0.3482000859004139,0.3723542096396936,uncertainty_score,36.43280513014316,0.0769261160782467,0.5,0.4262962917982983,2.293296669853941,0,264,264.jpg
Tomato___Target_Spot/265.jpg,Tomato___Target_Spot,Tomato_Spider_mites Two-spotted_spider_mite,0.6283,Tomato_Target_Spot,False,1.995768379260036,0.4401616268558969,0.3705984545771721,0.5501541643911498,outlier_score,32.201119500932506,0.2023742394212788,0.7,0.3699695324210995,2.6597027774742066,3,265,265.jpg
Tomato___Target_Spot/266.jpg,Tomato___Target_Spot,Tomato_healthy,0.3539,Tomato_Target_Spot,False,2.449194434133921,0.7754349376386734,0.4480079509474965,0.5004717950410775,uncertainty_score,21.851901084934177,0.671791200436608,0.5,0.2322140405111889,3.1919034616399995,12,266,266.jpg
Tomato___Target_Spot/267.jpg,Tomato___Target_Spot,Tomato_Target_Spot,0.5168,Tomato_Target_Spot,True,2.205573325274484,0.5824999166860451,0.3226535690955423,0.271455863113392,uncertainty_score,42.22448900467156,0.4195783438291741,0.5,0.5033877424810883,3.0942383013799803,6,267,267.jpg
Tomato___Target_Spot/268.jpg,Tomato___Target_Spot,Tomato_Early_blight,0.297,Tomato_Target_Spot,False,2.586834005988824,0.855262563836778,0.2124529551035532,0.236301011686062,uncertainty_score,31.004164368446293,0.8142848856606524,0.5,0.3540372043512966,3.65962557784825,12,268,268.jpg
Tomato___Target_Spot/269.jpg,Tomato___Target_Spot,Tomato_Target_Spot,0.5577,Tomato_Target_Spot,True,2.32557260395292,0.5420321673887086,0.4414428515432888,0.5012461537621427,uncertainty_score,18.592508689126184,0.5438096184014533,0.5,0.1888291988000634,2.8708630350030013,6,269,269.jpg
Tomato___Target_Spot/270.jpg,Tomato___Target_Spot,Tomato_healthy,0.3567,Tomato_Target_Spot,False,2.431616136750267,0.7770374473875146,0.5616987163402808,0.433310492902295,uncertainty_score,27.39879440249433,0.6535929719736371,0.5,0.3060471539713405,3.2662566749042847,12,270,270.jpg
Tomato___Target_Spot/271.jpg,Tomato___Target_Spot,Tomato_Target_Spot,0.4441,Tomato_Target_Spot,True,2.244142948459669,0.6824529431328871,0.3862283411389434,0.4021404396489565,uncertainty_score,15.855074540349758,0.4595081959152693,0.5,0.1523919943100365,2.6476043832955933,3,271,271.jpg
Tomato___Target_Spot/272.jpg,Tomato___Target_Spot,Tomato_Target_Spot,0.5125,Tomato_Target_Spot,True,2.233482234516112,0.5855776930524733,0.4168833694446581,0.2898889230877196,uncertainty_score,20.221747779764478,0.448471512231465,0.5,0.2105155352313042,2.712716327309886,6,272,272.jpg
Tomato___Target_Spot/273.jpg,Tomato___Target_Spot,Tomato_Target_Spot,0.4966,Tomato_Target_Spot,True,2.298757324515182,0.6080610814321311,0.4003623320799246,0.4317151970894976,uncertainty_score,39.044652510159125,0.516048648675219,0.5,0.461061846661023,3.2236900673419724,12,273,273.jpg
Tomato___Target_Spot/274.jpg,Tomato___Target_Spot,Tomato_Target_Spot,0.4063,Tomato_Target_Spot,True,2.3370462375057945,0.7280011072073628,0.4270773440008263,0.4757640108437934,uncertainty_score,23.7325420467611,0.5556878908039775,0.5,0.257246715481302,2.997245854829908,6,274,274.jpg
Tomato___Target_Spot/275.jpg,Tomato___Target_Spot,Tomato_Leaf_Mold,0.3768,Tomato_Target_Spot,False,2.506291793442405,0.7586609382134104,0.3958317338994928,0.3464165305835308,uncertainty_score,43.07275376347162,0.7309022034336539,0.5,0.5146787525285432,3.7338225356601225,12,275,275.jpg
Tomato___Target_Spot/276.jpg,Tomato___Target_Spot,Tomato_Target_Spot,0.3893,Tomato_Target_Spot,True,2.1265053953732007,0.7378174492599542,0.4613396867728286,0.4514751724570452,uncertainty_score,12.158553815465693,0.3377219375440152,0.5,0.1031886621990422,2.330226868386594,3,276,276.jpg
Tomato___Target_Spot/277.jpg,Tomato___Target_Spot,Tomato_Tomato_mosaic_virus,0.2854,Tomato_Target_Spot,False,2.3257554584282643,0.8661173930941563,0.3397475317966384,0.3726437469379934,uncertainty_score,13.239971945374084,0.5439989215771345,0.5,0.1175831102102601,2.764372508469659,6,277,277.jpg
Tomato___Target_Spot/278.jpg,Tomato___Target_Spot,Tomato_Tomato_mosaic_virus,0.629,Tomato_Target_Spot,False,1.8006397945303214,0.4413566186785675,0.4291408920208276,0.5438410264463545,outlier_score,10.923240406013177,0.0003640852484637,0.7,0.0867457580548045,1.8308468075791344,0,278,278.jpg
Tomato___Target_Spot/279.jpg,Tomato___Target_Spot,Tomato_Spider_mites Two-spotted_spider_mite,0.3838,Tomato_Target_Spot,False,2.490714897537884,0.7455817926163073,0.3839527031346111,0.30073666873329,uncertainty_score,39.688876504085975,0.7147759595644387,0.5,0.4696369283354394,3.6340073116320366,12,279,279.jpg
Tomato___Target_Spot/280.jpg,Tomato___Target_Spot,Tomato_healthy,0.319,Tomato_Target_Spot,False,2.517594251276595,0.8316132234431504,0.4489916500303643,0.4799250035342677,uncertainty_score,19.992235666475867,0.7426032632900509,0.5,0.207460565010898,3.296397374096449,12,280,280.jpg
Tomato___Target_Spot/281.jpg,Tomato___Target_Spot,Tomato_Spider_mites Two-spotted_spider_mite,0.7176,Tomato_Target_Spot,False,2.023366607894677,0.334448594994202,0.4592886695299193,0.3937857765285013,density_score,20.162905823642184,0.2309457704919463,1.2,0.2097323067511673,2.976490001110644,6,281,281.jpg
Tomato___Target_Spot/282.jpg,Tomato___Target_Spot,Tomato_Target_Spot,0.2816,Tomato_Target_Spot,True,2.209692534673252,0.87962201252968,0.0770752934062371,0.2840315525705649,uncertainty_score,7.563803924542778,0.4238428247450164,0.5,0.0420292580793412,2.4107295366090447,3,282,282.jpg
Tomato___Target_Spot/283.jpg,Tomato___Target_Spot,Tomato_Target_Spot,0.4061,Tomato_Target_Spot,True,1.8695797317287184,0.7154539147472498,0.0235140111764036,0.3585536439539432,uncertainty_score,5.095451728010123,0.0717353164876128,0.5,0.0091737266399206,1.6572312229351067,0,283,283.jpg
Tomato___Target_Spot/284.jpg,Tomato___Target_Spot,Tomato_Target_Spot,0.4284,Tomato_Target_Spot,True,1.868687825080142,0.6996213075938656,0.0,0.316083821592472,uncertainty_score,5.572561708017151,0.0708119551060077,0.5,0.0155244013816378,1.6649105122844725,0,284,284.jpg
Tomato___Target_Spot/285.jpg,Tomato___Target_Spot,Tomato_Target_Spot,0.3781,Tomato_Target_Spot,True,1.9354757238981608,0.7544421116537048,0.0934443256282149,0.3093790390858857,uncertainty_score,5.722585401172822,0.1399552523619929,0.5,0.0175213239334755,1.806192490624199,0,285,285.jpg
Tomato___Target_Spot/286.jpg,Tomato___Target_Spot,Tomato_Target_Spot,0.3111,Tomato_Target_Spot,True,2.0475221362089213,0.8445524163744028,0.0115116653616532,0.2958835770419319,uncertainty_score,5.860617540386425,0.2559531880655705,0.5,0.0193586303340587,2.0409443216322294,0,286,286.jpg
Tomato___Target_Spot/287.jpg,Tomato___Target_Spot,Tomato_Target_Spot,0.8684,Tomato_Target_Spot,True,1.8870319308241987,0.149043012685815,0.2704309887958299,0.2646397203591035,density_score,20.6010607052864,0.0898029995736972,1.2,0.2155644612992173,2.702952691096221,6,287,287.jpg
Tomato___Target_Spot/288.jpg,Tomato___Target_Spot,Tomato_Target_Spot,0.8051,Tomato_Target_Spot,True,1.8695436659919653,0.2289133488315763,0.3361071072124715,0.3778240209496821,outlier_score,19.778757307601097,0.0716979788261321,0.7,0.2046190155182856,2.150324480929693,0,288,288.jpg
Tomato___Target_Spot/289.jpg,Tomato___Target_Spot,Tomato_healthy,0.6618,Tomato_Target_Spot,False,1.9528603428919844,0.4000594983561473,0.307418565571677,0.4443402821505223,outlier_score,22.4297710368135,0.1579529720094883,0.7,0.2399059024742174,2.375764797730303,3,289,289.jpg
Tomato___Target_Spot/290.jpg,Tomato___Target_Spot,Tomato_Target_Spot,0.4806,Tomato_Target_Spot,True,2.1022844262203084,0.6298317752700093,0.365197167076923,0.4876587064773982,uncertainty_score,12.727450055207942,0.3126467712398664,0.5,0.1107610776415694,2.291435158942087,0,290,290.jpg
Tomato___Target_Spot/291.jpg,Tomato___Target_Spot,Tomato_Spider_mites Two-spotted_spider_mite,0.4042,Tomato_Target_Spot,False,2.2271895962350765,0.7218509486374456,0.1583650472507836,0.4338805287301622,uncertainty_score,24.80208151149496,0.4419569524550668,0.5,0.2714830499714233,2.7911384798672687,6,291,291.jpg
Tomato___Target_Spot/292.jpg,Tomato___Target_Spot,Tomato_Target_Spot,0.4372,Tomato_Target_Spot,True,2.0995175067188194,0.6813100456235346,0.2497744515680883,0.3498631386024258,uncertainty_score,14.241782160822956,0.3097822712187455,0.5,0.1309179199980406,2.315941422434552,3,292,292.jpg
Tomato___Target_Spot/293.jpg,Tomato___Target_Spot,Tomato_Tomato_mosaic_virus,0.2965,Tomato_Target_Spot,False,2.432901456944552,0.8575542702669232,0.2851830932230874,0.2625426861460818,uncertainty_score,24.24103263823108,0.6549236213552672,0.5,0.2640150885838762,3.2058698755863486,12,293,293.jpg
Tomato___Target_Spot/294.jpg,Tomato___Target_Spot,Tomato_healthy,0.4781,Tomato_Target_Spot,False,2.134127328671356,0.6313181257840472,0.3758546818502349,0.5385461296567242,uncertainty_score,18.01621642964816,0.3456126723781142,0.5,0.1811583370501994,2.462962850331528,3,294,294.jpg
Tomato___Target_Spot/295.jpg,Tomato___Target_Spot,Tomato_Tomato_mosaic_virus,0.3234,Tomato_Target_Spot,False,2.3761105681863866,0.8227474363501704,0.201907935493293,0.227132380542414,uncertainty_score,31.046538102936072,0.5961298971577627,0.5,0.3546012290345207,3.224161637867306,12,295,295.jpg
Tomato___Target_Spot/296.jpg,Tomato___Target_Spot,Tomato_Target_Spot,0.4852,Tomato_Target_Spot,True,2.102050878029944,0.6139028121101471,0.2350332863840043,0.3110315906884155,uncertainty_score,19.623387663807783,0.3124049865418037,0.5,0.2025509345436364,2.428636374899062,3,296,296.jpg
Tomato___Target_Spot/297.jpg,Tomato___Target_Spot,Tomato_healthy,0.5827,Tomato_Target_Spot,False,2.1855597378514795,0.5036450132404533,0.3990921410952528,0.4612668700600498,uncertainty_score,20.14301582763575,0.398858940331873,0.5,0.2094675566923883,2.6119192157023283,3,297,297.jpg
Tomato___Target_Spot/298.jpg,Tomato___Target_Spot,Tomato_Leaf_Mold,0.4384,Tomato_Target_Spot,False,2.41488633870788,0.6943474418773402,0.2583096953774004,0.2703560626753561,uncertainty_score,37.87676629716292,0.6362731667462074,0.5,0.4455164466801515,3.440821003512642,12,298,298.jpg
Tomato___Target_Spot/299.jpg,Tomato___Target_Spot,Tomato_Leaf_Mold,0.5386,Tomato_Target_Spot,False,2.253714141701616,0.5485874054275772,0.2209371574087569,0.2782875678709788,uncertainty_score,24.10204232714901,0.4694169349403677,0.5,0.2621650282310844,2.832081412227362,6,299,299.jpg
Tomato___Target_Spot/300.jpg,Tomato___Target_Spot,Tomato_Leaf_Mold,0.367,Tomato_Target_Spot,False,2.3201389228657288,0.7726577565439879,0.4620958737368467,0.4784792413366807,uncertainty_score,22.36236808596504,0.5381843085286336,0.5,0.2390087210372159,2.934881698613091,6,300,300.jpg
Tomato___Target_Spot/301.jpg,Tomato___Target_Spot,Tomato_Spider_mites Two-spotted_spider_mite,0.6387,Tomato_Target_Spot,False,1.929560524585329,0.4360412991893164,0.3347886219885472,0.4041455988623028,uncertainty_score,17.359292032935752,0.1338314426351747,0.5,0.1724142039399303,2.026284191180245,0,301,301.jpg
Tomato___Target_Spot/302.jpg,Tomato___Target_Spot,Tomato_Spider_mites Two-spotted_spider_mite,0.5687,Tomato_Target_Spot,False,2.101862717104601,0.5237803889959963,0.3013950429867997,0.5436405899694841,outlier_score,30.971764624385397,0.3122101897743773,0.7,0.3536059406073636,2.8548292904598007,6,302,302.jpg
Tomato___Target_Spot/303.jpg,Tomato___Target_Spot,Tomato_Spider_mites Two-spotted_spider_mite,0.796,Tomato_Target_Spot,False,1.8322292589589035,0.2416752733122606,0.3506654323474411,0.4955481519249357,outlier_score,29.31826160612892,0.0330676104049333,0.7,0.3315966339623004,2.263530171753317,0,303,303.jpg
Tomato___Target_Spot/304.jpg,Tomato___Target_Spot,Tomato_Tomato_yellow_Leaf_Curl_Virus,0.2933,Tomato_Target_Spot,False,2.4824881288283183,0.8561186839986294,0.2770947727936989,0.3876238920050753,uncertainty_score,24.39670775697535,0.7062590586825639,0.5,0.2660872356483926,3.311648970837717,12,304,304.jpg
Tomato___Target_Spot/305.jpg,Tomato___Target_Spot,Tomato_Target_Spot,0.9267,Tomato_Target_Spot,True,1.801445105191712,0.0745883422385052,0.5160027904061142,0.5309750726710187,outlier_score,44.446335255657495,0.0011977966756739,0.7,0.5329621036502,2.501838748826648,3,305,305.jpg
Tomato___Target_Spot/306.jpg,Tomato___Target_Spot,Tomato_Target_Spot,0.5117,Tomato_Target_Spot,True,2.0209644012987606,0.5871456210443883,0.2536936168641928,0.4499538486401659,uncertainty_score,25.31836405930229,0.2284588456497034,0.5,0.2783551395804085,2.37445040067002,3,306,306.jpg
Tomato___Target_Spot/307.jpg,Tomato___Target_Spot,Tomato_Early_blight,0.2845,Tomato_Target_Spot,False,2.4556276697818022,0.874597312805366,0.2379473055167126,0.2182239235387771,uncertainty_score,28.52728821381437,0.6784513160053169,0.5,0.321068212938979,3.3385049514191025,12,307,307.jpg
Tomato___Target_Spot/308.jpg,Tomato___Target_Spot,Tomato_Target_Spot,0.6589,Tomato_Target_Spot,True,2.089364608182122,0.4082822716697011,0.583288395390303,0.4761362408875124,density_score,27.899294048177584,0.2992713119887582,1.2,0.3127091618757491,3.26760636679114,12,308,308.jpg
Tomato___Target_Spot/309.jpg,Tomato___Target_Spot,Tomato_Target_Spot,0.7152,Tomato_Target_Spot,True,1.839604665990582,0.3436527364995001,0.2291333332468079,0.277289354442731,uncertainty_score,26.232181088898823,0.0407031247690661,0.5,0.2905186971910129,2.017184295324652,0,309,309.jpg
Tomato___Target_Spot/310.jpg,Tomato___Target_Spot,Tomato_healthy,0.5448,Tomato_Target_Spot,False,2.254123500238255,0.5487723587130178,0.264576803524486,0.3006038593409234,uncertainty_score,25.55397233961152,0.4698407302608378,0.5,0.2814912541397334,2.861918341731276,6,310,310.jpg
Tomato___Target_Spot/311.jpg,Tomato___Target_Spot,Tomato_Leaf_Mold,0.539,Tomato_Target_Spot,False,2.2622274770971904,0.5480849354551458,0.5552691060507029,0.5143014087219697,density_score,14.682186594360967,0.4782305088109875,1.2,0.1367800176891619,3.3616310441557182,12,311,311.jpg
Tomato___Target_Spot/312.jpg,Tomato___Target_Spot,Tomato_Target_Spot,0.7259,Tomato_Target_Spot,True,1.995601413563444,0.3339125038692035,0.5273688421595949,0.3944138526750033,density_score,24.40851697266316,0.2022013853714384,1.2,0.2662444247471974,3.003769407863673,6,312,312.jpg
Tomato___Target_Spot/313.jpg,Tomato___Target_Spot,Tomato_Leaf_Mold,0.4586,Tomato_Target_Spot,False,2.3306199326630086,0.6430461444038109,0.5439442755305147,0.7449364435924402,outlier_score,15.166011536770656,0.5490349504679889,0.7,0.1432200733784786,3.0129000110036963,6,313,313.jpg
Tomato___Target_Spot/314.jpg,Tomato___Target_Spot,Tomato_healthy,0.3458,Tomato_Target_Spot,False,2.3990020460433845,0.7975377789068574,0.3018235417558933,0.4403645599523217,uncertainty_score,23.22978928182119,0.6198286852033029,0.5,0.2505547169496734,3.115489445831116,12,314,314.jpg
Tomato___Target_Spot/315.jpg,Tomato___Target_Spot,Tomato_Leaf_Mold,0.3681,Tomato_Target_Spot,False,2.482407999502225,0.7722676033889235,0.5606467081541485,0.6031750707695105,uncertainty_score,15.835184967685851,0.7061761034479922,0.5,0.152127249886249,3.1405430817253577,12,315,315.jpg
Tomato___Target_Spot/316.jpg,Tomato___Target_Spot,Tomato_Septoria_leaf_spot,0.1865,Tomato_Target_Spot,False,2.6360511735516456,0.9928168222808784,0.2581196705726684,0.4084295481572692,uncertainty_score,32.108009016688406,0.8652377874155985,0.5,0.3687301653458826,3.783570822850021,12,316,316.jpg
Tomato___Target_Spot/317.jpg,Tomato___Target_Spot,Tomato_Tomato_mosaic_virus,0.3166,Tomato_Target_Spot,False,2.301270887755879,0.8312309029082445,0.4198333958884438,0.5635831096706467,uncertainty_score,22.230716352954303,0.5186508573597113,0.5,0.2372563424021634,2.893186228322668,6,317,317.jpg
Tomato___Tomato_Yellow_Leaf_Curl_Virus/1.jpg,Tomato___Tomato_Yellow_Leaf_Curl_Virus,Tomato_Tomato_yellow_Leaf_Curl_Virus,0.7281,Tomato_Tomato_yellow_Leaf_Curl_Virus,True,1.8234990818821264,0.316601896070441,0.3143678634333866,0.3474837979842421,outlier_score,32.824418670230685,0.0240295475312719,0.7,0.3782660897283622,2.3154582296550874,0,1,1.jpg
Tomato___Tomato_Yellow_Leaf_Curl_Virus/2.jpg,Tomato___Tomato_Yellow_Leaf_Curl_Virus,Tomato_Tomato_yellow_Leaf_Curl_Virus,0.653,Tomato_Tomato_yellow_Leaf_Curl_Virus,True,1.95527160017458,0.4189372213277518,0.2747030038108977,0.3433352655049032,uncertainty_score,42.30195363014883,0.1604492667275696,0.5,0.5044188519967346,2.577526811450241,3,2,2.jpg
Tomato___Tomato_Yellow_Leaf_Curl_Virus/3.jpg,Tomato___Tomato_Yellow_Leaf_Curl_Virus,Tomato_Tomato_yellow_Leaf_Curl_Virus,0.5896,Tomato_Tomato_yellow_Leaf_Curl_Virus,True,1.8437956754625475,0.4947223288123598,0.2380496044250957,0.3131288784905306,uncertainty_score,45.80539194255713,0.0450419379201183,0.5,0.5510521192351358,2.4166620546929405,3,3,3.jpg
Tomato___Tomato_Yellow_Leaf_Curl_Virus/4.jpg,Tomato___Tomato_Yellow_Leaf_Curl_Virus,Tomato_Spider_mites Two-spotted_spider_mite,0.3032,Tomato_Tomato_yellow_Leaf_Curl_Virus,False,2.589331972514063,0.8473585633851461,0.2209078391663769,0.6788175973418051,uncertainty_score,41.21347321330331,0.8168709475827486,0.5,0.4899303999001909,3.868637495015784,12,4,4.jpg
Tomato___Tomato_Yellow_Leaf_Curl_Virus/5.jpg,Tomato___Tomato_Yellow_Leaf_Curl_Virus,Tomato_Leaf_Mold,0.2582,Tomato_Tomato_yellow_Leaf_Curl_Virus,False,2.56606980643613,0.9100445742590396,0.4434692305700536,0.6266797658293584,uncertainty_score,28.29800053717436,0.7927883983124505,0.5,0.3180162301307315,3.562601141820998,12,5,5.jpg
Tomato___Tomato_Yellow_Leaf_Curl_Virus/6.jpg,Tomato___Tomato_Yellow_Leaf_Curl_Virus,Tomato_Tomato_yellow_Leaf_Curl_Virus,0.5985,Tomato_Tomato_yellow_Leaf_Curl_Virus,True,1.9856720965808887,0.4978166571308211,0.4503875391131638,0.4112927181840973,uncertainty_score,40.527345683823405,0.1919218927114823,0.5,0.480797552226368,2.6050401137625165,3,6,6.jpg
Tomato___Tomato_Yellow_Leaf_Curl_Virus/7.jpg,Tomato___Tomato_Yellow_Leaf_Curl_Virus,Tomato_Tomato_yellow_Leaf_Curl_Virus,0.5873,Tomato_Tomato_yellow_Leaf_Curl_Virus,True,1.944920426785144,0.4976972466197257,0.2170985965883993,0.2714358285521832,uncertainty_score,54.2845169198315,0.1497330401164561,0.5,0.6639153312439205,2.795339077098793,6,7,7.jpg
Tomato___Tomato_Yellow_Leaf_Curl_Virus/8.jpg,Tomato___Tomato_Yellow_Leaf_Curl_Virus,Tomato_Tomato_yellow_Leaf_Curl_Virus,0.7236,Tomato_Tomato_yellow_Leaf_Curl_Virus,True,1.800513478989544,0.3273053193023026,0.2439376878328253,0.3260833296340304,uncertainty_score,36.95889043611165,0.0002333149571597,0.5,0.4332988631227411,2.150414924598431,0,8,8.jpg
Tomato___Tomato_Yellow_Leaf_Curl_Virus/9.jpg,Tomato___Tomato_Yellow_Leaf_Curl_Virus,Tomato_Tomato_yellow_Leaf_Curl_Virus,0.4726,Tomato_Tomato_yellow_Leaf_Curl_Virus,True,2.1376023690478165,0.6428591960170092,0.2384290419606552,0.2702569052128602,uncertainty_score,33.63386319995125,0.349210266462948,0.5,0.3890403747886787,2.7819810951089137,6,9,9.jpg
Tomato___Tomato_Yellow_Leaf_Curl_Virus/10.jpg,Tomato___Tomato_Yellow_Leaf_Curl_Virus,Tomato_Tomato_yellow_Leaf_Curl_Virus,0.4439,Tomato_Tomato_yellow_Leaf_Curl_Virus,True,2.22278115535297,0.6695492925629198,0.2288191155794157,0.3336909475154089,uncertainty_score,36.57329700967028,0.4373930397741561,0.5,0.4281663391000045,3.0170355881983197,6,10,10.jpg
Tomato___Tomato_Yellow_Leaf_Curl_Virus/11.jpg,Tomato___Tomato_Yellow_Leaf_Curl_Virus,Tomato_Tomato_yellow_Leaf_Curl_Virus,0.7925,Tomato_Tomato_yellow_Leaf_Curl_Virus,True,1.9642790901115608,0.2364762608430987,0.3501947305418849,0.4909622450353892,outlier_score,34.09654964121939,0.1697744224109361,0.7,0.3951990619237777,2.6323474377075384,3,11,11.jpg
Tomato___Tomato_Yellow_Leaf_Curl_Virus/12.jpg,Tomato___Tomato_Yellow_Leaf_Curl_Virus,Tomato_Tomato_yellow_Leaf_Curl_Virus,0.6987,Tomato_Tomato_yellow_Leaf_Curl_Virus,True,2.009857760278777,0.3625597209577343,0.3559305892593529,0.4984465605122799,outlier_score,25.409067536125608,0.2169605084486376,0.7,0.2795624676669836,2.553264718397751,3,12,12.jpg
Tomato___Tomato_Yellow_Leaf_Curl_Virus/13.jpg,Tomato___Tomato_Yellow_Leaf_Curl_Virus,Tomato_Tomato_yellow_Leaf_Curl_Virus,0.4847,Tomato_Tomato_yellow_Leaf_Curl_Virus,True,2.2766746853872624,0.6307152357097725,0.3180724632671734,0.4282242668307913,uncertainty_score,37.40407299864847,0.4931872245483911,0.5,0.4392245611249373,3.145211290784188,12,13,13.jpg
Tomato___Tomato_Yellow_Leaf_Curl_Virus/14.jpg,Tomato___Tomato_Yellow_Leaf_Curl_Virus,Tomato_Tomato_yellow_Leaf_Curl_Virus,0.6193,Tomato_Tomato_yellow_Leaf_Curl_Virus,True,2.012357278247452,0.4560045789793017,0.2330013055069397,0.2963347650767319,uncertainty_score,27.489340143120543,0.2195481765286841,0.5,0.3072523824764254,2.3999749267720065,3,14,14.jpg
Tomato___Tomato_Yellow_Leaf_Curl_Virus/15.jpg,Tomato___Tomato_Yellow_Leaf_Curl_Virus,Tomato_Bacterial_spot,0.5632,Tomato_Tomato_yellow_Leaf_Curl_Virus,False,1.9567444659539708,0.5225640421994974,0.2597766812870048,0.3747989009872784,uncertainty_score,16.313751983120074,0.1619740758352804,0.5,0.158497318810593,2.06169412988645,0,15,15.jpg
Tomato___Tomato_Yellow_Leaf_Curl_Virus/16.jpg,Tomato___Tomato_Yellow_Leaf_Curl_Virus,Tomato_Tomato_yellow_Leaf_Curl_Virus,0.4836,Tomato_Tomato_yellow_Leaf_Curl_Virus,True,2.079586341304436,0.6280134251109517,0.3894551908651372,0.3643030918511701,uncertainty_score,30.84033126609568,0.2891481964942221,0.5,0.3518564686958825,2.606081096032268,3,16,16.jpg
Tomato___Tomato_Yellow_Leaf_Curl_Virus/17.jpg,Tomato___Tomato_Yellow_Leaf_Curl_Virus,Tomato_Leaf_Mold,0.4512,Tomato_Tomato_yellow_Leaf_Curl_Virus,False,2.3641653025394405,0.6569481584734135,0.5242146049287598,0.537986176430516,uncertainty_score,18.809590700589236,0.5837633596854733,0.5,0.1917187154835318,2.955104792596244,6,17,17.jpg
Tomato___Tomato_Yellow_Leaf_Curl_Virus/18.jpg,Tomato___Tomato_Yellow_Leaf_Curl_Virus,Tomato_Bacterial_spot,0.6394,Tomato_Tomato_yellow_Leaf_Curl_Virus,False,1.988971641513108,0.4345360321586694,0.1650279486231841,0.3845422759310666,uncertainty_score,35.73657857569851,0.1953378021815429,0.5,0.4170290188861715,2.5162191326923438,3,18,18.jpg
Tomato___Tomato_Yellow_Leaf_Curl_Virus/19.jpg,Tomato___Tomato_Yellow_Leaf_Curl_Virus,Tomato_Spider_mites Two-spotted_spider_mite,0.3939,Tomato_Tomato_yellow_Leaf_Curl_Virus,False,2.3499367972721323,0.738280312775735,0.2852229999721996,0.4397401886512738,uncertainty_score,26.848048486108546,0.5690330599363156,0.5,0.2987163323015787,3.086140618324999,6,19,19.jpg
Tomato___Tomato_Yellow_Leaf_Curl_Virus/20.jpg,Tomato___Tomato_Yellow_Leaf_Curl_Virus,Tomato_Tomato_yellow_Leaf_Curl_Virus,0.7229,Tomato_Tomato_yellow_Leaf_Curl_Virus,True,1.8693259784423573,0.3328846572050092,0.3491296944610865,0.3260923582925961,density_score,26.269843098356603,0.0714726141235759,1.2,0.2910200054474076,2.7794752364182638,6,20,20.jpg
Tomato___Tomato_Yellow_Leaf_Curl_Virus/21.jpg,Tomato___Tomato_Yellow_Leaf_Curl_Virus,Tomato_Bacterial_spot,0.7664,Tomato_Tomato_yellow_Leaf_Curl_Virus,False,1.9131498670231013,0.2768865955568206,0.2066491989797161,0.428119263903507,outlier_score,31.619550075065188,0.1168420329655722,0.7,0.3622284278159177,2.4770267076550208,3,21,21.jpg
Tomato___Tomato_Yellow_Leaf_Curl_Virus/22.jpg,Tomato___Tomato_Yellow_Leaf_Curl_Virus,Tomato_Tomato_yellow_Leaf_Curl_Virus,0.8069,Tomato_Tomato_yellow_Leaf_Curl_Virus,True,1.8244533317011349,0.2277105982813901,0.2957550193678468,0.2085153058732961,density_score,35.09556178813026,0.0250174507302025,1.2,0.4084966274200227,2.8627798425904394,6,22,22.jpg
Tomato___Tomato_Yellow_Leaf_Curl_Virus/23.jpg,Tomato___Tomato_Yellow_Leaf_Curl_Virus,Tomato_Tomato_yellow_Leaf_Curl_Virus,0.8669,Tomato_Tomato_yellow_Leaf_Curl_Virus,True,1.818616858192489,0.1467484983352357,0.5053060951062668,0.6163834757876279,outlier_score,30.359331952387738,0.0189751432182599,0.7,0.3454540241435733,2.25613132265188,0,23,23.jpg
Tomato___Tomato_Yellow_Leaf_Curl_Virus/24.jpg,Tomato___Tomato_Yellow_Leaf_Curl_Virus,Tomato_Tomato_yellow_Leaf_Curl_Virus,0.5601,Tomato_Tomato_yellow_Leaf_Curl_Virus,True,1.982972709079051,0.5275166965968817,0.1427138040416403,0.1470031492267877,uncertainty_score,23.200428414936745,0.189127306330539,0.5,0.2501639028323179,2.253500466909555,0,24,24.jpg
Tomato___Tomato_Yellow_Leaf_Curl_Virus/25.jpg,Tomato___Tomato_Yellow_Leaf_Curl_Virus,Tomato_Tomato_yellow_Leaf_Curl_Virus,0.6977,Tomato_Tomato_yellow_Leaf_Curl_Virus,True,1.802330849375685,0.3597735988532453,0.1478868376975368,0.2443188163574217,uncertainty_score,31.080833273249144,0.0021147782619953,0.5,0.3550577222562028,2.0368161399082947,0,25,25.jpg
Tomato___Tomato_Yellow_Leaf_Curl_Virus/26.jpg,Tomato___Tomato_Yellow_Leaf_Curl_Virus,Tomato_Tomato_yellow_Leaf_Curl_Virus,0.7027,Tomato_Tomato_yellow_Leaf_Curl_Virus,True,1.8319251177125884,0.3550125480791718,0.1935859526909416,0.1556990650885572,uncertainty_score,36.369527098516194,0.0327527430565971,0.5,0.4254540159834997,2.203686510088444,0,26,26.jpg
Tomato___Tomato_Yellow_Leaf_Curl_Virus/27.jpg,Tomato___Tomato_Yellow_Leaf_Curl_Virus,Tomato_Spider_mites Two-spotted_spider_mite,0.3575,Tomato_Tomato_yellow_Leaf_Curl_Virus,False,2.5551132189270183,0.7780259831656303,0.6142028681126751,1.0000000000000002,outlier_score,22.42124326169187,0.7814454065360819,0.7,0.2397923916940255,3.622579400613202,12,27,27.jpg
Tomato___Tomato_Yellow_Leaf_Curl_Virus/28.jpg,Tomato___Tomato_Yellow_Leaf_Curl_Virus,Tomato_Tomato_yellow_Leaf_Curl_Virus,0.6949,Tomato_Tomato_yellow_Leaf_Curl_Virus,True,1.8291067425884744,0.3654309673869648,0.2158718138204042,0.2476445521866166,uncertainty_score,33.09205276058078,0.0298349727354127,0.5,0.3818284907026277,2.132412681524767,0,28,28.jpg
Tomato___Tomato_Yellow_Leaf_Curl_Virus/29.jpg,Tomato___Tomato_Yellow_Leaf_Curl_Virus,Tomato_Bacterial_spot,0.5878,Tomato_Tomato_yellow_Leaf_Curl_Virus,False,1.832071867066044,0.4961779399869077,0.1365949841761593,0.245090652465911,uncertainty_score,13.994790802731297,0.0329046677966726,0.5,0.1276302885399184,1.757254768403223,0,29,29.jpg
Tomato___Tomato_Yellow_Leaf_Curl_Virus/30.jpg,Tomato___Tomato_Yellow_Leaf_Curl_Virus,Tomato_Bacterial_spot,0.3722,Tomato_Tomato_yellow_Leaf_Curl_Virus,False,2.125907505149001,0.7594072539077571,0.1733928543105335,0.2942556769047521,uncertainty_score,14.330197973328698,0.3371029616182875,0.5,0.1320947976379515,2.3723481196935023,3,30,30.jpg
Tomato___Tomato_Yellow_Leaf_Curl_Virus/31.jpg,Tomato___Tomato_Yellow_Leaf_Curl_Virus,Tomato_Tomato_yellow_Leaf_Curl_Virus,0.7023,Tomato_Tomato_yellow_Leaf_Curl_Virus,True,1.8931912384343847,0.352422980405075,0.3321741019329891,0.2771259033315322,uncertainty_score,37.81682554663254,0.0961795265272184,0.5,0.444718592461325,2.3594369417464245,3,31,31.jpg
Tomato___Tomato_Yellow_Leaf_Curl_Virus/32.jpg,Tomato___Tomato_Yellow_Leaf_Curl_Virus,Tomato_Tomato_yellow_Leaf_Curl_Virus,0.4125,Tomato_Tomato_yellow_Leaf_Curl_Virus,True,2.26424818557628,0.7109717348078759,0.1658584372269765,0.4582842178415834,uncertainty_score,34.6129966436749,0.4803224813016639,0.5,0.4020733405416374,3.063754973415784,6,32,32.jpg
Tomato___Tomato_Yellow_Leaf_Curl_Virus/33.jpg,Tomato___Tomato_Yellow_Leaf_Curl_Virus,Tomato_Tomato_yellow_Leaf_Curl_Virus,0.4527,Tomato_Tomato_yellow_Leaf_Curl_Virus,True,2.221089249983322,0.6561100681164551,0.2375820553834216,0.4560872464978439,uncertainty_score,38.103657313377006,0.4356414662410329,0.5,0.4485365282256521,3.044087724820544,6,33,33.jpg
Tomato___Tomato_Yellow_Leaf_Curl_Virus/34.jpg,Tomato___Tomato_Yellow_Leaf_Curl_Virus,Tomato_Leaf_Mold,0.4936,Tomato_Tomato_yellow_Leaf_Curl_Virus,False,2.35402607588739,0.6170496780977847,0.3784804367284364,0.6029021373317864,uncertainty_score,29.99731570328665,0.5732665545043617,0.5,0.3406353291977589,3.157486102805362,12,34,34.jpg
Tomato___Tomato_Yellow_Leaf_Curl_Virus/35.jpg,Tomato___Tomato_Yellow_Leaf_Curl_Virus,Tomato_Spider_mites Two-spotted_spider_mite,0.3924,Tomato_Tomato_yellow_Leaf_Curl_Virus,False,2.3086470213429235,0.7356202515202118,0.38784431909389,0.497297402406145,uncertainty_score,24.131833429283617,0.5262871239025251,0.5,0.2625615690870341,2.946416601435601,6,35,35.jpg
Tomato___Tomato_Yellow_Leaf_Curl_Virus/36.jpg,Tomato___Tomato_Yellow_Leaf_Curl_Virus,Tomato_Tomato_yellow_Leaf_Curl_Virus,0.5232,Tomato_Tomato_yellow_Leaf_Curl_Virus,True,2.147939039192544,0.5769734120230867,0.2893477806734967,0.2802577367441097,uncertainty_score,32.42011334895179,0.359911478345678,0.5,0.3728844970151895,2.7791497022141405,6,36,36.jpg
Tomato___Tomato_Yellow_Leaf_Curl_Virus/37.jpg,Tomato___Tomato_Yellow_Leaf_Curl_Virus,Tomato_Bacterial_spot,0.3909,Tomato_Tomato_yellow_Leaf_Curl_Virus,False,2.362810199701076,0.7433933881010826,0.4033665684699076,0.5829380221806708,uncertainty_score,22.63455598228162,0.5823604666461107,0.5,0.2426317364227112,3.028668537926288,6,37,37.jpg
Tomato___Tomato_Yellow_Leaf_Curl_Virus/38.jpg,Tomato___Tomato_Yellow_Leaf_Curl_Virus,Tomato_Tomato_yellow_Leaf_Curl_Virus,0.6804,Tomato_Tomato_yellow_Leaf_Curl_Virus,True,1.900705000644884,0.3835227682075721,0.2648887771991568,0.4262412694230201,outlier_score,32.565140664020674,0.1039582754207406,0.7,0.3748149142046466,2.4701389221484518,3,38,38.jpg
Tomato___Tomato_Yellow_Leaf_Curl_Virus/39.jpg,Tomato___Tomato_Yellow_Leaf_Curl_Virus,Tomato_Tomato_yellow_Leaf_Curl_Virus,0.578,Tomato_Tomato_yellow_Leaf_Curl_Virus,True,2.177112061367887,0.5122658462218729,0.5009430555489195,0.5130339767339787,outlier_score,26.386352818387437,0.3901133409558697,0.7,0.2925708330703248,2.919082931517227,6,39,39.jpg
Tomato___Tomato_Yellow_Leaf_Curl_Virus/40.jpg,Tomato___Tomato_Yellow_Leaf_Curl_Virus,Tomato_Tomato_yellow_Leaf_Curl_Virus,0.5052,Tomato_Tomato_yellow_Leaf_Curl_Virus,True,1.9194312625892187,0.6040370358793856,0.6541190035324055,0.661159554655828,outlier_score,39.15045141838068,0.1233449535319743,0.7,0.4624701057255976,2.640395065652345,3,40,40.jpg
Tomato___Tomato_Yellow_Leaf_Curl_Virus/41.jpg,Tomato___Tomato_Yellow_Leaf_Curl_Virus,Tomato_Tomato_yellow_Leaf_Curl_Virus,0.482,Tomato_Tomato_yellow_Leaf_Curl_Virus,True,2.390973533655014,0.6278372650500287,0.5073311618506373,0.5867013487946555,uncertainty_score,43.98851617563949,0.6115170325174621,0.5,0.5268682045712,3.5133363718917243,12,41,41.jpg
Tomato___Tomato_Yellow_Leaf_Curl_Virus/42.jpg,Tomato___Tomato_Yellow_Leaf_Curl_Virus,Tomato_Tomato_yellow_Leaf_Curl_Virus,0.3435,Tomato_Tomato_yellow_Leaf_Curl_Virus,True,2.30707366518574,0.795562702451987,0.2477248233031297,0.4550295068141671,uncertainty_score,35.137198990689654,0.5246582804385005,0.5,0.4090508483369815,3.162892833382473,12,42,42.jpg
Tomato___Tomato_Yellow_Leaf_Curl_Virus/43.jpg,Tomato___Tomato_Yellow_Leaf_Curl_Virus,Tomato_Tomato_yellow_Leaf_Curl_Virus,0.6876,Tomato_Tomato_yellow_Leaf_Curl_Virus,True,1.9907193068990667,0.3754739381756512,0.2874979119546693,0.4169197694307916,outlier_score,45.41761213506255,0.1971471022107982,0.7,0.5458904929183532,2.9131299437991265,6,43,43.jpg
Tomato___Tomato_Yellow_Leaf_Curl_Virus/44.jpg,Tomato___Tomato_Yellow_Leaf_Curl_Virus,Tomato_Tomato_yellow_Leaf_Curl_Virus,0.4903,Tomato_Tomato_yellow_Leaf_Curl_Virus,True,2.033802596712164,0.6172080300317436,0.1933607041754399,0.3480378416509779,uncertainty_score,15.704572653051498,0.2417498037036177,0.5,0.1503887066524784,2.209082667385953,0,44,44.jpg
Tomato___Tomato_Yellow_Leaf_Curl_Virus/45.jpg,Tomato___Tomato_Yellow_Leaf_Curl_Virus,Tomato_Tomato_yellow_Leaf_Curl_Virus,0.67,Tomato_Tomato_yellow_Leaf_Curl_Virus,True,2.062141944873697,0.3980612196113735,0.3548079593160528,0.4761035280470551,outlier_score,31.94136327335769,0.2710885912482426,0.7,0.3665119914293164,2.79194516964046,6,45,45.jpg
Tomato___Tomato_Yellow_Leaf_Curl_Virus/46.jpg,Tomato___Tomato_Yellow_Leaf_Curl_Virus,Tomato_Tomato_yellow_Leaf_Curl_Virus,0.3623,Tomato_Tomato_yellow_Leaf_Curl_Virus,True,2.197816748783353,0.776531652246148,0.1879055609385611,0.3488154850927206,uncertainty_score,17.272547217994553,0.4115482173615578,0.5,0.1712595684715758,2.57998578743048,3,46,46.jpg
Tomato___Tomato_Yellow_Leaf_Curl_Virus/47.jpg,Tomato___Tomato_Yellow_Leaf_Curl_Virus,Tomato_Tomato_mosaic_virus,0.3984,Tomato_Tomato_yellow_Leaf_Curl_Virus,False,2.438509486457676,0.7328850414467529,0.3749677653347746,0.6276171842660789,uncertainty_score,28.252601800480345,0.6607294283728351,0.5,0.3174119405067243,3.297576767505757,12,47,47.jpg
Tomato___Tomato_Yellow_Leaf_Curl_Virus/48.jpg,Tomato___Tomato_Yellow_Leaf_Curl_Virus,Tomato_Tomato_yellow_Leaf_Curl_Virus,0.667,Tomato_Tomato_yellow_Leaf_Curl_Virus,True,1.9053097190774864,0.405160381395399,0.1503816551352448,0.1987320107619073,uncertainty_score,11.555360005858146,0.1087253877419871,0.5,0.0951597215950783,1.860190357876592,0,48,48.jpg
Tomato___Tomato_Yellow_Leaf_Curl_Virus/49.jpg,Tomato___Tomato_Yellow_Leaf_Curl_Virus,Tomato_Tomato_yellow_Leaf_Curl_Virus,0.6044,Tomato_Tomato_yellow_Leaf_Curl_Virus,True,1.998610876704971,0.4758646307470096,0.1593173150562197,0.262991264583042,uncertainty_score,19.007796744953687,0.2053169827814202,0.5,0.1943569795575352,2.2021694348991434,0,49,49.jpg
Tomato___Tomato_Yellow_Leaf_Curl_Virus/50.jpg,Tomato___Tomato_Yellow_Leaf_Curl_Virus,Tomato_Tomato_yellow_Leaf_Curl_Virus,0.6261,Tomato_Tomato_yellow_Leaf_Curl_Virus,True,1.9409820781477056,0.4453752700683736,0.1890452086925491,0.2522070790574143,uncertainty_score,12.015102924844298,0.1456557983502778,0.5,0.1012792283453787,1.943230439218624,0,50,50.jpg
Tomato___Tomato_Yellow_Leaf_Curl_Virus/51.jpg,Tomato___Tomato_Yellow_Leaf_Curl_Virus,Tomato_healthy,0.4141,Tomato_Tomato_yellow_Leaf_Curl_Virus,False,2.3477232285817307,0.7066275124329914,0.4390308808148417,0.6752931594794589,uncertainty_score,35.09213758558415,0.5667414256632562,0.5,0.4084510488374497,3.246159424582687,12,51,51.jpg
Tomato___Tomato_Yellow_Leaf_Curl_Virus/52.jpg,Tomato___Tomato_Yellow_Leaf_Curl_Virus,Tomato_Tomato_yellow_Leaf_Curl_Virus,0.5111,Tomato_Tomato_yellow_Leaf_Curl_Virus,True,2.231631363384224,0.5912167362107277,0.3518926353537455,0.2739998916583698,uncertainty_score,27.281718278996,0.446555366715294,0.5,0.3044887871135605,2.8498439141009286,6,52,52.jpg
Tomato___Tomato_Yellow_Leaf_Curl_Virus/53.jpg,Tomato___Tomato_Yellow_Leaf_Curl_Virus,Tomato_Tomato_yellow_Leaf_Curl_Virus,0.5502,Tomato_Tomato_yellow_Leaf_Curl_Virus,True,2.101390727585092,0.5433727277180984,0.2490184394438998,0.27939545140423,uncertainty_score,23.32821202223186,0.3117215546739073,0.5,0.2518647939502161,2.501240300273139,3,53,53.jpg
Tomato___Tomato_Yellow_Leaf_Curl_Virus/54.jpg,Tomato___Tomato_Yellow_Leaf_Curl_Virus,Tomato_Tomato_yellow_Leaf_Curl_Virus,0.7072,Tomato_Tomato_yellow_Leaf_Curl_Virus,True,1.859954977286577,0.3460407989361233,0.1600874614850653,0.1452397797776923,uncertainty_score,23.85540492352465,0.0617711273278051,0.5,0.2588821081598318,2.011865416895358,0,54,54.jpg
Tomato___Tomato_Yellow_Leaf_Curl_Virus/55.jpg,Tomato___Tomato_Yellow_Leaf_Curl_Virus,Tomato_Tomato_yellow_Leaf_Curl_Virus,0.6566,Tomato_Tomato_yellow_Leaf_Curl_Virus,True,1.8889609292446232,0.4146145017119816,0.3667408272617147,0.2524825984003038,uncertainty_score,37.19301613372388,0.0918000276813363,0.5,0.436415243447024,2.338222920533209,3,55,55.jpg
Tomato___Tomato_Yellow_Leaf_Curl_Virus/56.jpg,Tomato___Tomato_Yellow_Leaf_Curl_Virus,Tomato_Tomato_yellow_Leaf_Curl_Virus,0.8575,Tomato_Tomato_yellow_Leaf_Curl_Virus,True,1.8194948639999409,0.164039081227744,0.5334516055440325,0.4758072750054876,density_score,29.984036851686945,0.0198841135199389,1.2,0.3404585781948727,2.7504560943321867,6,56,56.jpg
Tomato___Tomato_Yellow_Leaf_Curl_Virus/57.jpg,Tomato___Tomato_Yellow_Leaf_Curl_Virus,Tomato_Spider_mites Two-spotted_spider_mite,0.4868,Tomato_Tomato_yellow_Leaf_Curl_Virus,False,2.0857167252126807,0.626258031483734,0.5570381163759437,0.6552447628908982,outlier_score,28.46293404450424,0.2954947796981048,0.7,0.3202116129626884,2.7713069788402427,6,57,57.jpg
Tomato___Tomato_Yellow_Leaf_Curl_Virus/58.jpg,Tomato___Tomato_Yellow_Leaf_Curl_Virus,Tomato_Tomato_yellow_Leaf_Curl_Virus,0.2422,Tomato_Tomato_yellow_Leaf_Curl_Virus,True,2.431332932431931,0.9264689136976048,0.1720079243848978,0.2508207406372618,uncertainty_score,36.15148580539345,0.653299779932662,0.5,0.4225517305757084,3.440427155728887,12,58,58.jpg
Tomato___Tomato_Yellow_Leaf_Curl_Virus/59.jpg,Tomato___Tomato_Yellow_Leaf_Curl_Virus,Tomato_Tomato_yellow_Leaf_Curl_Virus,0.4151,Tomato_Tomato_yellow_Leaf_Curl_Virus,True,2.156293805322287,0.7135071391746503,0.2640971615471269,0.4498714095414067,uncertainty_score,37.5993515431249,0.3685608907128357,0.5,0.4418238580836544,2.8998575685511527,6,59,59.jpg
Tomato___Tomato_Yellow_Leaf_Curl_Virus/60.jpg,Tomato___Tomato_Yellow_Leaf_Curl_Virus,Tomato_Tomato_yellow_Leaf_Curl_Virus,0.6902,Tomato_Tomato_yellow_Leaf_Curl_Virus,True,1.9265839541840009,0.3854483365916294,0.6199511724097831,0.6768034828775913,outlier_score,24.9897429581073,0.1307498979885438,0.7,0.2739809579149493,2.372471232849512,3,60,60.jpg
Tomato___Tomato_Yellow_Leaf_Curl_Virus/61.jpg,Tomato___Tomato_Yellow_Leaf_Curl_Virus,Tomato_Tomato_yellow_Leaf_Curl_Virus,0.58,Tomato_Tomato_yellow_Leaf_Curl_Virus,True,2.014039733016717,0.5034309462536689,0.1197073727787501,0.1953631698396063,uncertainty_score,40.81569445999165,0.2212899661685712,0.5,0.4846356804700694,2.6695334530422468,3,61,61.jpg
Tomato___Tomato_Yellow_Leaf_Curl_Virus/62.jpg,Tomato___Tomato_Yellow_Leaf_Curl_Virus,Tomato_Tomato_yellow_Leaf_Curl_Virus,0.6894,Tomato_Tomato_yellow_Leaf_Curl_Virus,True,1.901249484131416,0.3782766861248163,0.1838969010481781,0.1509018476140968,uncertainty_score,39.11330858149981,0.1045219611216913,0.5,0.4619757080271642,2.402007484284129,3,62,62.jpg
Tomato___Tomato_Yellow_Leaf_Curl_Virus/63.jpg,Tomato___Tomato_Yellow_Leaf_Curl_Virus,Tomato_Tomato_yellow_Leaf_Curl_Virus,0.6429,Tomato_Tomato_yellow_Leaf_Curl_Virus,True,1.9906192818182145,0.4339479945056387,0.2111485223506107,0.2809703752324162,uncertainty_score,37.85008071192377,0.1970435495609796,0.5,0.4451612424730551,2.561828962831542,3,63,63.jpg
Tomato___Tomato_Yellow_Leaf_Curl_Virus/64.jpg,Tomato___Tomato_Yellow_Leaf_Curl_Virus,Tomato_Tomato_yellow_Leaf_Curl_Virus,0.5772,Tomato_Tomato_yellow_Leaf_Curl_Virus,True,1.9781583235242344,0.507481888728468,0.1274082140118579,0.146732490303117,uncertainty_score,21.535572331260003,0.1841431325892953,0.5,0.2280034787744424,2.2102914833402543,0,64,64.jpg
Tomato___Tomato_Yellow_Leaf_Curl_Virus/65.jpg,Tomato___Tomato_Yellow_Leaf_Curl_Virus,Tomato_Bacterial_spot,0.4512,Tomato_Tomato_yellow_Leaf_Curl_Virus,False,2.277953563870274,0.6614544274144071,0.3214787679294471,0.4254524531197445,uncertainty_score,19.841379833855918,0.4945112050399185,0.5,0.2054525660882048,2.7972012592121445,6,65,65.jpg
Tomato___Tomato_Yellow_Leaf_Curl_Virus/66.jpg,Tomato___Tomato_Yellow_Leaf_Curl_Virus,Tomato_Tomato_yellow_Leaf_Curl_Virus,0.3869,Tomato_Tomato_yellow_Leaf_Curl_Virus,True,2.422453635202154,0.7424861342302719,0.1829885573695497,0.3278476155683521,uncertainty_score,27.001417647835247,0.6441073379087622,0.5,0.3007577854305234,3.23935135396331,12,66,66.jpg
Tomato___Tomato_Yellow_Leaf_Curl_Virus/67.jpg,Tomato___Tomato_Yellow_Leaf_Curl_Virus,Tomato_Tomato_yellow_Leaf_Curl_Virus,0.5983,Tomato_Tomato_yellow_Leaf_Curl_Virus,True,2.02216425964518,0.4879247229044361,0.2385347582326865,0.2544654806696152,uncertainty_score,38.70371208058079,0.2297010192137739,0.5,0.4565236859322923,2.6441875673259867,3,67,67.jpg
Tomato___Tomato_Yellow_Leaf_Curl_Virus/68.jpg,Tomato___Tomato_Yellow_Leaf_Curl_Virus,Tomato_Tomato_yellow_Leaf_Curl_Virus,0.6726,Tomato_Tomato_yellow_Leaf_Curl_Virus,True,1.810920357565996,0.3959639986176164,0.2019941964299164,0.2353609988592692,uncertainty_score,22.053613859454668,0.0110072113014541,0.5,0.2348989816692215,1.8743628951067408,0,68,68.jpg
Tomato___Tomato_Yellow_Leaf_Curl_Virus/69.jpg,Tomato___Tomato_Yellow_Leaf_Curl_Virus,Tomato_Tomato_yellow_Leaf_Curl_Virus,0.5378,Tomato_Tomato_yellow_Leaf_Curl_Virus,True,2.1768691388840784,0.5529714559370411,0.5181080041608528,0.6333985775086202,outlier_score,27.879401069613515,0.3898618513626142,0.7,0.3124443721169969,2.9483902609007235,6,69,69.jpg
Tomato___Tomato_Yellow_Leaf_Curl_Virus/70.jpg,Tomato___Tomato_Yellow_Leaf_Curl_Virus,Tomato_Tomato_yellow_Leaf_Curl_Virus,0.8149,Tomato_Tomato_yellow_Leaf_Curl_Virus,True,1.8560468015705007,0.2156387571937259,0.2942491220392055,0.2478639878598645,density_score,31.31295980822177,0.0577251225867129,1.2,0.3581474922972975,2.852671483619372,6,70,70.jpg
Tomato___Tomato_Yellow_Leaf_Curl_Virus/71.jpg,Tomato___Tomato_Yellow_Leaf_Curl_Virus,Tomato_Tomato_yellow_Leaf_Curl_Virus,0.456,Tomato_Tomato_yellow_Leaf_Curl_Virus,True,2.109373680872306,0.6590540987990451,0.2699439434235975,0.408472402269844,uncertainty_score,28.89614569099264,0.3199860415328583,0.5,0.3259779695187409,2.628939037343828,3,71,71.jpg
Tomato___Tomato_Yellow_Leaf_Curl_Virus/72.jpg,Tomato___Tomato_Yellow_Leaf_Curl_Virus,Tomato_Bacterial_spot,0.4412,Tomato_Tomato_yellow_Leaf_Curl_Virus,False,2.219056614320092,0.6650684426911199,0.3887265625070357,0.6573818528033328,uncertainty_score,11.985635569913104,0.433537145932068,0.5,0.1008869967960324,2.5184047870581847,3,72,72.jpg
Tomato___Tomato_Yellow_Leaf_Curl_Virus/73.jpg,Tomato___Tomato_Yellow_Leaf_Curl_Virus,Tomato_Bacterial_spot,0.6106,Tomato_Tomato_yellow_Leaf_Curl_Virus,False,1.963084084479836,0.4657306981147844,0.1246489041838933,0.3609916579982266,uncertainty_score,14.062473296826091,0.1685372727014946,0.5,0.1285311908972699,2.029871331748894,0,73,73.jpg
Tomato___Tomato_Yellow_Leaf_Curl_Virus/74.jpg,Tomato___Tomato_Yellow_Leaf_Curl_Virus,Tomato_Bacterial_spot,0.6061,Tomato_Tomato_yellow_Leaf_Curl_Virus,False,1.9672568873781908,0.4785357758989834,0.2275301692472057,0.3942830497136532,uncertainty_score,14.029580413354015,0.1728572371905368,0.5,0.1280933631154128,2.037854519054193,0,74,74.jpg
Tomato___Tomato_Yellow_Leaf_Curl_Virus/75.jpg,Tomato___Tomato_Yellow_Leaf_Curl_Virus,Tomato_Bacterial_spot,0.537,Tomato_Tomato_yellow_Leaf_Curl_Virus,False,2.008663215475011,0.5502353591518662,0.102416690925977,0.3114543842955214,uncertainty_score,11.278496712916112,0.2157238358191028,0.5,0.0914744733398023,2.068659381647909,0,75,75.jpg
Tomato___Tomato_Yellow_Leaf_Curl_Virus/76.jpg,Tomato___Tomato_Yellow_Leaf_Curl_Virus,Tomato_Tomato_yellow_Leaf_Curl_Virus,0.2508,Tomato_Tomato_yellow_Leaf_Curl_Virus,True,2.487374485445476,0.9119965962092929,0.1834375528932761,0.3310326471623675,uncertainty_score,25.298051095593834,0.7113177416784081,0.5,0.2780847595192939,3.339762622635757,12,76,76.jpg
Tomato___Tomato_Yellow_Leaf_Curl_Virus/77.jpg,Tomato___Tomato_Yellow_Leaf_Curl_Virus,Tomato_Tomato_yellow_Leaf_Curl_Virus,0.5145,Tomato_Tomato_yellow_Leaf_Curl_Virus,True,2.254071380670701,0.584948423304646,0.259192463492803,0.4379412991817887,uncertainty_score,34.392615240912015,0.4697867726006024,0.5,0.399139906602465,3.0382834051049024,6,77,77.jpg
Tomato___Tomato_Yellow_Leaf_Curl_Virus/78.jpg,Tomato___Tomato_Yellow_Leaf_Curl_Virus,Tomato_Tomato_yellow_Leaf_Curl_Virus,0.7745,Tomato_Tomato_yellow_Leaf_Curl_Virus,True,1.916902147516187,0.2676976759359815,0.8124795985224559,0.807362891088504,density_score,27.70316888524213,0.1207266445510958,1.2,0.310098595820411,2.906601182832808,6,78,78.jpg
Tomato___Tomato_Yellow_Leaf_Curl_Virus/79.jpg,Tomato___Tomato_Yellow_Leaf_Curl_Virus,Tomato_Tomato_yellow_Leaf_Curl_Virus,0.5477,Tomato_Tomato_yellow_Leaf_Curl_Virus,True,2.107352027665068,0.5336869539656963,0.2244885047350628,0.2983075291178014,uncertainty_score,36.26880751188206,0.3178930909964531,0.5,0.4241133663185646,2.771956231470753,6,79,79.jpg
Tomato___Tomato_Yellow_Leaf_Curl_Virus/80.jpg,Tomato___Tomato_Yellow_Leaf_Curl_Virus,Tomato_Tomato_yellow_Leaf_Curl_Virus,0.6023,Tomato_Tomato_yellow_Leaf_Curl_Virus,True,2.0462118960127365,0.4710188251114098,0.3297617474942784,0.388268873387059,uncertainty_score,24.32540355382788,0.2545967398322102,0.5,0.2651381257557422,2.4069006682980336,3,80,80.jpg
Tomato___Tomato_Yellow_Leaf_Curl_Virus/81.jpg,Tomato___Tomato_Yellow_Leaf_Curl_Virus,Tomato_Tomato_yellow_Leaf_Curl_Virus,0.641,Tomato_Tomato_yellow_Leaf_Curl_Virus,True,2.109341243078152,0.4167837680326682,0.4940752222411005,0.7766741496040941,outlier_score,28.711464354485145,0.3199524597600641,0.7,0.3235197289700787,2.8251845129752464,6,81,81.jpg
Tomato___Tomato_Yellow_Leaf_Curl_Virus/82.jpg,Tomato___Tomato_Yellow_Leaf_Curl_Virus,Tomato_Tomato_yellow_Leaf_Curl_Virus,0.6926,Tomato_Tomato_yellow_Leaf_Curl_Virus,True,1.849557786266464,0.3641843246068339,0.5700504153318855,0.6156462156947928,outlier_score,19.369875108207857,0.0510072601893919,0.7,0.1991765012871094,2.100779272309448,0,82,82.jpg
Tomato___Tomato_Yellow_Leaf_Curl_Virus/83.jpg,Tomato___Tomato_Yellow_Leaf_Curl_Virus,Tomato_Spider_mites Two-spotted_spider_mite,0.5901,Tomato_Tomato_yellow_Leaf_Curl_Virus,False,2.0038818271893515,0.4962506503476243,0.4290704170137107,0.6633371685747678,outlier_score,19.96268196606167,0.2107738230565745,0.7,0.2070671841414767,2.4321484223253647,3,83,83.jpg
Tomato___Tomato_Yellow_Leaf_Curl_Virus/84.jpg,Tomato___Tomato_Yellow_Leaf_Curl_Virus,Tomato_Tomato_yellow_Leaf_Curl_Virus,0.6579,Tomato_Tomato_yellow_Leaf_Curl_Virus,True,1.879780331765504,0.413691804278783,0.1746208379819936,0.1946677798888854,uncertainty_score,25.82830611697394,0.0822956594990716,0.5,0.2851428327352383,2.0923055681010005,0,84,84.jpg
Tomato___Tomato_Yellow_Leaf_Curl_Virus/85.jpg,Tomato___Tomato_Yellow_Leaf_Curl_Virus,Tomato_Tomato_yellow_Leaf_Curl_Virus,0.4422,Tomato_Tomato_yellow_Leaf_Curl_Virus,True,2.3629080776930707,0.6806666623808935,0.4782939422296449,0.6053766580566946,uncertainty_score,44.045815555082136,0.5824617964860228,0.5,0.5276309002535187,3.456369943352324,12,85,85.jpg
Tomato___Tomato_Yellow_Leaf_Curl_Virus/86.jpg,Tomato___Tomato_Yellow_Leaf_Curl_Virus,Tomato_Tomato_yellow_Leaf_Curl_Virus,0.6835,Tomato_Tomato_yellow_Leaf_Curl_Virus,True,1.995978591655984,0.3783480664179588,0.3963511715595427,0.4473449245341229,outlier_score,27.708824498631994,0.2025918653450936,0.7,0.310173876075717,2.5704445448037627,3,86,86.jpg
Tomato___Tomato_Yellow_Leaf_Curl_Virus/87.jpg,Tomato___Tomato_Yellow_Leaf_Curl_Virus,Tomato_Tomato_yellow_Leaf_Curl_Virus,0.7025,Tomato_Tomato_yellow_Leaf_Curl_Virus,True,1.848897890158144,0.3513555272842303,0.2333806150788533,0.2044237475201501,uncertainty_score,24.571937611336804,0.0503240916276745,0.5,0.2684196702163547,2.0032776885798813,0,87,87.jpg
Tomato___Tomato_Yellow_Leaf_Curl_Virus/88.jpg,Tomato___Tomato_Yellow_Leaf_Curl_Virus,Tomato_Tomato_yellow_Leaf_Curl_Virus,0.9018,Tomato_Tomato_yellow_Leaf_Curl_Virus,True,1.8922060022570688,0.1093424168081526,0.7672781169158641,0.8051830994960929,outlier_score,44.36033961951745,0.0951595441789022,0.7,0.5318174402869972,2.6880452487883,3,88,88.jpg
Tomato___Tomato_Yellow_Leaf_Curl_Virus/89.jpg,Tomato___Tomato_Yellow_Leaf_Curl_Virus,Tomato_Tomato_yellow_Leaf_Curl_Virus,0.8812,Tomato_Tomato_yellow_Leaf_Curl_Virus,True,1.958842929089944,0.1289705195694689,0.7307372363460584,0.6101871915004262,density_score,41.64185076072008,0.1641465451442293,1.2,0.4956324111435071,3.271741707003719,12,89,89.jpg
Tomato___Tomato_Yellow_Leaf_Curl_Virus/90.jpg,Tomato___Tomato_Yellow_Leaf_Curl_Virus,Tomato_Tomato_yellow_Leaf_Curl_Virus,0.7299,Tomato_Tomato_yellow_Leaf_Curl_Virus,True,1.85076625249038,0.3203924408712918,0.3741811296956638,0.3366462989501851,density_score,34.01320223928352,0.0522583452036356,1.2,0.3940896484500665,2.895651163082371,6,90,90.jpg
Tomato___Tomato_Yellow_Leaf_Curl_Virus/91.jpg,Tomato___Tomato_Yellow_Leaf_Curl_Virus,Tomato_Tomato_yellow_Leaf_Curl_Virus,0.7179,Tomato_Tomato_yellow_Leaf_Curl_Virus,True,1.9368945815981844,0.3352786310530729,0.3749672652378761,0.4478343340823208,outlier_score,25.45759069331101,0.1414241486958031,0.7,0.2802083455602131,2.403160815731926,3,91,91.jpg
Tomato___Tomato_Yellow_Leaf_Curl_Virus/92.jpg,Tomato___Tomato_Yellow_Leaf_Curl_Virus,Tomato_Tomato_yellow_Leaf_Curl_Virus,0.6741,Tomato_Tomato_yellow_Leaf_Curl_Virus,True,1.947633476374261,0.3950807598557823,0.3145214996506187,0.395094600986204,outlier_score,34.360565721975206,0.1525417704033854,0.7,0.3987133046051788,2.603153497714539,3,92,92.jpg
Tomato___Tomato_Yellow_Leaf_Curl_Virus/93.jpg,Tomato___Tomato_Yellow_Leaf_Curl_Virus,Tomato_Tomato_yellow_Leaf_Curl_Virus,0.7597,Tomato_Tomato_yellow_Leaf_Curl_Virus,True,1.904906882760821,0.2849561894214257,0.2212461548948544,0.2774305051610917,uncertainty_score,34.57836952402429,0.108308344659608,0.5,0.401612428837086,2.319035332574845,3,93,93.jpg
Tomato___Tomato_Yellow_Leaf_Curl_Virus/94.jpg,Tomato___Tomato_Yellow_Leaf_Curl_Virus,Tomato_Tomato_yellow_Leaf_Curl_Virus,0.7716,Tomato_Tomato_yellow_Leaf_Curl_Virus,True,1.8965960842009653,0.2643890589528067,0.421792431988586,0.5199039102662346,outlier_score,42.45526499166392,0.0997044504597848,0.7,0.5064595357635631,2.659098204564914,3,94,94.jpg
Tomato___Tomato_mosaic_virus/1.jpg,Tomato___Tomato_mosaic_virus,Tomato_Leaf_Mold,0.4353,Tomato_Tomato_mosaic_virus,False,2.1593007709713445,0.6829781720393638,0.1335452743842956,0.1201178346456539,uncertainty_score,26.021699632388927,0.3716739025516696,0.5,0.2877170386102438,2.674923363018705,3,1,1.jpg
Tomato___Tomato_mosaic_virus/2.jpg,Tomato___Tomato_mosaic_virus,Tomato_Tomato_mosaic_virus,0.7159,Tomato_Tomato_mosaic_virus,True,1.805305743720509,0.3423106983172502,0.249679651796886,0.287463875063898,uncertainty_score,20.234720209091,0.0051945877428979,0.5,0.2106882075347876,1.826421486787977,0,2,2.jpg
Tomato___Tomato_mosaic_virus/3.jpg,Tomato___Tomato_mosaic_virus,Tomato_Tomato_mosaic_virus,0.484,Tomato_Tomato_mosaic_virus,True,2.103927027813077,0.6228743395752666,0.1946628300462224,0.2829633986145831,uncertainty_score,20.15177647532362,0.3143473022074809,0.5,0.2095841671728306,2.443070855174208,3,3,3.jpg
Tomato___Tomato_mosaic_virus/4.jpg,Tomato___Tomato_mosaic_virus,Tomato_Tomato_mosaic_virus,0.6291,Tomato_Tomato_mosaic_virus,True,1.985008685629904,0.4411354579980547,0.2778428863953629,0.5243771697125597,outlier_score,16.578771665899254,0.1912350853496907,0.7,0.1620249201520255,2.32550755092742,3,4,4.jpg
Tomato___Tomato_mosaic_virus/5.jpg,Tomato___Tomato_mosaic_virus,Tomato_Tomato_mosaic_virus,0.5818,Tomato_Tomato_mosaic_virus,True,1.9025476225411944,0.5054849400512682,0.1786090788111479,0.260707786110162,uncertainty_score,29.32755575044174,0.1058658807768265,0.5,0.3317203456640183,2.209312280049681,0,5,5.jpg
Tomato___Tomato_mosaic_virus/6.jpg,Tomato___Tomato_mosaic_virus,Tomato_Tomato_mosaic_virus,0.6221,Tomato_Tomato_mosaic_virus,True,1.894319775127217,0.4546569988488265,0.1884004843169132,0.3874982408825655,uncertainty_score,19.280913661159516,0.0973478631480395,0.5,0.197992360861566,1.991684267588428,0,6,6.jpg
Tomato___Tomato_mosaic_virus/7.jpg,Tomato___Tomato_mosaic_virus,Tomato_Tomato_mosaic_virus,0.7021,Tomato_Tomato_mosaic_virus,True,1.8161525051005216,0.3556749217310652,0.1381269388139453,0.2501576021971785,uncertainty_score,18.478664571331105,0.0164238801691573,0.5,0.1873138522475481,1.813818538709637,0,7,7.jpg
Tomato___Tomato_mosaic_virus/8.jpg,Tomato___Tomato_mosaic_virus,Tomato_Tomato_mosaic_virus,0.6944,Tomato_Tomato_mosaic_virus,True,1.927821903335205,0.3679552878572885,0.2239895803961786,0.3969581622395952,outlier_score,22.59590274845236,0.1320315056998859,0.7,0.2421172342616758,2.327238862792285,3,8,8.jpg
Tomato___Tomato_mosaic_virus/9.jpg,Tomato___Tomato_mosaic_virus,Tomato_Leaf_Mold,0.3767,Tomato_Tomato_mosaic_virus,False,2.351542145253708,0.7636282233541097,0.2049629279401001,0.3472174229537607,uncertainty_score,13.25910001002524,0.5706950234754266,0.5,0.11783771841828,2.8181466245782736,6,9,9.jpg
Tomato___Tomato_mosaic_virus/10.jpg,Tomato___Tomato_mosaic_virus,Tomato_Tomato_mosaic_virus,0.5507,Tomato_Tomato_mosaic_virus,True,2.2235228389309194,0.553896739612745,0.3643816685612078,0.3680990822770079,uncertainty_score,21.966220158609783,0.4381608801914715,0.5,0.2337357090658427,2.7269253239817077,6,10,10.jpg
Tomato___Tomato_mosaic_virus/11.jpg,Tomato___Tomato_mosaic_virus,Tomato_Tomato_mosaic_virus,0.6818,Tomato_Tomato_mosaic_virus,True,1.8884381184569496,0.3893373802856054,0.2895824201136125,0.3641102494598333,uncertainty_score,33.216657028432216,0.0912587790069432,0.5,0.3834870625408077,2.257748151825098,0,11,11.jpg
Tomato___Tomato_mosaic_virus/12.jpg,Tomato___Tomato_mosaic_virus,Tomato_Tomato_mosaic_virus,0.6286,Tomato_Tomato_mosaic_virus,True,1.952290856795023,0.4482044715837343,0.4590926961471495,0.750102195438247,outlier_score,29.89703885783985,0.1573634019349357,0.7,0.3393005727343776,2.523677662971438,3,12,12.jpg
Tomato___Tomato_mosaic_virus/13.jpg,Tomato___Tomato_mosaic_virus,Tomato_Tomato_mosaic_virus,0.5358,Tomato_Tomato_mosaic_virus,True,2.06243159048668,0.5624167091364632,0.3164884846215816,0.4746795919651869,uncertainty_score,26.690857935361187,0.2713884517480009,0.5,0.2966240137542845,2.4877129241274285,3,13,13.jpg
Tomato___Tomato_mosaic_virus/14.jpg,Tomato___Tomato_mosaic_virus,Tomato_Tomato_mosaic_virus,0.8086,Tomato_Tomato_mosaic_virus,True,1.970988084569164,0.2160210038359888,0.5155373807589647,0.3770440439277071,density_score,22.522363905006117,0.1767200219324122,1.2,0.2411383797099385,2.915147613429732,6,14,14.jpg
Tomato___Tomato_mosaic_virus/15.jpg,Tomato___Tomato_mosaic_virus,Tomato_Tomato_mosaic_virus,0.7469,Tomato_Tomato_mosaic_virus,True,1.9555568610257927,0.3054569642966266,0.5466963831192311,0.6586964605008998,outlier_score,23.08487336951533,0.1607445878288463,0.7,0.2486257826105925,2.3944278495735816,3,15,15.jpg
Tomato___Tomato_mosaic_virus/16.jpg,Tomato___Tomato_mosaic_virus,Tomato_Spider_mites Two-spotted_spider_mite,0.5681,Tomato_Tomato_mosaic_virus,False,2.1746321181197823,0.5184320394953221,0.3813242480470392,0.4874813285033505,uncertainty_score,19.46688612247813,0.3875459379350187,0.5,0.2004677872040074,2.575793556676049,3,16,16.jpg
Tomato___Tomato_mosaic_virus/17.jpg,Tomato___Tomato_mosaic_virus,Tomato_Tomato_mosaic_virus,0.7917,Tomato_Tomato_mosaic_virus,True,1.987946709910316,0.2493833104746442,0.303258338446107,0.2425335445461746,density_score,19.57494636163187,0.1942767244753555,1.2,0.2019061461990708,2.891412668249317,6,17,17.jpg
Tomato___Tomato_mosaic_virus/18.jpg,Tomato___Tomato_mosaic_virus,Tomato_Tomato_mosaic_virus,0.6835,Tomato_Tomato_mosaic_virus,True,1.852977010897884,0.3768031929306613,0.355331323548389,0.3696765090898088,uncertainty_score,17.150620762769694,0.0545470700839873,0.5,0.1696366402328242,1.863549100517211,0,18,18.jpg
Tomato___Tomato_mosaic_virus/19.jpg,Tomato___Tomato_mosaic_virus,Tomato_Tomato_mosaic_virus,0.6237,Tomato_Tomato_mosaic_virus,True,2.0519971469856184,0.456682100623011,0.2160058327659467,0.4001340644258984,uncertainty_score,18.109981939998452,0.2605860183511885,0.5,0.1824064229909234,2.2947816711887623,0,19,19.jpg
Tomato___Tomato_mosaic_virus/20.jpg,Tomato___Tomato_mosaic_virus,Tomato_Tomato_mosaic_virus,0.6477,Tomato_Tomato_mosaic_virus,True,1.8918236392517047,0.4215782921740227,0.2118825151500186,0.2345610461483367,uncertainty_score,24.78017391077629,0.094763696436909,0.5,0.271191444152292,2.096314559102256,0,20,20.jpg
Tomato___Tomato_mosaic_virus/21.jpg,Tomato___Tomato_mosaic_virus,Tomato_Tomato_mosaic_virus,0.2337,Tomato_Tomato_mosaic_virus,True,2.43081616367283,0.9331521337941576,0.2064030408826146,0.4198363605928167,uncertainty_score,10.406345968080377,0.6527647863701233,0.5,0.0798655237510374,2.9253278583668023,6,21,21.jpg
Tomato___Tomato_mosaic_virus/22.jpg,Tomato___Tomato_mosaic_virus,Tomato_Tomato_mosaic_virus,0.8446,Tomato_Tomato_mosaic_virus,True,1.8552871176608887,0.1737623924427925,0.2997504606120299,0.2669798722623258,density_score,13.47849599200113,0.0569386470228384,1.2,0.120758035702668,2.495014347599679,3,22,22.jpg
Tomato___Tomato_mosaic_virus/23.jpg,Tomato___Tomato_mosaic_virus,Tomato_Tomato_mosaic_virus,0.7414,Tomato_Tomato_mosaic_virus,True,1.9726905300376807,0.3082057706163984,0.3116938204090416,0.4008583159137333,outlier_score,26.835195815381013,0.1784825072804314,0.7,0.2985452540706187,2.5047828956667906,3,23,23.jpg
Tomato___Tomato_mosaic_virus/24.jpg,Tomato___Tomato_mosaic_virus,Tomato_Tomato_mosaic_virus,0.3662,Tomato_Tomato_mosaic_virus,True,2.323489039548477,0.7635111035149474,0.2074517449429366,0.476511180759353,uncertainty_score,10.798910966109784,0.5416525732552818,0.5,0.0850908443729849,2.7109414130700413,6,24,24.jpg
Tomato___Tomato_mosaic_virus/25.jpg,Tomato___Tomato_mosaic_virus,Tomato_Late_blight,0.3755,Tomato_Tomato_mosaic_virus,False,2.524671150285462,0.7558620326816815,0.3753623234865683,0.5506380283088628,uncertainty_score,32.40994519925254,0.7499297421953681,0.5,0.372749151677278,3.5589832119066536,12,25,25.jpg
Tomato___Tomato_mosaic_virus/26.jpg,Tomato___Tomato_mosaic_virus,Tomato_Tomato_mosaic_virus,0.7857,Tomato_Tomato_mosaic_virus,True,1.8358999575894823,0.252435815557165,0.3868347025058778,0.6905718635137839,outlier_score,39.76821220570889,0.0368677629930961,0.7,0.4706929432115182,2.4797749408034697,3,26,26.jpg
Tomato___Tomato_mosaic_virus/27.jpg,Tomato___Tomato_mosaic_virus,Tomato_Spider_mites Two-spotted_spider_mite,0.3771,Tomato_Tomato_mosaic_virus,False,2.303676775274922,0.7607382081935562,0.3173061464381642,0.4283856818932335,uncertainty_score,22.731698719480896,0.5211415929396238,0.5,0.2439247756659139,2.908170349378118,6,27,27.jpg
Tomato___Tomato_mosaic_virus/28.jpg,Tomato___Tomato_mosaic_virus,Tomato_Leaf_Mold,0.3824,Tomato_Tomato_mosaic_virus,False,2.288334416723907,0.7448688763965987,0.3034871391963084,0.3804195004945387,uncertainty_score,15.884094930784864,0.5052581578162757,0.5,0.1527782764425718,2.739683730296409,6,28,28.jpg
Tomato___Tomato_mosaic_virus/29.jpg,Tomato___Tomato_mosaic_virus,Tomato_Leaf_Mold,0.5339,Tomato_Tomato_mosaic_virus,False,2.0153874823052886,0.5696657990931452,0.2641396447726939,0.412872013317819,uncertainty_score,12.391108459569786,0.2226852463216445,0.5,0.1062841306785722,2.104796688661147,0,29,29.jpg
Tomato___Tomato_mosaic_virus/30.jpg,Tomato___Tomato_mosaic_virus,Tomato_Tomato_mosaic_virus,0.5194,Tomato_Tomato_mosaic_virus,True,2.2579030674947624,0.5869415295644096,0.3634734825008908,0.350542070605716,uncertainty_score,11.7837197437131,0.4737535909278239,0.5,0.0981993528750596,2.5948062111682373,3,30,30.jpg
Tomato___Tomato_mosaic_virus/31.jpg,Tomato___Tomato_mosaic_virus,Tomato_Tomato_mosaic_virus,0.6806,Tomato_Tomato_mosaic_virus,True,1.9919305685779929,0.375310561541968,0.2778379888667536,0.3163673152395806,uncertainty_score,24.99042662152296,0.1984010812669289,0.5,0.2739900579635075,2.3077872494791194,0,31,31.jpg
Tomato___Tomato_mosaic_virus/32.jpg,Tomato___Tomato_mosaic_virus,Tomato_Tomato_mosaic_virus,0.7075,Tomato_Tomato_mosaic_virus,True,1.9661317090471164,0.3455750536072651,0.4579118107308761,0.5707257305277997,outlier_score,18.680195749198838,0.1716923773702952,0.7,0.1899963762243768,2.328379319077156,3,32,32.jpg
Tomato___Tomato_mosaic_virus/33.jpg,Tomato___Tomato_mosaic_virus,Tomato_Tomato_mosaic_virus,0.8569,Tomato_Tomato_mosaic_virus,True,1.988079904645765,0.1722455242671937,0.482656456503087,0.5848880744762825,outlier_score,20.794538369750885,0.1944146165688194,0.7,0.2181397872581985,2.416038914024936,3,33,33.jpg
Tomato___Tomato_mosaic_virus/34.jpg,Tomato___Tomato_mosaic_virus,Tomato_Tomato_mosaic_virus,0.5041,Tomato_Tomato_mosaic_virus,True,2.2967672444584286,0.5993374637842921,0.3296481428747655,0.4799282803043361,uncertainty_score,14.098525796643882,0.5139883847746846,0.5,0.1290110754303187,2.721493382694847,6,34,34.jpg
Tomato___Tomato_mosaic_virus/35.jpg,Tomato___Tomato_mosaic_virus,Tomato_Leaf_Mold,0.3872,Tomato_Tomato_mosaic_virus,False,2.4201809806139147,0.7401025053522289,0.35232990399838,0.6488696853576881,uncertainty_score,12.172832898697886,0.641754533964698,0.5,0.1033787269996491,2.9385771584288696,6,35,35.jpg
Tomato___Tomato_mosaic_virus/36.jpg,Tomato___Tomato_mosaic_virus,Tomato_Tomato_mosaic_virus,0.6504,Tomato_Tomato_mosaic_virus,True,1.875961475944802,0.4176183854354054,0.1983265400789612,0.2923061818324999,uncertainty_score,27.311108726086687,0.0783421246842092,0.5,0.304879994964597,2.114004241815314,0,36,36.jpg
Tomato___Tomato_mosaic_virus/37.jpg,Tomato___Tomato_mosaic_virus,Tomato_Septoria_leaf_spot,0.3838,Tomato_Tomato_mosaic_virus,False,2.279422387511717,0.7564958837733752,0.2812589686641911,0.4500117223031161,uncertainty_score,10.385312322301733,0.4960318294562315,0.5,0.079585550896622,2.611441985257396,3,37,37.jpg
Tomato___Tomato_mosaic_virus/38.jpg,Tomato___Tomato_mosaic_virus,Tomato_Tomato_mosaic_virus,0.3899,Tomato_Tomato_mosaic_virus,True,2.417570596826608,0.7391327383054364,0.3658492723569417,0.3910894762441849,uncertainty_score,14.542361171241758,0.6390520901784404,0.5,0.1349188413984459,2.9804824424545497,6,38,38.jpg
Tomato___Tomato_mosaic_virus/39.jpg,Tomato___Tomato_mosaic_virus,Tomato_Tomato_mosaic_virus,0.6349,Tomato_Tomato_mosaic_virus,True,1.997164736844037,0.4341534160531914,0.1660044983365435,0.2296436762532653,uncertainty_score,16.492371968262297,0.2038198421309748,0.5,0.160874878441586,2.1489520019243287,0,39,39.jpg
Tomato___Tomato_mosaic_virus/40.jpg,Tomato___Tomato_mosaic_virus,Tomato_Leaf_Mold,0.3495,Tomato_Tomato_mosaic_virus,False,2.358974162231436,0.7899021565346184,0.2532292212959252,0.389155411309119,uncertainty_score,20.78878652774413,0.5783891442397701,0.5,0.2180632261312438,2.983873127676405,6,40,40.jpg
Tomato___Tomato_mosaic_virus/41.jpg,Tomato___Tomato_mosaic_virus,Tomato_Tomato_mosaic_virus,0.305,Tomato_Tomato_mosaic_virus,True,2.350219202982484,0.8485442447347983,0.3807970640706886,0.4520737080079518,uncertainty_score,15.069895307884511,0.5693254252049228,0.5,0.1419406976943913,2.851561896951433,6,41,41.jpg
Tomato___Tomato_mosaic_virus/42.jpg,Tomato___Tomato_mosaic_virus,Tomato_Tomato_mosaic_virus,0.4823,Tomato_Tomato_mosaic_virus,True,2.29840619649978,0.6278972658761485,0.1848321887932182,0.2706197863204059,uncertainty_score,21.132873909654865,0.5156851374827199,0.5,0.2226432750441002,2.86533518753159,6,42,42.jpg
Tomato___Tomato_mosaic_virus/43.jpg,Tomato___Tomato_mosaic_virus,Tomato_Tomato_mosaic_virus,0.6838,Tomato_Tomato_mosaic_virus,True,1.842815075179196,0.380528121064524,0.1888218030439404,0.1945068522213975,uncertainty_score,26.84192848932709,0.0440267549591178,0.5,0.2986348707715164,2.0360058160755106,0,43,43.jpg
Tomato___Tomato_mosaic_virus/44.jpg,Tomato___Tomato_mosaic_virus,Tomato_Tomato_mosaic_virus,0.8674,Tomato_Tomato_mosaic_virus,True,1.9243707302986264,0.1513831926897712,0.41098143558705,0.4460255341715407,outlier_score,19.253905009354668,0.128458620680697,0.7,0.1976328564076404,2.253366525972855,0,44,44.jpg
Tomato___Tomato_mosaic_virus/45.jpg,Tomato___Tomato_mosaic_virus,Tomato_Tomato_mosaic_virus,0.6546,Tomato_Tomato_mosaic_virus,True,1.826970785356146,0.4119755737523578,0.2745583889372519,0.263316325169004,uncertainty_score,34.517169576948035,0.0276236870316453,0.5,0.4007978138125042,2.1564440947820467,0,45,45.jpg
Tomato___Tomato_mosaic_virus/46.jpg,Tomato___Tomato_mosaic_virus,Tomato_Tomato_mosaic_virus,0.5563,Tomato_Tomato_mosaic_virus,True,2.237308393035872,0.5431800157051424,0.288940820537083,0.4550446901654409,uncertainty_score,33.88178516060801,0.4524326072885372,0.5,0.3923403932318827,2.9933758044248986,6,46,46.jpg
Tomato___Tomato_mosaic_virus/47.jpg,Tomato___Tomato_mosaic_virus,Tomato_Spider_mites Two-spotted_spider_mite,0.451,Tomato_Tomato_mosaic_virus,False,2.193630073817856,0.6629313196701403,0.4329024985635149,0.6967757976823012,outlier_score,16.030304813627215,0.4072138915813393,0.7,0.1547244344540699,2.7465144348437835,6,47,47.jpg
Tomato___Tomato_mosaic_virus/48.jpg,Tomato___Tomato_mosaic_virus,Tomato_Leaf_Mold,0.4214,Tomato_Tomato_mosaic_virus,False,2.228533802897716,0.6957018940236148,0.3570393699004509,0.5431305114633196,uncertainty_score,14.215888429846714,0.4433485650449703,0.5,0.1305732559369844,2.5825570139954173,3,48,48.jpg
Tomato___Tomato_mosaic_virus/49.jpg,Tomato___Tomato_mosaic_virus,Tomato_Tomato_mosaic_virus,0.641,Tomato_Tomato_mosaic_virus,True,1.8828268854451005,0.4334517315152196,0.3457148737083911,0.3383967487487945,uncertainty_score,19.459108806540936,0.0854496555133589,0.5,0.2003642655717835,1.971445709384393,0,49,49.jpg
Tomato___Tomato_mosaic_virus/50.jpg,Tomato___Tomato_mosaic_virus,Tomato_Tomato_mosaic_virus,0.5572,Tomato_Tomato_mosaic_virus,True,2.1898763194167614,0.5371788247035224,0.3565457314923598,0.462737710711423,uncertainty_score,21.404583832082487,0.4033277541077223,0.5,0.2262599282556084,2.646045400598857,3,50,50.jpg
Tomato___Tomato_mosaic_virus/51.jpg,Tomato___Tomato_mosaic_virus,Tomato_Tomato_mosaic_virus,0.4833,Tomato_Tomato_mosaic_virus,True,2.1312369250819128,0.6215866863782682,0.2425464234387516,0.4455792775717216,uncertainty_score,25.001895041761014,0.3426203333749189,0.5,0.2741427108313686,2.596454732996891,3,51,51.jpg
Tomato___Tomato_mosaic_virus/52.jpg,Tomato___Tomato_mosaic_virus,Tomato_Tomato_mosaic_virus,0.5375,Tomato_Tomato_mosaic_virus,True,2.03048663711405,0.5587564370652296,0.327777809364424,0.4677804575858467,uncertainty_score,22.87613101319007,0.2383169006741942,0.5,0.2458472726959144,2.3454047103922604,3,52,52.jpg
Tomato___Tomato_mosaic_virus/53.jpg,Tomato___Tomato_mosaic_virus,Tomato_Tomato_mosaic_virus,0.7513,Tomato_Tomato_mosaic_virus,True,1.9107441542017096,0.2975117317501983,0.2729246009418735,0.3750648552910074,outlier_score,22.14210997115058,0.1143514782443456,0.7,0.2360769281487295,2.282818348711785,0,53,53.jpg
Tomato___Tomato_mosaic_virus/54.jpg,Tomato___Tomato_mosaic_virus,Tomato_Tomato_mosaic_virus,0.3795,Tomato_Tomato_mosaic_virus,True,2.3414715202010843,0.7568201246908794,0.2740056965824364,0.3651944072238209,uncertainty_score,38.8806267304719,0.560269239255677,0.5,0.4588785463325855,3.308856298010232,12,54,54.jpg
Tomato___Tomato_mosaic_virus/55.jpg,Tomato___Tomato_mosaic_virus,Tomato_Spider_mites Two-spotted_spider_mite,0.2908,Tomato_Tomato_mosaic_virus,False,2.389484475059648,0.8643458169781205,0.2270061529905717,0.4916214152347927,uncertainty_score,21.347839769765475,0.6099754595242538,0.5,0.2255046242410209,3.0582078554100387,6,55,55.jpg
Tomato___Tomato_mosaic_virus/56.jpg,Tomato___Tomato_mosaic_virus,Tomato_Tomato_mosaic_virus,0.3996,Tomato_Tomato_mosaic_virus,True,2.193107259305118,0.7274154341189082,0.2877335076572124,0.5006725404858965,uncertainty_score,16.509574272725626,0.4066726390505108,0.5,0.161103853405499,2.55500105820927,3,56,56.jpg
Tomato___Tomato_mosaic_virus/57.jpg,Tomato___Tomato_mosaic_virus,Tomato_Tomato_mosaic_virus,0.5702,Tomato_Tomato_mosaic_virus,True,2.1478586772910884,0.5246012623671346,0.2899652550510143,0.4075327850889034,uncertainty_score,40.18101069801687,0.3598282823335451,0.5,0.4761875860996855,2.933937943816618,6,57,57.jpg
Tomato___Tomato_mosaic_virus/58.jpg,Tomato___Tomato_mosaic_virus,Tomato_Leaf_Mold,0.7245,Tomato_Tomato_mosaic_virus,False,1.834386346749968,0.3246415634146292,0.2858955992458415,0.4655269124778674,outlier_score,10.126876769108083,0.0353007718755646,0.7,0.0761455890245093,1.8848199272878932,0,58,58.jpg
Tomato___Tomato_mosaic_virus/59.jpg,Tomato___Tomato_mosaic_virus,Tomato_Tomato_mosaic_virus,0.8391,Tomato_Tomato_mosaic_virus,True,1.8072390716943751,0.1778467343922297,0.4356440959455121,0.5767631769511545,outlier_score,25.489152233401025,0.0071960980936664,0.7,0.2806284522103746,2.135334874502895,0,59,59.jpg
Tomato___Tomato_mosaic_virus/60.jpg,Tomato___Tomato_mosaic_virus,Tomato_Leaf_Mold,0.3139,Tomato_Tomato_mosaic_virus,False,2.366884576755941,0.8335819451307224,0.1802191806891138,0.323804514903609,uncertainty_score,13.485655689389189,0.5865785341227518,0.5,0.1208533363906981,2.854437072831551,6,60,60.jpg
Tomato___Tomato_mosaic_virus/61.jpg,Tomato___Tomato_mosaic_virus,Tomato_Tomato_mosaic_virus,0.6486,Tomato_Tomato_mosaic_virus,True,2.008452491899615,0.4187125876930178,0.2756105540234126,0.1865601883283741,uncertainty_score,11.868831651544944,0.2155056806881538,0.5,0.0993322531830328,2.0800097411508567,0,61,61.jpg
Tomato___Tomato_mosaic_virus/62.jpg,Tomato___Tomato_mosaic_virus,Tomato_Tomato_mosaic_virus,0.7879,Tomato_Tomato_mosaic_virus,True,1.956511676228972,0.2446386638673177,0.4269781331074451,0.4435596310006915,outlier_score,18.410566978259705,0.1617330763512633,0.7,0.1864074246262188,2.3030772896418554,0,62,62.jpg
Tomato___Tomato_mosaic_virus/63.jpg,Tomato___Tomato_mosaic_virus,Tomato_Septoria_leaf_spot,0.4363,Tomato_Tomato_mosaic_virus,False,2.2665961046291168,0.693974727386025,0.4344274223210412,0.6476378041262645,uncertainty_score,18.158001581211327,0.4827532040504905,0.5,0.1830455987267829,2.7400748061911555,6,63,63.jpg
Tomato___Tomato_mosaic_virus/64.jpg,Tomato___Tomato_mosaic_virus,Tomato_Tomato_mosaic_virus,0.6432,Tomato_Tomato_mosaic_virus,True,1.9530261173975028,0.4329610104730259,0.1940778216037025,0.2658740219796677,uncertainty_score,16.264075669070362,0.1581245928587046,0.5,0.1578360915755381,2.0530033230807163,0,64,64.jpg
Tomato___Tomato_mosaic_virus/65.jpg,Tomato___Tomato_mosaic_virus,Tomato_Tomato_mosaic_virus,0.4642,Tomato_Tomato_mosaic_virus,True,2.023051442393193,0.6470502389429451,0.0520665229919858,0.2664893935118285,uncertainty_score,13.07803653940918,0.2306194900977491,0.5,0.1154276342496945,2.13438043157004,0,65,65.jpg
Tomato___Tomato_mosaic_virus/66.jpg,Tomato___Tomato_mosaic_virus,Tomato_Leaf_Mold,0.4814,Tomato_Tomato_mosaic_virus,False,1.985368373013212,0.6285555015400336,0.0700159482319552,0.2514511619252656,uncertainty_score,14.961321553142,0.191607457771992,0.5,0.1404955034399209,2.093958170703865,0,66,66.jpg
Tomato___Tomato_mosaic_virus/67.jpg,Tomato___Tomato_mosaic_virus,Tomato_Tomato_mosaic_virus,0.7716,Tomato_Tomato_mosaic_virus,True,1.9284540893579016,0.2675317130597932,0.263973579299021,0.3929772847297091,outlier_score,29.97783786712761,0.1326859869287009,0.7,0.3403760652810479,2.475936071778974,3,67,67.jpg
Tomato___Tomato_mosaic_virus/68.jpg,Tomato___Tomato_mosaic_virus,Tomato_Leaf_Mold,0.6366,Tomato_Tomato_mosaic_virus,False,1.9031399674117544,0.4427842245414167,0.2132001355294557,0.2685943776869364,uncertainty_score,22.15494222467216,0.1064791157817903,0.5,0.2362477346120897,2.067329833481715,0,68,68.jpg
Tomato___Tomato_mosaic_virus/69.jpg,Tomato___Tomato_mosaic_virus,Tomato_Tomato_mosaic_virus,0.5572,Tomato_Tomato_mosaic_virus,True,2.271648109633369,0.5410642476579912,0.3113156967500591,0.5875552331851919,outlier_score,39.00752553960693,0.4879833773293285,0.7,0.4605676601547612,3.366818244890799,12,69,69.jpg
Tomato___Tomato_mosaic_virus/70.jpg,Tomato___Tomato_mosaic_virus,Tomato_Tomato_mosaic_virus,0.7466,Tomato_Tomato_mosaic_virus,True,1.86129623125565,0.2997259247978315,0.1544765356772068,0.3438104793081586,outlier_score,23.518220523184944,0.0631596830919574,0.7,0.2543939428640505,2.2079102804799904,0,70,70.jpg
Tomato___Tomato_mosaic_virus/71.jpg,Tomato___Tomato_mosaic_virus,Tomato_Tomato_mosaic_virus,0.5519,Tomato_Tomato_mosaic_virus,True,2.0232932180591563,0.5417721391779754,0.2384053302968449,0.3385632269770037,uncertainty_score,27.294180607747656,0.2308697924285129,0.5,0.3046546696139118,2.4187215892778937,3,71,71.jpg
Tomato___Tomato_mosaic_virus/72.jpg,Tomato___Tomato_mosaic_virus,Tomato_Tomato_mosaic_virus,0.3516,Tomato_Tomato_mosaic_virus,True,2.4112903754565167,0.7969082135884581,0.2564262078725786,0.3414491974060133,uncertainty_score,18.55571716767153,0.6325503852182528,0.5,0.1883394773609773,3.047609986477972,6,72,72.jpg
Tomato___Tomato_mosaic_virus/73.jpg,Tomato___Tomato_mosaic_virus,Tomato_Tomato_mosaic_virus,0.6884,Tomato_Tomato_mosaic_virus,True,2.100801248308935,0.3750208284887469,0.3426925739671704,0.4312082040073371,outlier_score,27.741531781998702,0.3111112863238184,0.7,0.3106092333875555,2.78813642272897,6,73,73.jpg
Tomato___Tomato_mosaic_virus/74.jpg,Tomato___Tomato_mosaic_virus,Tomato_Tomato_mosaic_virus,0.5416,Tomato_Tomato_mosaic_virus,True,2.149957486755796,0.5537338802275628,0.2720404756842076,0.2503582074714586,uncertainty_score,14.702100663825462,0.3620011101851496,0.5,0.1370450881828689,2.429569852644603,3,74,74.jpg
Tomato___Tomato_mosaic_virus/75.jpg,Tomato___Tomato_mosaic_virus,Tomato_Tomato_mosaic_virus,0.5558,Tomato_Tomato_mosaic_virus,True,2.249535148597227,0.5378505088284344,0.3387735952584337,0.3937103856388538,uncertainty_score,31.88281786109498,0.4650905619362577,0.5,0.3657327101598389,2.978780189112274,6,75,75.jpg
Tomato___Tomato_mosaic_virus/76.jpg,Tomato___Tomato_mosaic_virus,Tomato_Tomato_mosaic_virus,0.9428,Tomato_Tomato_mosaic_virus,True,1.8300539495417727,0.0551886416367161,0.5902448997685049,0.7629442489518845,outlier_score,14.134534502354894,0.0308155846889837,0.7,0.1294903770325142,1.955866734926739,0,76,76.jpg
Tomato___Tomato_mosaic_virus/77.jpg,Tomato___Tomato_mosaic_virus,Tomato_Leaf_Mold,0.6409,Tomato_Tomato_mosaic_virus,False,2.0355152723346253,0.4245925947601101,0.1856495907187106,0.5069086316296556,outlier_score,38.03699214731667,0.2435228799908295,0.7,0.4476491672313473,2.85851951082868,6,77,77.jpg
Tomato___Tomato_mosaic_virus/78.jpg,Tomato___Tomato_mosaic_virus,Tomato_Tomato_mosaic_virus,0.5974,Tomato_Tomato_mosaic_virus,True,2.1006495593674863,0.4848592866093895,0.2568956462013015,0.3664712383708198,uncertainty_score,22.59120086091361,0.3109542477920687,0.5,0.2420546487789108,2.484990468752504,3,78,78.jpg
Tomato___Tomato_mosaic_virus/79.jpg,Tomato___Tomato_mosaic_virus,Tomato_Tomato_mosaic_virus,0.5572,Tomato_Tomato_mosaic_virus,True,2.031735456732518,0.5307939830994225,0.1147355776051243,0.301155368861756,uncertainty_score,18.85638742555757,0.2396097622198778,0.5,0.1923416133303703,2.2677319444353112,0,79,79.jpg
Tomato___Tomato_mosaic_virus/80.jpg,Tomato___Tomato_mosaic_virus,Tomato_Tomato_mosaic_virus,0.6967,Tomato_Tomato_mosaic_virus,True,1.9084704710934968,0.3604891013154589,0.2632523783125355,0.559697632532548,outlier_score,16.1739743794122,0.1119976095076537,0.7,0.15663677903041,2.158950387560923,0,80,80.jpg
Tomato___Tomato_mosaic_virus/81.jpg,Tomato___Tomato_mosaic_virus,Tomato_Tomato_mosaic_virus,0.6859,Tomato_Tomato_mosaic_virus,True,1.9250049938635283,0.3757493360561295,0.2469767537900311,0.3568764946044179,uncertainty_score,15.63236491818353,0.1291152527200751,0.5,0.1494275701070307,1.9823718606006964,0,81,81.jpg
Tomato___Tomato_mosaic_virus/82.jpg,Tomato___Tomato_mosaic_virus,Tomato_Tomato_mosaic_virus,0.5297,Tomato_Tomato_mosaic_virus,True,1.9125270205183773,0.5651477812219139,0.0603501296107408,0.3593743408036795,uncertainty_score,14.529913206368242,0.1161972206300572,0.5,0.134753150091576,1.9345241663974784,0,82,82.jpg
Tomato___Tomato_mosaic_virus/83.jpg,Tomato___Tomato_mosaic_virus,Tomato_Tomato_mosaic_virus,0.3644,Tomato_Tomato_mosaic_virus,True,2.234234062437482,0.7759327523745956,0.1467183355107038,0.3529685607515094,uncertainty_score,15.956879192993249,0.4492498547511825,0.5,0.1537470869788647,2.629120339970662,3,83,83.jpg
Tomato___Tomato_mosaic_virus/84.jpg,Tomato___Tomato_mosaic_virus,Tomato_Tomato_mosaic_virus,0.4565,Tomato_Tomato_mosaic_virus,True,2.138903684191547,0.6541913717481973,0.2549429938677324,0.428120894319811,uncertainty_score,19.493576994988423,0.3505574748854174,0.5,0.2008230617884608,2.5023495424535263,3,84,84.jpg
Tomato___Tomato_mosaic_virus/85.jpg,Tomato___Tomato_mosaic_virus,Tomato_Leaf_Mold,0.4859,Tomato_Tomato_mosaic_virus,False,2.197919199574746,0.6227830082685128,0.2090636816182571,0.4343608607199955,uncertainty_score,20.34530653888593,0.4116542812690731,0.5,0.2121601906012443,2.6415488484400127,3,85,85.jpg
Tomato___Tomato_mosaic_virus/86.jpg,Tomato___Tomato_mosaic_virus,Tomato_Tomato_mosaic_virus,0.5433,Tomato_Tomato_mosaic_virus,True,2.017827316661508,0.5524763013362672,0.0666040551161906,0.2057090643910543,uncertainty_score,18.82467826070784,0.2252111259365596,0.5,0.1919195416891751,2.238301564406882,0,86,86.jpg
Tomato___Tomato_mosaic_virus/87.jpg,Tomato___Tomato_mosaic_virus,Tomato_Tomato_mosaic_virus,0.645,Tomato_Tomato_mosaic_virus,True,2.117761010548897,0.4223951014497958,0.2110205564978051,0.347613413678528,uncertainty_score,20.23020900042339,0.3286691658604054,0.5,0.2106281601240426,2.473280571906875,3,87,87.jpg
Tomato___Tomato_mosaic_virus/88.jpg,Tomato___Tomato_mosaic_virus,Tomato_Tomato_mosaic_virus,0.5191,Tomato_Tomato_mosaic_virus,True,2.077147817666665,0.5815948795945245,0.1717656500427202,0.3065988798692462,uncertainty_score,29.48926781042922,0.2866236738226589,0.5,0.3338728487300377,2.574056620740375,3,88,88.jpg
Tomato___Tomato_mosaic_virus/89.jpg,Tomato___Tomato_mosaic_virus,Tomato_Tomato_mosaic_virus,0.6267,Tomato_Tomato_mosaic_virus,True,2.1008705277552613,0.4506526826317634,0.2861100689055311,0.2935201234088077,uncertainty_score,17.609634387166498,0.3111830090376011,0.5,0.1757464395510399,2.385985677401762,3,89,89.jpg
Tomato___Tomato_mosaic_virus/90.jpg,Tomato___Tomato_mosaic_virus,Tomato_Tomato_mosaic_virus,0.5284,Tomato_Tomato_mosaic_virus,True,2.150020367280012,0.5792394777061094,0.261921242377141,0.3177685512620523,uncertainty_score,33.49576834237531,0.3620662083070313,0.5,0.3872022335618788,2.804935766956881,6,90,90.jpg
Tomato___Tomato_mosaic_virus/91.jpg,Tomato___Tomato_mosaic_virus,Tomato_Tomato_mosaic_virus,0.5402,Tomato_Tomato_mosaic_virus,True,2.020932774483331,0.5647769140466737,0.3381304681167508,0.3947632790492724,uncertainty_score,16.583512655721066,0.2284261034562939,0.5,0.1620880261141177,2.1999842460837646,0,91,91.jpg
Tomato___Tomato_mosaic_virus/92.jpg,Tomato___Tomato_mosaic_virus,Tomato_Leaf_Mold,0.6814,Tomato_Tomato_mosaic_virus,False,1.8190120093086155,0.379440421359496,0.2811346950603861,0.4175497664603159,outlier_score,21.37939431197163,0.0193842300673283,0.7,0.2259246377443481,2.077655416751179,0,92,92.jpg
Tomato___Tomato_mosaic_virus/93.jpg,Tomato___Tomato_mosaic_virus,Tomato_Leaf_Mold,0.4718,Tomato_Tomato_mosaic_virus,False,1.9972448970382872,0.6425597830275546,0.0739309133303243,0.2990301555556656,uncertainty_score,12.82946902859727,0.2039028293223257,0.5,0.1121190230726626,2.0759841932536456,0,93,93.jpg
Tomato___Tomato_mosaic_virus/94.jpg,Tomato___Tomato_mosaic_virus,Tomato_Tomato_mosaic_virus,0.5456,Tomato_Tomato_mosaic_virus,True,2.251048673528468,0.5511870963937656,0.3796780110065402,0.3477102798767762,uncertainty_score,21.75863147058871,0.4666574641158023,0.5,0.2309725553006202,2.779773761182535,6,94,94.jpg
Tomato___Tomato_mosaic_virus/95.jpg,Tomato___Tomato_mosaic_virus,Tomato_Tomato_mosaic_virus,0.6224,Tomato_Tomato_mosaic_virus,True,1.930979623760665,0.4521120623311045,0.3734884412196427,0.5034787035204167,outlier_score,37.78444773023455,0.1353005889603696,0.7,0.4442876205902531,2.637032608806119,3,95,95.jpg
Tomato___Tomato_mosaic_virus/96.jpg,Tomato___Tomato_mosaic_virus,Tomato_Tomato_mosaic_virus,0.8915,Tomato_Tomato_mosaic_virus,True,1.89365962616678,0.1203239719482837,0.7349935996978697,0.8556134240299818,outlier_score,14.013603889638953,0.0966644328169087,0.7,0.1278807041691124,2.0851499218874863,0,96,96.jpg
Tomato___Tomato_mosaic_virus/97.jpg,Tomato___Tomato_mosaic_virus,Tomato_Tomato_mosaic_virus,0.841,Tomato_Tomato_mosaic_virus,True,1.834482666281196,0.1791545602807684,0.5241876632964938,0.6203468687094968,outlier_score,34.03972382943555,0.0354004882927168,0.7,0.3944426697653745,2.3624649812334955,3,97,97.jpg
Tomato___Tomato_mosaic_virus/98.jpg,Tomato___Tomato_mosaic_virus,Tomato_Tomato_mosaic_virus,0.3779,Tomato_Tomato_mosaic_virus,True,2.5166133720513884,0.7615908554011864,0.5736285459756445,0.6049206020625038,uncertainty_score,17.59747232461121,0.7415877915497963,0.5,0.1755845538083105,3.2465524138120587,12,98,98.jpg
Tomato___Tomato_mosaic_virus/99.jpg,Tomato___Tomato_mosaic_virus,Tomato_Tomato_mosaic_virus,0.6599,Tomato_Tomato_mosaic_virus,True,2.131724061861145,0.4099120478038108,0.5272367977107418,0.6610899180852081,outlier_score,12.976394139761316,0.3431246499311642,0.7,0.1140747012841722,2.5573613517885865,3,99,99.jpg
Tomato___Tomato_mosaic_virus/100.jpg,Tomato___Tomato_mosaic_virus,Tomato_Tomato_mosaic_virus,0.323,Tomato_Tomato_mosaic_virus,True,2.225886750323081,0.8302382291421205,0.1867997588070017,0.4011213426055232,uncertainty_score,22.57516241712915,0.440608159278966,0.5,0.2418411656322432,2.743978067006297,6,100,100.jpg
Tomato___Tomato_mosaic_virus/101.jpg,Tomato___Tomato_mosaic_virus,Tomato_Tomato_mosaic_virus,0.5413,Tomato_Tomato_mosaic_virus,True,1.9554364228066508,0.556763626376038,0.2596538260692729,0.3166605302961864,uncertainty_score,17.12058801985288,0.1606199021337655,0.5,0.1692368829654044,2.075095128715638,0,101,101.jpg
Tomato___Tomato_mosaic_virus/102.jpg,Tomato___Tomato_mosaic_virus,Tomato_Tomato_mosaic_virus,0.4229,Tomato_Tomato_mosaic_virus,True,2.155846571981392,0.7082164998281627,0.218352154042333,0.3275200846640546,uncertainty_score,8.571501794044512,0.3680978848632799,0.5,0.0554424367494514,2.3193594248507368,3,102,102.jpg
Tomato___Tomato_mosaic_virus/103.jpg,Tomato___Tomato_mosaic_virus,Tomato_Late_blight,0.8169,Tomato_Tomato_mosaic_virus,False,2.079627779322977,0.2072107840105483,0.5960565014160738,0.919312789404974,outlier_score,27.511767415989382,0.2891910959009168,0.7,0.3075509055031951,2.7397085500566263,6,103,103.jpg
Tomato___Tomato_mosaic_virus/104.jpg,Tomato___Tomato_mosaic_virus,Tomato_Tomato_mosaic_virus,0.5274,Tomato_Tomato_mosaic_virus,True,2.075564988631533,0.5668204150889664,0.1451731213220798,0.1480714657804139,uncertainty_score,22.040286020793523,0.2849850234021727,0.5,0.234721578613545,2.422052414724663,3,104,104.jpg
Tomato___Tomato_mosaic_virus/105.jpg,Tomato___Tomato_mosaic_virus,Tomato_Tomato_mosaic_virus,0.4762,Tomato_Tomato_mosaic_virus,True,2.170294416188616,0.6366054399615995,0.1613220129797345,0.3162362403913911,uncertainty_score,23.09868141865746,0.383055258944627,0.5,0.2488095776108942,2.639324884305595,3,105,105.jpg
Tomato___Tomato_mosaic_virus/106.jpg,Tomato___Tomato_mosaic_virus,Tomato_Tomato_mosaic_virus,0.4309,Tomato_Tomato_mosaic_virus,True,2.3026505408403475,0.6885449481927597,0.374430188785689,0.540811990685915,uncertainty_score,14.887643686001068,0.5200791664548882,0.5,0.1395147983834711,2.749430530484983,6,106,106.jpg
Tomato___Tomato_mosaic_virus/107.jpg,Tomato___Tomato_mosaic_virus,Tomato_Tomato_mosaic_virus,0.7077,Tomato_Tomato_mosaic_virus,True,2.1532360068109666,0.3465444511908427,0.582755066721746,0.6408717799928707,outlier_score,21.63936024261265,0.3653952532970935,0.7,0.2293849700337808,2.7748679616448584,6,107,107.jpg
Tomato___Tomato_mosaic_virus/108.jpg,Tomato___Tomato_mosaic_virus,Tomato_Tomato_mosaic_virus,0.8411,Tomato_Tomato_mosaic_virus,True,1.8171505880881804,0.1824871184802766,0.4029403742483677,0.4906562611233838,outlier_score,14.304304414761376,0.0174571623942783,0.7,0.1317501358717813,1.9325395285962288,0,108,108.jpg
Tomato___Tomato_mosaic_virus/109.jpg,Tomato___Tomato_mosaic_virus,Tomato_Tomato_mosaic_virus,0.4176,Tomato_Tomato_mosaic_virus,True,2.20584791312628,0.7061860777836818,0.2268268083677006,0.1990307271067888,uncertainty_score,26.568428410288195,0.4198626155280237,0.5,0.2949943892963974,2.782216815000644,6,109,109.jpg
Tomato___Tomato_mosaic_virus/110.jpg,Tomato___Tomato_mosaic_virus,Tomato_Tomato_mosaic_virus,0.5803,Tomato_Tomato_mosaic_virus,True,2.091254286526598,0.5077532225135809,0.266857439413147,0.3139066777187536,uncertainty_score,35.83330298295415,0.301227633325447,0.5,0.4183164898589165,2.729930001439269,6,110,110.jpg
Tomato___Tomato_mosaic_virus/111.jpg,Tomato___Tomato_mosaic_virus,Tomato_Tomato_mosaic_virus,0.6331,Tomato_Tomato_mosaic_virus,True,2.0606400398385025,0.4340962231475059,0.3046897198061977,0.4991196733669493,outlier_score,17.66724259167148,0.2695337187618109,0.7,0.176513245915602,2.5038373063970254,3,111,111.jpg
Tomato___Tomato_mosaic_virus/112.jpg,Tomato___Tomato_mosaic_virus,Tomato_Leaf_Mold,0.4156,Tomato_Tomato_mosaic_virus,False,2.51795781097458,0.7129330672311474,0.6956673888719754,0.9081560162671136,outlier_score,24.255738154632585,0.7429796445913487,0.7,0.2642108295146644,3.5822755334546943,12,112,112.jpg
Tomato___Tomato_mosaic_virus/113.jpg,Tomato___Tomato_mosaic_virus,Tomato_Tomato_mosaic_virus,0.4478,Tomato_Tomato_mosaic_virus,True,2.296856214484974,0.6636749013366958,0.3158583614732085,0.3453068163869067,uncertainty_score,23.926898819890745,0.5140804924933157,0.5,0.259833743004763,2.917911599493776,6,113,113.jpg
Tomato___Tomato_mosaic_virus/114.jpg,Tomato___Tomato_mosaic_virus,Tomato_Tomato_mosaic_virus,0.7976,Tomato_Tomato_mosaic_virus,True,1.8075939621715271,0.237583763776452,0.253440175433688,0.2843388307873878,outlier_score,21.881303745135728,0.0075635044380687,0.7,0.2326054109274576,2.064035125267324,0,114,114.jpg
Tomato___Tomato_mosaic_virus/115.jpg,Tomato___Tomato_mosaic_virus,Tomato_Tomato_mosaic_virus,0.6829,Tomato_Tomato_mosaic_virus,True,1.940749922133492,0.3784975512347571,0.2387454804701292,0.29861844579206,uncertainty_score,23.62179716099866,0.1454154549260256,0.5,0.2557726219216252,2.174489842734489,0,115,115.jpg
Tomato___Tomato_mosaic_virus/116.jpg,Tomato___Tomato_mosaic_virus,Tomato_Spider_mites Two-spotted_spider_mite,0.3692,Tomato_Tomato_mosaic_virus,False,2.234596919941441,0.7662284315687993,0.423722855432958,0.624015485336016,uncertainty_score,19.42431726379634,0.4496255090942868,0.5,0.1999011652783664,2.6991027661061238,3,116,116.jpg
Tomato___Tomato_mosaic_virus/117.jpg,Tomato___Tomato_mosaic_virus,Tomato_Tomato_mosaic_virus,0.8251,Tomato_Tomato_mosaic_virus,True,1.8682197754278744,0.1990785291846752,0.4600444741710979,0.4428447047343549,density_score,31.608397356388554,0.0703273988194643,1.2,0.3620799771614163,2.8837747633810533,6,117,117.jpg
Tomato___healthy/1.jpg,Tomato___healthy,Tomato_healthy,0.7106,Tomato_healthy,True,1.823364850198468,0.3460218085268711,0.4152718159336565,0.6463154967175533,outlier_score,14.531492343906695,0.0238905819197073,0.7,0.1347741695405488,1.949942418150238,0,1,1.jpg
Tomato___healthy/2.jpg,Tomato___healthy,Tomato_healthy,0.3622,Tomato_healthy,True,2.468763799085342,0.7844528696835998,0.4771525676165454,0.5675574578767209,uncertainty_score,21.927244353678176,0.6920507151375241,0.5,0.2332169132529494,3.2339268001544723,12,2,2.jpg
Tomato___healthy/3.jpg,Tomato___healthy,Tomato_Late_blight,0.3819,Tomato_healthy,False,2.435045752559767,0.7550266763525144,0.3622318078858726,0.7319934361301184,uncertainty_score,16.685810938877015,0.6571435395103733,0.5,0.1634496893577789,3.0594616130574157,6,3,3.jpg
Tomato___healthy/4.jpg,Tomato___healthy,Tomato_healthy,0.7246,Tomato_healthy,True,1.905344223097939,0.3300918847626498,0.573311791350631,0.8201265263962425,outlier_score,28.02725792752236,0.1087611086103615,0.7,0.3144124525434376,2.3891408960358795,3,4,4.jpg
Tomato___healthy/5.jpg,Tomato___healthy,Tomato_healthy,0.7959,Tomato_healthy,True,1.84889467988598,0.2298152824320906,0.4496638026777264,0.5328395623625479,outlier_score,19.66897490349292,0.0503207681393414,0.7,0.2031577332771459,2.105378136194401,0,5,5.jpg
Tomato___healthy/6.jpg,Tomato___healthy,Tomato_healthy,0.4907,Tomato_healthy,True,2.209325523015776,0.6121661872142525,0.3271751860564481,0.3940231119181562,uncertainty_score,20.040812215366884,0.4234628697445091,0.5,0.208107153585879,2.659086469867837,3,6,6.jpg
Tomato___healthy/7.jpg,Tomato___healthy,Tomato_healthy,0.3815,Tomato_healthy,True,2.5210621684654697,0.7550970221486547,0.400133785996301,0.5168664125677418,uncertainty_score,25.57334508719336,0.74619348297495,0.5,0.2817491192523933,3.4150106448284903,12,7,7.jpg
Tomato___healthy/8.jpg,Tomato___healthy,Tomato_healthy,0.6866,Tomato_healthy,True,2.201304633841036,0.3796504981435582,0.5067775303005752,0.6922232273201419,outlier_score,37.65061886605397,0.4151591091189882,0.7,0.4425062627837117,3.194077612413544,12,8,8.jpg
Tomato___healthy/9.jpg,Tomato___healthy,Tomato_healthy,0.587,Tomato_healthy,True,2.233445549539604,0.4878949441693052,0.4043885782548017,0.3517842842029517,uncertainty_score,22.510523249725946,0.4484335334915976,0.5,0.2409807721276951,2.7583382251747377,6,9,9.jpg
Tomato___healthy/10.jpg,Tomato___healthy,Tomato_Tomato_mosaic_virus,0.4972,Tomato_healthy,False,2.04566767030939,0.6137316767489484,0.2277165906378051,0.4243625264163218,uncertainty_score,16.668182242257377,0.2540333210056447,0.5,0.163215038809597,2.252889200225685,0,10,10.jpg
Tomato___healthy/11.jpg,Tomato___healthy,Tomato_healthy,0.6597,Tomato_healthy,True,1.9813641882694712,0.406954346982265,0.357460517548795,0.4645722444556919,outlier_score,17.90103181170103,0.1874620580677923,0.7,0.1796251474828373,2.3443618373598403,3,11,11.jpg
Tomato___healthy/12.jpg,Tomato___healthy,Tomato_healthy,0.8396,Tomato_healthy,True,1.8136689504573007,0.1881208413682346,0.5014151476620727,0.6520080381822568,outlier_score,24.493184669483327,0.0138527383906803,0.7,0.2673714122892046,2.128762595215168,0,12,12.jpg
Tomato___healthy/13.jpg,Tomato___healthy,Tomato_healthy,0.7714,Tomato_healthy,True,1.8119342447192504,0.2727349374096062,0.2393818381398337,0.3335310966900527,outlier_score,19.909366233036863,0.0120568550552201,0.7,0.2063575136394013,2.033649980569542,0,13,13.jpg
Tomato___healthy/14.jpg,Tomato___healthy,Tomato_healthy,0.6254,Tomato_healthy,True,1.891806507675272,0.4502113957677397,0.2617738646253185,0.3762559997625036,uncertainty_score,23.82635316287404,0.0947459606838352,0.5,0.2584954084673133,2.0772350340686403,0,14,14.jpg
Tomato___healthy/15.jpg,Tomato___healthy,Tomato_healthy,0.4935,Tomato_healthy,True,2.1222473391671617,0.6178367825310699,0.1143699078029659,0.3461109432314087,uncertainty_score,12.478190338904476,0.3333137131321488,0.5,0.1074432527148455,2.327792305336566,3,15,15.jpg
Tomato___healthy/16.jpg,Tomato___healthy,Tomato_Tomato_mosaic_virus,0.4171,Tomato_healthy,False,2.2432150758916825,0.7045202420397858,0.2303398240547801,0.3470711016986487,uncertainty_score,24.85736173253505,0.4585476002097691,0.5,0.2722188692126613,2.8254235042385303,6,16,16.jpg
Tomato___healthy/17.jpg,Tomato___healthy,Tomato_healthy,0.6859,Tomato_healthy,True,1.8057056952916364,0.3771888386345023,0.1121067120769533,0.2927856007701495,uncertainty_score,11.019252987350372,0.0056086443438671,0.5,0.0880237541159563,1.643252919861669,0,17,17.jpg
Tomato___healthy/18.jpg,Tomato___healthy,Tomato_healthy,0.3812,Tomato_healthy,True,2.334914931619034,0.7543501892058071,0.2044918079761628,0.3742945922584745,uncertainty_score,32.57090591657162,0.5534814204840584,0.5,0.3748916538355266,3.169300321721406,12,18,18.jpg
Tomato___healthy/19.jpg,Tomato___healthy,Tomato_healthy,0.3915,Tomato_healthy,True,2.425836073693089,0.7379326478903984,0.3270500739280008,0.6256654510531829,uncertainty_score,47.07298581849553,0.6476090643317786,0.5,0.5679246994535561,3.647105177843891,12,19,19.jpg
Tomato___healthy/20.jpg,Tomato___healthy,Tomato_Late_blight,0.3662,Tomato_healthy,False,2.4244111145037657,0.7703198672119649,0.4810116026637684,0.6914900793617558,uncertainty_score,14.546988485587155,0.6461338513283947,0.5,0.1349804342587228,2.9947383540448738,6,20,20.jpg
Tomato___healthy/21.jpg,Tomato___healthy,Tomato_healthy,0.7258,Tomato_healthy,True,1.892094037871082,0.3237946798331533,0.3294455560818389,0.3939505636765868,outlier_score,20.939442206147596,0.0950436311623322,0.7,0.2200685608582999,2.2201901036121146,0,21,21.jpg
Tomato___healthy/22.jpg,Tomato___healthy,Tomato_healthy,0.7239,Tomato_healthy,True,1.997178892455552,0.3319476245990678,0.4953947249916,0.5082570190627127,outlier_score,22.659696275754964,0.203834496966239,0.7,0.2429663716922526,2.472118551470857,3,22,22.jpg
Tomato___healthy/23.jpg,Tomato___healthy,Tomato_healthy,0.4731,Tomato_healthy,True,2.1816521421100017,0.6361234382512804,0.30074446581047,0.279079754427007,uncertainty_score,32.97812562171843,0.3948135360192533,0.5,0.3803120390803863,2.860095130659086,6,23,23.jpg
Tomato___healthy/24.jpg,Tomato___healthy,Tomato_healthy,0.481,Tomato_healthy,True,2.089811721161226,0.6319375678103548,0.357951030670263,0.4501475480646935,uncertainty_score,16.53239865385996,0.2997341932317423,0.5,0.1614076622270269,2.341579879804025,3,24,24.jpg
Tomato___healthy/25.jpg,Tomato___healthy,Tomato_healthy,0.5177,Tomato_healthy,True,1.8838197824785696,0.5860770595338985,0.3243926430966847,0.4437087797286317,uncertainty_score,24.04215339040819,0.0864775688920505,0.5,0.2613678636908191,2.06500693332033,0,25,25.jpg
Tomato___healthy/26.jpg,Tomato___healthy,Tomato_healthy,0.6726,Tomato_healthy,True,1.800288112014437,0.389699897592186,0.3234870740381572,0.5329714992268668,outlier_score,22.90521648973005,0.0,0.7,0.2462344211710114,2.069351631756517,0,26,26.jpg
Tomato___healthy/27.jpg,Tomato___healthy,Tomato_healthy,0.6421,Tomato_healthy,True,1.93555712538846,0.4277000020763832,0.252835712148257,0.4440318844817528,outlier_score,33.65726168455377,0.1400395246259876,0.7,0.3893518253375804,2.5641067872583454,3,27,27.jpg
Tomato___healthy/28.jpg,Tomato___healthy,Tomato_Tomato_mosaic_virus,0.4299,Tomato_healthy,False,2.228998646381135,0.7008777780955162,0.228394291850879,0.3681288463699354,uncertainty_score,44.439073108892494,0.4438298020912072,0.5,0.5328654392877601,3.1869577631140547,12,28,28.jpg
Tomato___healthy/29.jpg,Tomato___healthy,Tomato_healthy,0.7186,Tomato_healthy,True,1.874828150411328,0.3377578031185207,0.1517296125165644,0.2298232646539504,uncertainty_score,22.085940146118684,0.0771688303354483,0.5,0.2353292676427148,2.007331562134969,0,29,29.jpg
Tomato___healthy/30.jpg,Tomato___healthy,Tomato_healthy,0.3012,Tomato_healthy,True,2.411083154462875,0.8471420579411426,0.3015416625343504,0.1843855271872287,uncertainty_score,29.502078893905196,0.6323358561940641,0.5,0.3340433734049642,3.2657367724955746,12,30,30.jpg
Tomato___healthy/31.jpg,Tomato___healthy,Tomato_healthy,0.7302,Tomato_healthy,True,1.846618764417832,0.3202722175411233,0.393329803223264,0.5556156868404851,outlier_score,28.940117255809124,0.0479645883144238,0.7,0.3265632624653058,2.2857740703268066,0,31,31.jpg
Tomato___healthy/32.jpg,Tomato___healthy,Tomato_healthy,0.5428,Tomato_healthy,True,2.218886308898556,0.554376967899632,0.2771168593991504,0.3054784252232261,uncertainty_score,35.08637152843945,0.4333608343757238,0.5,0.408374298496852,2.9792831164967257,6,32,32.jpg
Tomato___healthy/33.jpg,Tomato___healthy,Tomato_healthy,0.7643,Tomato_healthy,True,1.908984871357372,0.2756318984786022,0.3179906234807753,0.3532207191143523,outlier_score,28.35929904104728,0.112530151045614,0.7,0.3188321570166983,2.4033085376162755,3,33,33.jpg
Tomato___healthy/34.jpg,Tomato___healthy,Tomato_Tomato_mosaic_virus,0.3344,Tomato_healthy,False,2.4499667498800983,0.8147781148021226,0.272688828457027,0.3666418842182767,uncertainty_score,24.719628898548617,0.6725907533220628,0.5,0.2703855467785133,3.250759826811896,12,34,34.jpg
Tomato___healthy/35.jpg,Tomato___healthy,Tomato_healthy,0.4441,Tomato_healthy,True,2.257514678340863,0.6741720902019317,0.2552243119676481,0.474031052852974,uncertainty_score,19.576586024311904,0.4733515045140524,0.5,0.2019279712809248,2.749594965949492,6,35,35.jpg
Tomato___healthy/36.jpg,Tomato___healthy,Tomato_healthy,0.4592,Tomato_healthy,True,2.1904166720338347,0.6534913867410145,0.1235432912540078,0.2234176082081346,uncertainty_score,27.60586419316877,0.4038871632564837,0.5,0.3088034008421133,2.7709794277761377,6,36,36.jpg
Tomato___healthy/37.jpg,Tomato___healthy,Tomato_healthy,0.7235,Tomato_healthy,True,1.9981593736309609,0.3318197903266697,0.4070842111455329,0.5216201193743615,outlier_score,19.162787656337592,0.2048495566187355,0.7,0.1964200193332008,2.4043291422372723,3,37,37.jpg
Tomato___healthy/38.jpg,Tomato___healthy,Tomato_healthy,0.4416,Tomato_healthy,True,2.150051586961845,0.6762285963493931,0.2812351416242957,0.4065324613281962,uncertainty_score,22.97833377786213,0.362098529008527,0.5,0.2472076645203046,2.595008554797511,3,38,38.jpg
Tomato___healthy/39.jpg,Tomato___healthy,Tomato_healthy,0.7655,Tomato_healthy,True,1.8962259519435465,0.2728148892493371,0.4339836818463902,0.5296565857921474,outlier_score,17.190716093133577,0.0993212648056221,0.7,0.1701703377291519,2.153898036204972,0,39,39.jpg
Tomato___healthy/40.jpg,Tomato___healthy,Tomato_Late_blight,0.4316,Tomato_healthy,False,2.2548673802197605,0.6936481219039445,0.3206461125321211,0.4976826050162506,uncertainty_score,16.485258182231313,0.4706108445419315,0.5,0.1607801888665235,2.682391972383648,3,40,40.jpg
Tomato___healthy/41.jpg,Tomato___healthy,Tomato_healthy,0.4628,Tomato_healthy,True,2.107278741128134,0.6535761416025408,0.3284690716091495,0.3031377977290413,uncertainty_score,13.5358068546037,0.3178172198746214,0.5,0.1215208842340503,2.3179157661003185,3,41,41.jpg
Tomato___healthy/42.jpg,Tomato___healthy,Tomato_Leaf_Mold,0.2932,Tomato_healthy,False,2.545749250192663,0.8606504459014597,0.3191231641592656,0.4637553566534432,uncertainty_score,42.33148641391632,0.7717512001730482,0.5,0.5048119544506428,3.8007203320220606,12,42,42.jpg
Tomato___healthy/43.jpg,Tomato___healthy,Tomato_Leaf_Mold,0.3183,Tomato_healthy,False,2.407127142010868,0.8258757552844139,0.0819823687833857,0.4176884688913162,uncertainty_score,36.42747084945129,0.6282403276663167,0.5,0.4262252887108035,3.3958185883988383,12,43,43.jpg
Tomato___healthy/44.jpg,Tomato___healthy,Tomato_Leaf_Mold,0.3818,Tomato_healthy,False,2.3095248309796697,0.7525690809388238,0.2987117500989245,0.5906678971208525,uncertainty_score,15.56583365035529,0.5271958911151766,0.5,0.1485419913938689,2.777204769321157,6,44,44.jpg
Tomato___healthy/45.jpg,Tomato___healthy,Tomato_healthy,0.6456,Tomato_healthy,True,1.9970240249531417,0.4233197939843556,0.2592870209229226,0.3898280132266498,uncertainty_score,23.0494114833288,0.2036741677757126,0.5,0.248153759566985,2.279578974901903,0,45,45.jpg
Tomato___healthy/46.jpg,Tomato___healthy,Tomato_healthy,0.6681,Tomato_healthy,True,2.0228726772247088,0.3985022847974681,0.3387677235949163,0.3611821818044685,uncertainty_score,25.988371873999014,0.2304344204458771,0.5,0.2872734223325006,2.391778974390505,3,46,46.jpg
Tomato___healthy/47.jpg,Tomato___healthy,Tomato_Leaf_Mold,0.2399,Tomato_healthy,False,2.559651078953306,0.9231799521574694,0.2960811717738283,0.6016341207548264,uncertainty_score,23.857332622982813,0.7861433025659986,0.5,0.2589077672170127,3.460648255957516,12,47,47.jpg
Tomato___healthy/48.jpg,Tomato___healthy,Tomato_healthy,0.6344,Tomato_healthy,True,2.2293075672652565,0.4395620619505573,0.4732305453625013,0.5150852358726206,outlier_score,27.612360364813178,0.4441496176400926,0.7,0.3088898695283885,3.051634039572768,6,48,48.jpg
Tomato___healthy/49.jpg,Tomato___healthy,Tomato_healthy,0.7575,Tomato_healthy,True,1.8034105352248249,0.2805645279697324,0.365469346597492,0.5283557623181614,outlier_score,28.857026929907697,0.0032325412240187,0.7,0.3254572708573007,2.1946509887339887,0,49,49.jpg
Tomato___healthy/50.jpg,Tomato___healthy,Tomato_healthy,0.5621,Tomato_healthy,True,1.976287271736312,0.5256599961561047,0.3289077047835396,0.4834070793018446,uncertainty_score,25.826953233772095,0.1822060947090326,0.5,0.2851248248931506,2.292099426757791,0,50,50.jpg
Tomato___healthy/51.jpg,Tomato___healthy,Tomato_healthy,0.6306,Tomato_healthy,True,2.0502067819798,0.4471732997506049,0.2965952205783496,0.4112981290552295,uncertainty_score,34.039485056533145,0.2587325128212226,0.5,0.3944394915274339,2.609124262933596,3,51,51.jpg
Tomato___healthy/52.jpg,Tomato___healthy,Tomato_healthy,0.6778,Tomato_healthy,True,1.950920463776874,0.3787699934095152,0.4531400437278038,0.4955181181050758,outlier_score,46.57431482753421,0.1559446794793965,0.7,0.5612870322501189,2.853819907333971,6,52,52.jpg
Tomato___healthy/53.jpg,Tomato___healthy,Tomato_healthy,0.4761,Tomato_healthy,True,2.1303830516606617,0.6416795738640836,0.1698424283575853,0.3418138552286422,uncertainty_score,15.187408624747343,0.3417363465325506,0.5,0.1435048839082392,2.39873001892746,3,53,53.jpg
Tomato___healthy/54.jpg,Tomato___healthy,Tomato_healthy,0.7351,Tomato_healthy,True,1.892505684990386,0.310791791443631,0.2237287710099836,0.2904890341218104,uncertainty_score,27.000813838836397,0.0954697957765562,0.5,0.300749748301311,2.142064214005079,0,54,54.jpg
Tomato___healthy/55.jpg,Tomato___healthy,Tomato_healthy,0.4082,Tomato_healthy,True,2.242252981744741,0.7209606900745259,0.1362806541676829,0.0555170852610749,uncertainty_score,18.67952119354681,0.4575515760382128,0.5,0.1899873974066604,2.700084248186416,3,55,55.jpg
Tomato___healthy/56.jpg,Tomato___healthy,Tomato_Leaf_Mold,0.3858,Tomato_healthy,False,2.267797993192538,0.7429834317176929,0.2484914709217575,0.3336886198924966,uncertainty_score,17.560541543329123,0.4839974794309098,0.5,0.1750929787214163,2.7306344269439444,6,56,56.jpg
Tomato___healthy/57.jpg,Tomato___healthy,Tomato_Leaf_Mold,0.2857,Tomato_healthy,False,2.380601049299597,0.8644303501617178,0.1949865595682662,0.4744059382656463,uncertainty_score,13.039819922234244,0.600778743369845,0.5,0.1149189437683025,2.873935902392144,6,57,57.jpg
Tomato___healthy/58.jpg,Tomato___healthy,Tomato_healthy,0.2532,Tomato_healthy,True,2.4537186690878983,0.9134973557887164,0.1928925970388083,0.4945141984601768,uncertainty_score,14.754367406956128,0.6764749908809088,0.5,0.137740795879922,3.0595611755817003,6,58,58.jpg
Tomato___healthy/59.jpg,Tomato___healthy,Tomato_healthy,0.691,Tomato_healthy,True,2.0304505372661987,0.3726954270133916,0.3875292007129411,0.4883148557776024,outlier_score,22.65015374018657,0.2382795276986244,0.7,0.2428393537254408,2.5408180859854097,3,59,59.jpg
Tomato___healthy/60.jpg,Tomato___healthy,Tomato_healthy,0.6112,Tomato_healthy,True,1.9567492253749377,0.4639724965671326,0.1585121332253871,0.2361873362636479,uncertainty_score,27.874506421672496,0.1619790031060062,0.5,0.3123792208555452,2.2925268374953305,0,60,60.jpg
Tomato___healthy/61.jpg,Tomato___healthy,Tomato_healthy,0.6699,Tomato_healthy,True,1.953214400987637,0.3948606336722715,0.2312192401160215,0.2097906178447873,uncertainty_score,36.44923546312624,0.1583195166169225,0.5,0.4265149912702148,2.456411520139167,3,61,61.jpg
Tomato___healthy/62.jpg,Tomato___healthy,Tomato_healthy,0.4788,Tomato_healthy,True,2.3378181130008766,0.6387993864250496,0.3596959267945802,0.5502299783260822,uncertainty_score,27.408850175510505,0.5564869879120703,0.5,0.3061810034953041,3.072245481067097,6,62,62.jpg
Tomato___healthy/63.jpg,Tomato___healthy,Tomato_healthy,0.4741,Tomato_healthy,True,2.179474195446252,0.6346914727224939,0.3977987332331716,0.5432177453335132,uncertainty_score,23.194672879802877,0.3925587800493185,0.5,0.2500872925472024,2.660248498919441,3,63,63.jpg
Tomato___healthy/64.jpg,Tomato___healthy,Tomato_healthy,0.8329,Tomato_healthy,True,1.87068820068892,0.1933096566526618,0.2346171664989285,0.297550910829813,outlier_score,62.50580238897872,0.0728828776501984,0.7,0.7733465151663178,3.005785528049873,6,64,64.jpg
Tomato___healthy/65.jpg,Tomato___healthy,Tomato_healthy,0.4842,Tomato_healthy,True,2.136160665516929,0.6263276383534444,0.2668058694337051,0.3293028580490241,uncertainty_score,31.96192851724329,0.3477177185979107,0.5,0.3667857295198496,2.745614031475596,6,65,65.jpg
Tomato___healthy/66.jpg,Tomato___healthy,Tomato_Spider_mites Two-spotted_spider_mite,0.3421,Tomato_healthy,False,2.419262488356614,0.8044582682800978,0.3116522867084266,0.5144765473714488,uncertainty_score,17.431264245296767,0.6408036493838414,0.5,0.1733722055125234,3.041665607036468,6,66,66.jpg
Tomato___healthy/67.jpg,Tomato___healthy,Tomato_Target_Spot,0.3422,Tomato_healthy,False,2.358577940497031,0.8039778922079248,0.442913790883833,0.5553304434355582,uncertainty_score,57.12579262964208,0.5779789490150944,0.5,0.7017347411088809,3.7085600096935103,12,67,67.jpg
Tomato___healthy/68.jpg,Tomato___healthy,Tomato_healthy,0.6718,Tomato_healthy,True,2.0147339938291733,0.4006292106337129,0.6188415461104315,0.7308314647769523,outlier_score,25.065017213803213,0.2220087113690998,0.7,0.2749829120437281,2.556491790803792,3,68,68.jpg
Tomato___healthy/69.jpg,Tomato___healthy,Tomato_Target_Spot,0.6933,Tomato_healthy,False,1.9302370265977595,0.3658708502907712,0.3273357424852707,0.669395820261496,outlier_score,24.89393592898957,0.1345318027388398,0.7,0.2727056979007112,2.3781221523287464,3,69,69.jpg
Tomato___healthy/70.jpg,Tomato___healthy,Tomato_healthy,0.537,Tomato_healthy,True,2.0006065645423363,0.5636662337296714,0.2440242505313257,0.4215410278605676,uncertainty_score,22.33583108551809,0.2073830522312929,0.5,0.2386554945998714,2.272749346362393,0,70,70.jpg
Tomato___healthy/71.jpg,Tomato___healthy,Tomato_Tomato_yellow_Leaf_Curl_Virus,0.2637,Tomato_healthy,False,2.503804839375144,0.9014785696187296,0.1694350039292467,0.3732013508221599,uncertainty_score,28.564089676339147,0.728327542344178,0.5,0.3215580667008117,3.4389921847395737,12,71,71.jpg
Tomato___healthy/72.jpg,Tomato___healthy,Tomato_healthy,0.5955,Tomato_healthy,True,2.07225066335718,0.489252795377158,0.2502249866328367,0.3251764171152514,uncertainty_score,24.65698316058219,0.2815538123339514,0.5,0.2695516872441272,2.4674351555340936,3,72,72.jpg
Tomato___healthy/73.jpg,Tomato___healthy,Tomato_healthy,0.5054,Tomato_healthy,True,2.009353491760174,0.5981238510155842,0.1643836385717586,0.1807814996685357,uncertainty_score,23.792337886571254,0.2164384559706338,0.5,0.2580426408348998,2.3199408731936173,3,73,73.jpg
Tomato___healthy/74.jpg,Tomato___healthy,Tomato_healthy,0.3244,Tomato_healthy,True,2.412441134038616,0.8168075023496013,0.2904585987525295,0.3082940674275322,uncertainty_score,27.764316392281778,0.6337417274242529,0.5,0.3109125128306357,3.23385222409446,12,74,74.jpg
Tomato___healthy/75.jpg,Tomato___healthy,Tomato_healthy,0.4501,Tomato_healthy,True,2.0845196379082163,0.6675085994410613,0.2824528082686671,0.3480329109936694,uncertainty_score,27.2744825072118,0.2942554749018949,0.5,0.3043924738209606,2.5450996605352305,3,75,75.jpg
Tomato___healthy/76.jpg,Tomato___healthy,Tomato_Leaf_Mold,0.2722,Tomato_healthy,False,2.545276676659949,0.8899977218898162,0.3877791236839325,0.5429093956245257,uncertainty_score,30.51752380688043,0.7712619604630704,0.5,0.3475596707591762,3.563863427064905,12,76,76.jpg
Tomato___healthy/77.jpg,Tomato___healthy,Tomato_healthy,0.5266,Tomato_healthy,True,2.0217261555120207,0.5750104539616692,0.1874096993390495,0.2956002017199816,uncertainty_score,19.06046275777586,0.2292474645303027,0.5,0.1950580018194711,2.251081931789812,0,77,77.jpg
Tomato___healthy/78.jpg,Tomato___healthy,Tomato_Septoria_leaf_spot,0.3475,Tomato_healthy,False,2.470740621521085,0.7902926052602547,0.3368313024284129,0.5357461083003594,uncertainty_score,26.459318259136364,0.6940972538625904,0.5,0.2935420552224493,3.3285075905588544,12,78,78.jpg
Tomato___healthy/79.jpg,Tomato___healthy,Tomato_healthy,0.4859,Tomato_healthy,True,2.160526825617677,0.6211703752275801,0.2372234801530931,0.3661466606196737,uncertainty_score,17.81034063284276,0.3729431962764868,0.5,0.1784179830909641,2.51351336718942,3,79,79.jpg
Tomato___healthy/80.jpg,Tomato___healthy,Tomato_healthy,0.542,Tomato_healthy,True,2.1101333299801386,0.5514722481031205,0.2219855757467272,0.218495659110411,uncertainty_score,40.39904772246375,0.3207724810676046,0.5,0.4790898146883509,2.860179684167736,6,80,80.jpg
Tomato___healthy/81.jpg,Tomato___healthy,Tomato_healthy,0.9277,Tomato_healthy,True,1.808439227373037,0.0744380446026338,0.4902034758963461,0.5633765922063618,outlier_score,36.51355750648222,0.0084385794759492,0.7,0.4273711636271009,2.35793390439255,3,81,81.jpg
Tomato___healthy/82.jpg,Tomato___healthy,Tomato_healthy,0.4042,Tomato_healthy,True,2.196489877500883,0.7245229805011355,0.1645963072863308,0.2988577263227986,uncertainty_score,27.71785057526401,0.4101745515159795,0.5,0.3102940196050618,2.785790132439552,6,82,82.jpg
Tomato___healthy/83.jpg,Tomato___healthy,Tomato_healthy,0.6928,Tomato_healthy,True,1.8927085196929416,0.3645840099128459,0.3970022631718481,0.4516300102220625,outlier_score,22.825043962219414,0.0956797838190134,0.7,0.2451672675444327,2.259110468954676,0,83,83.jpg
Tomato___healthy/84.jpg,Tomato___healthy,Tomato_Leaf_Mold,0.5217,Tomato_healthy,False,2.22960902373718,0.5787975997009417,0.2231638390323354,0.3562958513400278,uncertainty_score,25.25573516378341,0.4444617055305165,0.5,0.2775215042310336,2.805205667407584,6,84,84.jpg
Tomato___healthy/85.jpg,Tomato___healthy,Tomato_healthy,0.5085,Tomato_healthy,True,2.192101141526063,0.5951303122621812,0.2137517590165726,0.3574064592366968,uncertainty_score,25.04393186471196,0.4056310386722552,0.5,0.2747022509812784,2.7233154538164284,6,85,85.jpg
Tomato___healthy/86.jpg,Tomato___healthy,Tomato_healthy,0.5377,Tomato_healthy,True,2.0258557443321115,0.5551758951557979,0.1818273631024984,0.3355346289193319,uncertainty_score,30.747933678645467,0.2335226909169051,0.5,0.3506265907863762,2.4929852680133746,3,86,86.jpg
Tomato___healthy/87.jpg,Tomato___healthy,Tomato_healthy,0.7088,Tomato_healthy,True,1.9781562576075464,0.3486149230478321,0.4055840375387767,0.6337637699978178,outlier_score,30.43899962298165,0.1841409938142449,0.7,0.3465144577638568,2.588053674274275,3,87,87.jpg
Tomato___healthy/88.jpg,Tomato___healthy,Tomato_healthy,0.4217,Tomato_healthy,True,2.389373730633152,0.7016410890977539,0.3079930682019476,0.4002371217555405,uncertainty_score,25.58856207145033,0.6098608094912964,0.5,0.2819516681857952,3.142649121261286,12,88,88.jpg
Tomato___healthy/89.jpg,Tomato___healthy,Tomato_healthy,0.4262,Tomato_healthy,True,2.190847159325517,0.6987433152096848,0.1608263243279599,0.4025251061157807,uncertainty_score,24.116101963401988,0.4043328324765143,0.5,0.2623521720355971,2.7021939230064245,6,89,89.jpg
Tomato___healthy/90.jpg,Tomato___healthy,Tomato_healthy,0.4379,Tomato_healthy,True,2.2009576057089246,0.6821350569826812,0.5832451036344558,0.6752182796416466,uncertainty_score,17.424026599154768,0.4147998423997259,0.5,0.1732758672708819,2.589513485705775,3,90,90.jpg
Tomato___healthy/91.jpg,Tomato___healthy,Tomato_healthy,0.4902,Tomato_healthy,True,2.011371730549394,0.6170620920618095,0.1690854471401764,0.3721531971131713,uncertainty_score,13.616921293446598,0.2185278716732723,0.5,0.1226005753734823,2.120956606406768,0,91,91.jpg
Tomato___healthy/92.jpg,Tomato___healthy,Tomato_healthy,0.6987,Tomato_healthy,True,1.902174947141193,0.3654888253264373,0.2870235783389466,0.3384937727200107,uncertainty_score,21.431141501828947,0.1054800622914674,0.5,0.2266134298160982,2.0508802693070822,0,92,92.jpg
Tomato___healthy/93.jpg,Tomato___healthy,Tomato_healthy,0.312,Tomato_healthy,True,2.3852478709135214,0.8427178098338842,0.2407352506090964,0.2436254319003478,uncertainty_score,26.0719215143714,0.6055894437187598,0.5,0.2883855277443066,3.143757179053979,12,93,93.jpg
Tomato___healthy/94.jpg,Tomato___healthy,Tomato_Leaf_Mold,0.2565,Tomato_healthy,False,2.396465768136788,0.9105327829513712,0.1298682597329299,0.2601111722440194,uncertainty_score,12.125249708176138,0.6172029607783226,0.5,0.1027453607343441,2.8885239626581614,6,94,94.jpg
Tomato___healthy/95.jpg,Tomato___healthy,Tomato_healthy,0.6231,Tomato_healthy,True,1.8940976086062205,0.4522611037920448,0.2095344469918666,0.3612206754258331,uncertainty_score,42.10363324099218,0.0971178615149076,0.5,0.5017790659118446,2.4469043218975823,3,95,95.jpg
Tomato___healthy/96.jpg,Tomato___healthy,Tomato_healthy,0.363,Tomato_healthy,True,2.20963032266504,0.7692408868388114,0.2819741825005022,0.4628694532191692,uncertainty_score,23.29199302821529,0.4237784187155886,0.5,0.2513826932604171,2.724630877321803,6,96,96.jpg
Tomato___healthy/97.jpg,Tomato___healthy,Tomato_Spider_mites Two-spotted_spider_mite,0.3081,Tomato_healthy,False,2.337135979120616,0.8466471250182978,0.1966314722478206,0.3065610006713322,uncertainty_score,29.567738763832605,0.5557807973223686,0.5,0.3349173531894288,3.11393762442888,12,97,97.jpg
Tomato___healthy/98.jpg,Tomato___healthy,Tomato_healthy,0.4499,Tomato_healthy,True,2.153750545248207,0.6694500547433646,0.2143555866828247,0.3821286020452125,uncertainty_score,20.759433635727905,0.3659279378813576,0.5,0.2176725181650825,2.558364653010339,3,98,98.jpg
Tomato___healthy/99.jpg,Tomato___healthy,Tomato_healthy,0.5408,Tomato_healthy,True,2.056541688983798,0.5620900297617398,0.2744607283192575,0.3181305917320686,uncertainty_score,14.555717887972746,0.2652908320050607,0.5,0.1350966288418661,2.2332266072729205,0,99,99.jpg
Tomato___healthy/100.jpg,Tomato___healthy,Tomato_healthy,0.7348,Tomato_healthy,True,1.849519243218697,0.3117135282724705,0.1794682400726592,0.3423048608920477,outlier_score,18.3128663666704,0.0509673578499552,0.7,0.1851069596762687,2.0795951552143137,0,100,100.jpg
Tomato___healthy/101.jpg,Tomato___healthy,Tomato_healthy,0.4804,Tomato_healthy,True,2.121844921181431,0.6276418190092815,0.1291347946923816,0.1989176706192936,uncertainty_score,26.33527115913386,0.3328971031339162,0.5,0.2918908996864499,2.6036305557975075,3,101,101.jpg
Tomato___healthy/102.jpg,Tomato___healthy,Tomato_healthy,0.4894,Tomato_healthy,True,2.2367086127162112,0.6196420536923156,0.283699020202676,0.4883209162452127,uncertainty_score,27.81297960866054,0.4518116746096459,0.5,0.3115602550118049,2.870963731736999,6,102,102.jpg
Tomato___healthy/103.jpg,Tomato___healthy,Tomato_healthy,0.423,Tomato_healthy,True,2.2376418828214257,0.7005127484390734,0.2281294818704067,0.3295300473516766,uncertainty_score,35.04884697770327,0.4527778582064798,0.5,0.4078748199142597,3.017367946284349,6,103,103.jpg
Tomato___healthy/104.jpg,Tomato___healthy,Tomato_healthy,0.6648,Tomato_healthy,True,1.8282117300684104,0.4040018925383726,0.2541645723367907,0.3472067046105677,uncertainty_score,19.57411834186384,0.0289083959480334,0.5,0.2018951246643161,1.860659478892541,0,104,104.jpg
Tomato___healthy/105.jpg,Tomato___healthy,Tomato_Tomato_mosaic_virus,0.5069,Tomato_healthy,False,2.183294545957636,0.5989948974913226,0.2314441959552994,0.5606339818373831,uncertainty_score,21.62269562140511,0.3965138622678868,0.5,0.2291631520181915,2.636772452563061,3,105,105.jpg
Tomato___healthy/106.jpg,Tomato___healthy,Tomato_Leaf_Mold,0.3627,Tomato_healthy,False,2.2639792940778625,0.7840044891258479,0.2627402653328512,0.2650663451065887,uncertainty_score,14.314850261777403,0.480044106848601,0.5,0.1318905086308539,2.657923976643483,3,106,106.jpg
Tomato___healthy/107.jpg,Tomato___healthy,Tomato_Leaf_Mold,0.591,Tomato_healthy,False,2.256867223131331,0.5032334312189176,0.3015880785628546,0.7437448495819872,outlier_score,28.71329739584085,0.472681215602365,0.7,0.3235441280602801,3.1306786232951502,12,107,107.jpg
Tomato___healthy/108.jpg,Tomato___healthy,Tomato_healthy,0.6928,Tomato_healthy,True,1.8663146419782712,0.3674587292962974,0.1251802736159668,0.1936576128484985,uncertainty_score,21.329807767013804,0.06835507732486,0.5,0.2252646054000486,1.9746070627497927,0,108,108.jpg
Tomato___healthy/109.jpg,Tomato___healthy,Tomato_Spider_mites Two-spotted_spider_mite,0.3582,Tomato_healthy,False,2.327251615782215,0.7836625139740225,0.2988803070370235,0.5222363010675972,uncertainty_score,30.980107940196675,0.545547843679742,0.5,0.3537169961023337,3.1216711815129847,12,109,109.jpg
Tomato___healthy/110.jpg,Tomato___healthy,Tomato_healthy,0.4475,Tomato_healthy,True,2.285384036161279,0.6710057904491838,0.3519015579279909,0.5474386184844937,uncertainty_score,26.21193060728312,0.5022037266413122,0.5,0.2902491488111979,2.9397811764994213,6,110,110.jpg
Tomato___healthy/111.jpg,Tomato___healthy,Tomato_healthy,0.4231,Tomato_healthy,True,2.302109205349178,0.7054386536996902,0.3398329584034565,0.3931153497045925,uncertainty_score,34.713130107400616,0.5195187397691626,0.5,0.403406188491861,3.144146762276117,12,111,111.jpg
Tomato___healthy/112.jpg,Tomato___healthy,Tomato_healthy,0.4914,Tomato_healthy,True,2.0377461914967805,0.6174473683024355,0.1557273342987325,0.2720844006878097,uncertainty_score,9.595590578727991,0.2458324766320306,0.5,0.0690737902123773,2.095275638582627,0,112,112.jpg
Tomato___healthy/113.jpg,Tomato___healthy,Tomato_healthy,0.6115,Tomato_healthy,True,1.9264026839345207,0.4737566953200168,0.1006019257850314,0.2848254830324073,uncertainty_score,11.594430585221902,0.130562234909374,0.5,0.0956797789233823,1.9046441382038213,0,113,113.jpg
Tomato___healthy/114.jpg,Tomato___healthy,Tomato_healthy,0.6681,Tomato_healthy,True,1.9099816333233657,0.3910945473362552,0.1692542241669317,0.1902719117214131,uncertainty_score,15.402615686965117,0.1135620656608042,0.5,0.1463694436775516,1.946678296837936,0,114,114.jpg
Tomato___healthy/115.jpg,Tomato___healthy,Tomato_healthy,0.6412,Tomato_healthy,True,1.9090250458254137,0.4289436891507939,0.2200027782065863,0.198027339765911,uncertainty_score,19.541831097225483,0.1125717423403705,0.5,0.2014653583680809,2.027341522232862,0,115,115.jpg
Tomato___healthy/116.jpg,Tomato___healthy,Tomato_healthy,0.4907,Tomato_healthy,True,2.109927958386346,0.620800542549342,0.2822316397216093,0.2816288457327598,uncertainty_score,12.63794764306952,0.3205598666657619,0.5,0.109569736584143,2.3054743382077385,0,116,116.jpg
Tomato___healthy/117.jpg,Tomato___healthy,Tomato_healthy,0.4036,Tomato_healthy,True,2.1670432373708475,0.725906546348754,0.1591156517539546,0.3304828140070199,uncertainty_score,12.404659349515264,0.3796894213092515,0.5,0.1064645027062193,2.419075596677832,3,117,117.jpg
Tomato___healthy/118.jpg,Tomato___healthy,Tomato_healthy,0.5626,Tomato_healthy,True,2.306419097773239,0.533027609912166,0.322994157557826,0.4760979760054943,uncertainty_score,21.31259307017964,0.5239806284988882,0.5,0.2250354654848252,2.8855144552250143,6,118,118.jpg
Tomato___healthy/119.jpg,Tomato___healthy,Tomato_healthy,0.2747,Tomato_healthy,True,2.555420080111748,0.8783495073244975,0.2957674668838844,0.53776972432928,uncertainty_score,25.453964275922683,0.7817630897464777,0.5,0.2801600753536024,3.4837662925233586,12,119,119.jpg
Tomato___healthy/120.jpg,Tomato___healthy,Tomato_healthy,0.6683,Tomato_healthy,True,1.8663425296987,0.3899000727620856,0.5465289901878629,0.8545590150957743,outlier_score,33.8552707333285,0.0683839485571869,0.7,0.391987467259526,2.424749098003663,3,120,120.jpg
Tomato___healthy/121.jpg,Tomato___healthy,Tomato_healthy,0.7192,Tomato_healthy,True,1.872950045434956,0.3371951106420406,0.1819120755857591,0.2179014407129793,uncertainty_score,23.724138545970813,0.075224490523036,0.5,0.2571348588812576,2.0361512693679584,0,121,121.jpg
Tomato___healthy/122.jpg,Tomato___healthy,Tomato_Tomato_mosaic_virus,0.3989,Tomato_healthy,False,2.3481757935455443,0.7349473112203688,0.3027030681717048,0.2843853069591951,uncertainty_score,31.431950277295517,0.5672099511652469,0.5,0.3597313404625373,3.1740169130243,12,122,122.jpg
Tomato___healthy/123.jpg,Tomato___healthy,Tomato_Late_blight,0.3551,Tomato_healthy,False,2.4518562383736096,0.7764872427677022,0.4137441960385275,0.4837327007832728,uncertainty_score,34.72879298079166,0.6745468781123424,0.5,0.4036146725282371,3.45451576501704,12,123,123.jpg
Tomato___healthy/124.jpg,Tomato___healthy,Tomato_healthy,0.7745,Tomato_healthy,True,1.958023232137919,0.2634719773604764,0.4029585021347004,0.513249686020959,outlier_score,36.76181484359187,0.1632979400673107,0.7,0.4306756461705284,2.672609349390414,3,124,124.jpg
Tomato___healthy/125.jpg,Tomato___healthy,Tomato_Spider_mites Two-spotted_spider_mite,0.5874,Tomato_healthy,False,2.0019303565929105,0.5009735725179074,0.3262977669885768,0.5067618800018967,outlier_score,21.87794472360746,0.2087535302501832,0.7,0.2325606999508057,2.466348110426575,3,125,125.jpg
Tomato___healthy/126.jpg,Tomato___healthy,Tomato_Leaf_Mold,0.5595,Tomato_healthy,False,1.953551330495661,0.5233896446997879,0.3242258624867759,0.4986977352719827,uncertainty_score,14.130606367326497,0.1586683285654926,0.5,0.1294380907485289,2.011493793253779,0,126,126.jpg
Tomato___healthy/127.jpg,Tomato___healthy,Tomato_healthy,0.4303,Tomato_healthy,True,1.877406242815224,0.6863707310649918,0.2114334341070927,0.4054313657764454,uncertainty_score,18.916710377186288,0.0798378439230998,0.5,0.1931445549189085,1.9493925202245623,0,127,127.jpg
Tomato___healthy/128.jpg,Tomato___healthy,Tomato_healthy,0.4667,Tomato_healthy,True,2.1983067273388297,0.6456202685155198,0.2454501617942659,0.4014176188369382,uncertainty_score,15.92526150895813,0.4120554759145284,0.5,0.1533262330126776,2.554100301348073,3,128,128.jpg
Tomato___healthy/129.jpg,Tomato___healthy,Tomato_Late_blight,0.3515,Tomato_healthy,False,2.430638885931601,0.7876167309791285,0.3511448708754987,0.4335672366477858,uncertainty_score,25.982856320899703,0.652581256602372,0.5,0.2872000063797387,3.235962522774352,12,129,129.jpg
Tomato___healthy/130.jpg,Tomato___healthy,Tomato_Spider_mites Two-spotted_spider_mite,0.2551,Tomato_healthy,False,2.502708380736747,0.9131191732418188,0.306242378054766,0.4491068796240074,uncertainty_score,27.88574609910414,0.7271924150695477,0.5,0.3125288289932101,3.4231780736289106,12,130,130.jpg
Tomato___healthy/131.jpg,Tomato___healthy,Tomato_healthy,0.6339,Tomato_healthy,True,2.073568703047771,0.4439217278878298,0.5997517728189988,0.6554000637731203,outlier_score,28.974187007569167,0.282918335125274,0.7,0.3270167552049796,2.756361803058017,6,131,131.jpg
Tomato___healthy/132.jpg,Tomato___healthy,Tomato_healthy,0.4097,Tomato_healthy,True,2.027167858478,0.7205889361875697,0.1554209757728857,0.3377184452033592,uncertainty_score,9.32183554412319,0.234881079188262,0.5,0.0654299150965035,2.0679070310212797,0,132,132.jpg
Tomato___healthy/133.jpg,Tomato___healthy,Tomato_healthy,0.7077,Tomato_healthy,True,1.824692546278948,0.34552377211302,0.3332727312403952,0.4615437261934168,outlier_score,12.774851646258613,0.0252651016513188,0.7,0.1113920266881566,1.9176182433348723,0,133,133.jpg
Tomato___healthy/134.jpg,Tomato___healthy,Tomato_Tomato_mosaic_virus,0.6335,Tomato_healthy,False,1.8745054282195543,0.4443980398646375,0.2203619194130993,0.3230014830281586,uncertainty_score,14.720035039126188,0.0768347267503407,0.5,0.1372838075327117,1.859595164799749,0,134,134.jpg
Tomato___healthy/135.jpg,Tomato___healthy,Tomato_Tomato_mosaic_virus,0.5213,Tomato_healthy,False,1.8667971954576843,0.5810242806052428,0.1238725414670819,0.3288815169946688,uncertainty_score,8.753613435686942,0.0688546489427647,0.5,0.057866472823344,1.7245090071205456,0,135,135.jpg
Tomato___healthy/136.jpg,Tomato___healthy,Tomato_healthy,0.5026,Tomato_healthy,True,1.9349481165885385,0.5993762574218695,0.1107040883820675,0.2546564176338475,uncertainty_score,11.01080816055502,0.1394090380074577,0.5,0.0879113474372559,1.9106850971707996,0,136,136.jpg
Tomato___healthy/137.jpg,Tomato___healthy,Tomato_healthy,0.594,Tomato_healthy,True,1.9427533734842413,0.4914471851964661,0.3048429572277735,0.3570410672997026,uncertainty_score,32.67643887046848,0.1474895616839011,0.5,0.376296372858008,2.359423682654814,3,137,137.jpg
Tomato___healthy/138.jpg,Tomato___healthy,Tomato_healthy,0.2815,Tomato_healthy,True,2.4665026600019715,0.8774996680373014,0.2323475643638234,0.2621946892456223,uncertainty_score,19.56832843279804,0.6897098328138473,0.5,0.2018180568376056,3.1821467508841037,12,138,138.jpg
Tomato___healthy/139.jpg,Tomato___healthy,Tomato_Spider_mites Two-spotted_spider_mite,0.3963,Tomato_healthy,False,2.3536277257356133,0.7341371522824662,0.2091743001437626,0.5317871759427484,uncertainty_score,19.930294273820447,0.5728541557997504,0.5,0.2066360808158749,2.955662432823313,6,139,139.jpg
